Restaurant ID,Restaurant Name,Category,City,Area,Longitude,Latitude,Image,Min Price,Max Price
1,30 North,Cafe,Alexandria,Gleem,29.901193,31.186937,https://res.cloudinary.com/dmochfrtr/image/upload/v1781203176/SmartEgypt_Restaurants/uo9jpgklkmz8hktkpycc.jpg,60,1400
2,Indira,Asian Cuisine,Alexandria,Montaza,29.920624,31.206004,https://res.cloudinary.com/dmochfrtr/image/upload/v1781203177/SmartEgypt_Restaurants/ciuys6w5s55x3i8wudo1.jpg,115,3575
3,Paul,Bakery,Alexandria,Sidi Gaber,29.9064,31.189993,https://res.cloudinary.com/dmochfrtr/image/upload/v1781203178/SmartEgypt_Restaurants/v6lloyjtvvycdk8dajzn.jpg,39,1099
4,Tabla Luna,Latin American,Alexandria,Gleem,29.914564,31.181569,https://res.cloudinary.com/dmochfrtr/image/upload/v1781203179/SmartEgypt_Restaurants/piprzt7ag1mbggopv6un.jpg,12,485
5,Mori Sushi,Asian Cuisine,Alexandria,Stanley,29.906512,31.196692,https://res.cloudinary.com/dmochfrtr/image/upload/v1781203180/SmartEgypt_Restaurants/vdjeikohdqjfm65mg0x6.jpg,42,1725
6,Caracas,Lebanese,Alexandria,Smouha,29.899615,31.202856,https://res.cloudinary.com/dmochfrtr/image/upload/v1781203181/SmartEgypt_Restaurants/h2qrpx3tghlecwrkrblg.jpg,62,550
7,Cilantro,Cafe,Alexandria,Sidi Gaber,29.925982,31.194523,https://res.cloudinary.com/dmochfrtr/image/upload/v1781203181/SmartEgypt_Restaurants/ksbxiaseoxhjhcrnks50.jpg,59,165
8,Paul,Bakery,Alexandria,Smouha,29.938694,31.193896,https://res.cloudinary.com/dmochfrtr/image/upload/v1781203182/SmartEgypt_Restaurants/zetaepjhxmkzevwlyyzr.jpg,39,1099
9,Maison Thomas,Italian,Alexandria,Stanley,29.920036,31.19827,https://res.cloudinary.com/dmochfrtr/image/upload/v1781203183/SmartEgypt_Restaurants/sjyiangkasvqze9h2gnw.webp,47,740
10,Costa Coffee,Cafe,Alexandria,Sidi Gaber,29.902828,31.190619,https://res.cloudinary.com/dmochfrtr/image/upload/v1781203184/SmartEgypt_Restaurants/k1ub7mfoqqwzkkx6thaq.jpg,40,220
11,Abou Haidar,Sandwiches,Alexandria,Smouha,29.902477,31.181833,https://res.cloudinary.com/dmochfrtr/image/upload/v1781203184/SmartEgypt_Restaurants/ah0wjzqmjsgbpsngvijm.jpg,10,330
12,Tamara,Lebanese,Alexandria,Gleem,29.922988,31.201059,https://res.cloudinary.com/dmochfrtr/image/upload/v1781203185/SmartEgypt_Restaurants/fwbggddreuep4ehgerwn.jpg,30,1650
13,The Lemon Tree,Mediterranean,Alexandria,Smouha,29.902304,31.198907,https://res.cloudinary.com/dmochfrtr/image/upload/v1781203186/SmartEgypt_Restaurants/z88lvdbe4hg59pxyfnte.jpg,280,2780
14,Indira,Asian Cuisine,Alexandria,Sidi Gaber,29.900229,31.193295,https://res.cloudinary.com/dmochfrtr/image/upload/v1781203187/SmartEgypt_Restaurants/uewsnf982foscwnuepn1.jpg,115,3575
15,Cilantro,Cafe,Alexandria,Sidi Gaber,29.902939,31.191731,https://res.cloudinary.com/dmochfrtr/image/upload/v1781203187/SmartEgypt_Restaurants/yklxhefikoe7rk1rjete.jpg,59,165
16,Spectra,Casual Dining,Alexandria,Gleem,29.919394,31.219172,https://res.cloudinary.com/dmochfrtr/image/upload/v1781203188/SmartEgypt_Restaurants/nsmkpmvc8d8frtdrrsu6.jpg,80,1990
17,Fuddruckers,Burgers,Alexandria,Sidi Gaber,29.908669,31.205421,https://res.cloudinary.com/dmochfrtr/image/upload/v1781203189/SmartEgypt_Restaurants/mygfulirpab205esjqvu.jpg,30,1020
18,Chicken Fil-A,Fried Chicken,Alexandria,Montaza,29.938252,31.217141,https://res.cloudinary.com/dmochfrtr/image/upload/v1781203190/SmartEgypt_Restaurants/tilizuwkpsntfzj5czid.jpg,15,177
19,Makani,Grill,Alexandria,Sidi Gaber,29.918651,31.18915,https://res.cloudinary.com/dmochfrtr/image/upload/v1781203191/SmartEgypt_Restaurants/lmv0v5cswkzdmqzt82d1.png,15,320
20,Maison Thomas,Italian,Alexandria,Smouha,29.923704,31.197543,https://res.cloudinary.com/dmochfrtr/image/upload/v1781203192/SmartEgypt_Restaurants/ne5vgtn5iy80vmdxilrb.webp,47,740
21,Paul,Bakery,Alexandria,Gleem,29.923633,31.193364,https://res.cloudinary.com/dmochfrtr/image/upload/v1781203192/SmartEgypt_Restaurants/rpzqsjrcfe75mmz6u7wl.jpg,39,1099
22,Spectra,Casual Dining,Alexandria,Stanley,29.928769,31.186072,https://res.cloudinary.com/dmochfrtr/image/upload/v1781203193/SmartEgypt_Restaurants/tkloutoa96p4duc4ugsc.jpg,80,1990
23,El Doksh,Seafood,Alexandria,Stanley,29.908066,31.18312,https://res.cloudinary.com/dmochfrtr/image/upload/v1781203195/SmartEgypt_Restaurants/om3kimoooloft8mqt6w0.png,44,645
24,Paul,Bakery,Alexandria,Sidi Gaber,29.925294,31.190319,https://res.cloudinary.com/dmochfrtr/image/upload/v1781203196/SmartEgypt_Restaurants/hytxbkudkjmyejkarpkq.jpg,39,1099
25,Le Pacha 1901,Fine Dining,Alexandria,Stanley,29.911782,31.215281,https://res.cloudinary.com/dmochfrtr/image/upload/v1781203196/SmartEgypt_Restaurants/vwtjqq6l1jot5dbyntsl.jpg,17,262
26,Buffalo Burger,Burgers,Alexandria,Montaza,29.928613,31.190286,https://res.cloudinary.com/dmochfrtr/image/upload/v1781203197/SmartEgypt_Restaurants/rsfguglxyghvldadoj68.jpg,45,807
27,Lucille’s,American Diner,Alexandria,Smouha,29.921642,31.217081,https://res.cloudinary.com/dmochfrtr/image/upload/v1781203198/SmartEgypt_Restaurants/wyzsjoyig9pzwbknw8hw.jpg,45,832
28,Abou Haidar,Sandwiches,Alexandria,Sidi Gaber,29.917435,31.182461,https://res.cloudinary.com/dmochfrtr/image/upload/v1781203199/SmartEgypt_Restaurants/q9qn0pgt3ejikeb3pyua.jpg,10,330
29,Cilantro,Cafe,Alexandria,Smouha,29.916099,31.201592,https://res.cloudinary.com/dmochfrtr/image/upload/v1781203199/SmartEgypt_Restaurants/klpxepaqrw9ib6scqznt.jpg,59,165
30,Spectra,Casual Dining,Alexandria,Gleem,29.92027,31.210682,https://res.cloudinary.com/dmochfrtr/image/upload/v1781203200/SmartEgypt_Restaurants/nbg1rbkicwmyj5ftl3ia.jpg,80,1990
31,Le Pacha 1901,Fine Dining,Alexandria,Gleem,29.912763,31.206817,https://res.cloudinary.com/dmochfrtr/image/upload/v1781203200/SmartEgypt_Restaurants/uckogsaguykpsgpr4fg9.jpg,17,262
32,El Doksh,Seafood,Alexandria,Stanley,29.93069,31.199336,https://res.cloudinary.com/dmochfrtr/image/upload/v1781203201/SmartEgypt_Restaurants/yeat4pcuzfxqx9qajzky.png,44,645
33,Buffalo Burger,Burgers,Alexandria,Sidi Gaber,29.937571,31.184217,https://res.cloudinary.com/dmochfrtr/image/upload/v1781203202/SmartEgypt_Restaurants/ameagb63gpcddk6gvduv.jpg,45,807
34,Crave,International,Alexandria,Smouha,29.90812,31.200566,https://res.cloudinary.com/dmochfrtr/image/upload/v1781203203/SmartEgypt_Restaurants/kiea9yxxxjq81x45dotn.jpg,61,1750
35,Koshary El Tahrir,Koshary,Alexandria,Stanley,29.902394,31.220097,https://res.cloudinary.com/dmochfrtr/image/upload/v1781203204/SmartEgypt_Restaurants/hgsn8ium8vn3exp40zts.jpg,10,300
36,Tamara,Lebanese,Alexandria,Smouha,29.924985,31.19237,https://res.cloudinary.com/dmochfrtr/image/upload/v1781203205/SmartEgypt_Restaurants/xlrgvpzovqv099mxjng3.jpg,30,1650
37,Crave,International,Alexandria,Montaza,29.900776,31.19004,https://res.cloudinary.com/dmochfrtr/image/upload/v1781203205/SmartEgypt_Restaurants/mpl9gash0pv7nzv1o6if.jpg,61,1750
38,Butcher's Burger,Burgers,Alexandria,Smouha,29.909416,31.200404,https://res.cloudinary.com/dmochfrtr/image/upload/v1781203206/SmartEgypt_Restaurants/ipireqrjenpkhxchp4aj.jpg,40,450
39,Cilantro,Cafe,Alexandria,Smouha,29.915939,31.190508,https://res.cloudinary.com/dmochfrtr/image/upload/v1781203207/SmartEgypt_Restaurants/hc1ce99od4nitb6gmcza.jpg,59,165
40,Costa Coffee,Cafe,Alexandria,Stanley,29.92876,31.187403,https://res.cloudinary.com/dmochfrtr/image/upload/v1781203208/SmartEgypt_Restaurants/s55i4xukhppvjiya7szw.jpg,40,220
41,The Lemon Tree,Mediterranean,Alexandria,Gleem,29.905778,31.188181,https://res.cloudinary.com/dmochfrtr/image/upload/v1781203209/SmartEgypt_Restaurants/yual6empewxkz1ylxg8e.jpg,280,2780
42,Peking,Asian Cuisine,Alexandria,Smouha,29.915883,31.188248,https://res.cloudinary.com/dmochfrtr/image/upload/v1781203209/SmartEgypt_Restaurants/gbsg5qi0phzjgi9iu7pc.jpg,40,556
43,Costa Coffee,Cafe,Alexandria,Stanley,29.934814,31.191519,https://res.cloudinary.com/dmochfrtr/image/upload/v1781203210/SmartEgypt_Restaurants/yg6ms6vtnkmng724fqei.jpg,40,220
44,Peking,Asian Cuisine,Alexandria,Stanley,29.901361,31.195511,https://res.cloudinary.com/dmochfrtr/image/upload/v1781203211/SmartEgypt_Restaurants/le6gurjrekyr3mf2xu3n.jpg,40,556
45,Chicken Fil-A,Fried Chicken,Alexandria,Montaza,29.920948,31.20386,https://res.cloudinary.com/dmochfrtr/image/upload/v1781203211/SmartEgypt_Restaurants/fn2glvznqebnxebnwpzv.jpg,15,177
46,The Lemon Tree,Mediterranean,Alexandria,Smouha,29.913117,31.208714,https://res.cloudinary.com/dmochfrtr/image/upload/v1781203212/SmartEgypt_Restaurants/v5ycl03h0vgdjgttqh9r.jpg,280,2780
47,Lucille’s,American Diner,Alexandria,Stanley,29.911587,31.204543,https://res.cloudinary.com/dmochfrtr/image/upload/v1781203212/SmartEgypt_Restaurants/co4dtfvvu5zti8mdyhfv.jpg,45,832
48,Starbucks,Cafe,Alexandria,Sidi Gaber,29.92656,31.185085,https://res.cloudinary.com/dmochfrtr/image/upload/v1781203213/SmartEgypt_Restaurants/la3l53kktbnidjpe3qip.jpg,20,1100
49,Maison Thomas,Italian,Alexandria,Montaza,29.911613,31.195815,https://res.cloudinary.com/dmochfrtr/image/upload/v1781203214/SmartEgypt_Restaurants/dzdelz2bhbpmuekewenk.webp,47,740
50,Maison Thomas,Italian,Alexandria,Montaza,29.929416,31.207423,https://res.cloudinary.com/dmochfrtr/image/upload/v1781203215/SmartEgypt_Restaurants/nv8vhowkasixgwljsf96.webp,47,740
51,Caracas,Lebanese,Alexandria,Gleem,29.92871,31.193937,https://res.cloudinary.com/dmochfrtr/image/upload/v1781203216/SmartEgypt_Restaurants/zeqruk1rzgufik0yfd4x.jpg,62,550
52,Costa Coffee,Cafe,Alexandria,Sidi Gaber,29.918608,31.216664,https://res.cloudinary.com/dmochfrtr/image/upload/v1781203216/SmartEgypt_Restaurants/e12fjigndudzf9unkakc.jpg,40,220
53,Buffalo Burger,Burgers,Alexandria,Smouha,29.938521,31.195985,https://res.cloudinary.com/dmochfrtr/image/upload/v1781203217/SmartEgypt_Restaurants/wymdpgsu9swbq8ywyeyc.jpg,45,807
54,TBS,Bakery,Alexandria,Sidi Gaber,29.934206,31.181743,https://res.cloudinary.com/dmochfrtr/image/upload/v1781203218/SmartEgypt_Restaurants/bzjgvdgmccalpisewhzi.jpg,40,1310
55,Starbucks,Cafe,Alexandria,Stanley,29.916523,31.187917,https://res.cloudinary.com/dmochfrtr/image/upload/v1781203219/SmartEgypt_Restaurants/fisdkgv2fnwm3dzhsyc6.jpg,20,1100
56,Paul,Bakery,Alexandria,Smouha,29.900852,31.216647,https://res.cloudinary.com/dmochfrtr/image/upload/v1781203220/SmartEgypt_Restaurants/t7hpzqxl3liffzrpnpcz.jpg,39,1099
57,Peking,Asian Cuisine,Alexandria,Gleem,29.914183,31.199586,https://res.cloudinary.com/dmochfrtr/image/upload/v1781203221/SmartEgypt_Restaurants/o4ha8lio3qk7nkwyhb9x.jpg,40,556
58,Gaby’s,European,Alexandria,Sidi Gaber,29.906771,31.212156,https://res.cloudinary.com/dmochfrtr/image/upload/v1781203222/SmartEgypt_Restaurants/zthqidz8mi7qxdminih3.jpg,45,1083
59,Costa Coffee,Cafe,Alexandria,Gleem,29.919008,31.186884,https://res.cloudinary.com/dmochfrtr/image/upload/v1781203222/SmartEgypt_Restaurants/ihbqbrrna3aryyrguiis.jpg,40,220
60,Sizzler,Steakhouse,Alexandria,Stanley,29.907641,31.212362,https://res.cloudinary.com/dmochfrtr/image/upload/v1781203223/SmartEgypt_Restaurants/jz4reoitauk44zoymaie.jpg,60,800
61,Koshary El Tahrir,Koshary,Alexandria,Gleem,29.932707,31.195983,https://res.cloudinary.com/dmochfrtr/image/upload/v1781203224/SmartEgypt_Restaurants/cozazwxnmlp7dda28abm.jpg,10,300
62,Koshary El Tahrir,Koshary,Alexandria,Stanley,29.900907,31.198121,https://res.cloudinary.com/dmochfrtr/image/upload/v1781203225/SmartEgypt_Restaurants/qjfqswt618e4zjg2lh19.jpg,10,300
63,Abou Haidar,Sandwiches,Alexandria,Montaza,29.9081,31.182993,https://res.cloudinary.com/dmochfrtr/image/upload/v1781203225/SmartEgypt_Restaurants/el6rwzlt34syxgmskibz.jpg,10,330
64,Mori Sushi,Asian Cuisine,Alexandria,Montaza,29.899629,31.219197,https://res.cloudinary.com/dmochfrtr/image/upload/v1781203226/SmartEgypt_Restaurants/doph7kkompidnyrfcxnx.jpg,42,1725
65,Qahwa,Cafe,Alexandria,Stanley,29.912242,31.205621,https://res.cloudinary.com/dmochfrtr/image/upload/v1781203227/SmartEgypt_Restaurants/ipnxcoibdi1jumn0njsx.png,72,815
66,Buffalo Burger,Burgers,Alexandria,Montaza,29.900536,31.185898,https://res.cloudinary.com/dmochfrtr/image/upload/v1781203227/SmartEgypt_Restaurants/zjewqzkegbu0iuzelwc3.jpg,45,807
67,Zooba,Egyptian Street Food,Alexandria,Smouha,29.910469,31.217262,https://res.cloudinary.com/dmochfrtr/image/upload/v1781203228/SmartEgypt_Restaurants/rbmschpa2wcxup7uv7wx.jpg,26,460
68,Chicken Fil-A,Fried Chicken,Alexandria,Smouha,29.92275,31.212951,https://res.cloudinary.com/dmochfrtr/image/upload/v1781203229/SmartEgypt_Restaurants/uik1ljn9xmx5dafthq2o.jpg,15,177
69,The Lemon Tree,Mediterranean,Alexandria,Smouha,29.901244,31.183098,https://res.cloudinary.com/dmochfrtr/image/upload/v1781203230/SmartEgypt_Restaurants/xej09wpodrwxtrvukl2s.jpg,280,2780
70,Chicken Fil-A,Fried Chicken,Alexandria,Sidi Gaber,29.902959,31.20669,https://res.cloudinary.com/dmochfrtr/image/upload/v1781203230/SmartEgypt_Restaurants/qutjm5w297kpv2xtjcdb.jpg,15,177
71,Sizzler,Steakhouse,Alexandria,Sidi Gaber,29.906361,31.193255,https://res.cloudinary.com/dmochfrtr/image/upload/v1781203231/SmartEgypt_Restaurants/g4mkz4v5rtfxssh2b5fr.jpg,60,800
72,Maison Thomas,Italian,Alexandria,Smouha,29.933117,31.217677,https://res.cloudinary.com/dmochfrtr/image/upload/v1781203231/SmartEgypt_Restaurants/omtvqyca4dqqeacvmkmq.webp,47,740
73,Seoudi,Casual Dining,Alexandria,Stanley,29.911688,31.206045,https://res.cloudinary.com/dmochfrtr/image/upload/v1781203232/SmartEgypt_Restaurants/gxky3rgooph0ior3et8q.jpg,20,1738
74,Abou Haidar,Sandwiches,Alexandria,Gleem,29.92017,31.20165,https://res.cloudinary.com/dmochfrtr/image/upload/v1781203233/SmartEgypt_Restaurants/tu8kvtqoldz5z5pzcanb.jpg,10,330
75,Qahwa,Cafe,Alexandria,Sidi Gaber,29.908176,31.204159,https://res.cloudinary.com/dmochfrtr/image/upload/v1781203234/SmartEgypt_Restaurants/t9b8dlsp9qj7tnqmjo0v.png,72,815
76,Beano's,Cafe,Alexandria,Montaza,29.913386,31.19115,https://res.cloudinary.com/dmochfrtr/image/upload/v1781203234/SmartEgypt_Restaurants/qhs8bx8dguuwtbno35al.jpg,80,630
77,The Smokery,Fine Dining,Alexandria,Smouha,29.916483,31.192763,https://res.cloudinary.com/dmochfrtr/image/upload/v1781203235/SmartEgypt_Restaurants/puxpp14k4qdhylx4hix4.jpg,310,3350
78,Mori Sushi,Asian Cuisine,Alexandria,Smouha,29.932563,31.198495,https://res.cloudinary.com/dmochfrtr/image/upload/v1781203236/SmartEgypt_Restaurants/cwscdnvgduiziaqok2wx.jpg,42,1725
79,Buffalo Burger,Burgers,Alexandria,Montaza,29.930027,31.190597,https://res.cloudinary.com/dmochfrtr/image/upload/v1781203237/SmartEgypt_Restaurants/aowvxbzg5n3v3seuniej.jpg,45,807
80,Wel3a,Grill,Alexandria,Montaza,29.910008,31.186322,https://res.cloudinary.com/dmochfrtr/image/upload/v1781203237/SmartEgypt_Restaurants/qtfxhpupzc5kj50efqui.jpg,5,340
81,Koshary Hend,Koshary,Alexandria,Stanley,29.918839,31.183249,https://res.cloudinary.com/dmochfrtr/image/upload/v1781203238/SmartEgypt_Restaurants/b89fy3pfrjmrxlnbqfkt.jpg,20,280
82,Sizzler,Steakhouse,Alexandria,Montaza,29.902456,31.2157,https://res.cloudinary.com/dmochfrtr/image/upload/v1781203239/SmartEgypt_Restaurants/wehulrpisqceidj1y0n4.jpg,60,800
83,Gad,Egyptian Cuisine,Alexandria,Sidi Gaber,29.900228,31.212194,https://res.cloudinary.com/dmochfrtr/image/upload/v1781203240/SmartEgypt_Restaurants/pmmju74t1jzjlhcltxmj.jpg,11,210
84,The Smokery,Fine Dining,Alexandria,Gleem,29.92397,31.180867,https://res.cloudinary.com/dmochfrtr/image/upload/v1781203240/SmartEgypt_Restaurants/nekdx6zbqkmbfyocv2zw.jpg,310,3350
85,Gad,Egyptian Cuisine,Alexandria,Gleem,29.922898,31.185284,https://res.cloudinary.com/dmochfrtr/image/upload/v1781203241/SmartEgypt_Restaurants/utkzwn9g4honeo0q2xmy.jpg,11,210
86,Le Pacha 1901,Fine Dining,Alexandria,Smouha,29.90682,31.204029,https://res.cloudinary.com/dmochfrtr/image/upload/v1781203242/SmartEgypt_Restaurants/bw0ih0irzpogdi3cxodj.jpg,17,262
87,Crave,International,Alexandria,Stanley,29.899155,31.180429,https://res.cloudinary.com/dmochfrtr/image/upload/v1781203243/SmartEgypt_Restaurants/chxbu50qk0jrczoejzec.jpg,61,1750
88,El Menoufy,Grill,Alexandria,Gleem,29.910891,31.217315,https://res.cloudinary.com/dmochfrtr/image/upload/v1781203244/SmartEgypt_Restaurants/ax6p65pchd5zkgdg3mg5.jpg,25,5589
89,Butcher's Burger,Burgers,Alexandria,Smouha,29.938273,31.219483,https://res.cloudinary.com/dmochfrtr/image/upload/v1781203244/SmartEgypt_Restaurants/z0cafllzfs5slmiu0bwp.jpg,40,450
90,Lucille’s,American Diner,Alexandria,Stanley,29.913946,31.194577,https://res.cloudinary.com/dmochfrtr/image/upload/v1781203244/SmartEgypt_Restaurants/ju1zzwjcra8bzxa9kytt.jpg,45,832
91,Zooba,Egyptian Street Food,Alexandria,Smouha,29.923623,31.213035,https://res.cloudinary.com/dmochfrtr/image/upload/v1781203245/SmartEgypt_Restaurants/uh7droujvjuuzz5dk7gt.jpg,26,460
92,Qahwa,Cafe,Alexandria,Smouha,29.932558,31.218699,https://res.cloudinary.com/dmochfrtr/image/upload/v1781203246/SmartEgypt_Restaurants/yrwfwuicyrjrqcbyjzb9.png,72,815
93,Costa Coffee,Cafe,Alexandria,Smouha,29.929802,31.205086,https://res.cloudinary.com/dmochfrtr/image/upload/v1781203246/SmartEgypt_Restaurants/wqtyw4wn31qfi7os4hfa.jpg,40,220
94,Mo Bistro,Steakhouse,Alexandria,Montaza,29.908741,31.182289,https://res.cloudinary.com/dmochfrtr/image/upload/v1781203247/SmartEgypt_Restaurants/b0bopgkgswdgd8xsulmw.jpg,45,1550
95,Makani,Grill,Alexandria,Stanley,29.904105,31.206555,https://res.cloudinary.com/dmochfrtr/image/upload/v1781203248/SmartEgypt_Restaurants/mndhwwyo1dlngtwifwaa.png,15,320
96,Maison Thomas,Italian,Alexandria,Montaza,29.899814,31.206855,https://res.cloudinary.com/dmochfrtr/image/upload/v1781203249/SmartEgypt_Restaurants/insoma7x3kge7zercty5.webp,47,740
97,Gaby’s,European,Alexandria,Stanley,29.908739,31.181304,https://res.cloudinary.com/dmochfrtr/image/upload/v1781203249/SmartEgypt_Restaurants/qkaqix2vjjs48ahbhtyb.jpg,45,1083
98,Maison de Curry,Indian,Alexandria,Stanley,29.927131,31.217751,https://res.cloudinary.com/dmochfrtr/image/upload/v1781203251/SmartEgypt_Restaurants/nzyvllxnin1rcfzwy95d.jpg,699,1560
99,Indira,Asian Cuisine,Alexandria,Gleem,29.899702,31.199721,https://res.cloudinary.com/dmochfrtr/image/upload/v1781203251/SmartEgypt_Restaurants/cpakcyv9ieqkrjiqafnr.jpg,115,3575
100,Mo Bistro,Steakhouse,Alexandria,Stanley,29.930091,31.20747,https://res.cloudinary.com/dmochfrtr/image/upload/v1781203252/SmartEgypt_Restaurants/zau5hjrelj3g1ohtdy80.jpg,45,1550
101,Abou Haidar,Sandwiches,Alexandria,Montaza,29.913166,31.195931,https://res.cloudinary.com/dmochfrtr/image/upload/v1781203252/SmartEgypt_Restaurants/eocsyevdpr6zxu9foe40.jpg,10,330
102,Indira,Asian Cuisine,Alexandria,Stanley,29.934159,31.212857,https://res.cloudinary.com/dmochfrtr/image/upload/v1781203253/SmartEgypt_Restaurants/ofoss37suyeoqucfxrdy.jpg,115,3575
103,El Doksh,Seafood,Alexandria,Sidi Gaber,29.924612,31.217548,https://res.cloudinary.com/dmochfrtr/image/upload/v1781203254/SmartEgypt_Restaurants/yvrem2jj2bg5vjymgslk.png,44,645
104,Pier 88,Seafood,Alexandria,Stanley,29.903251,31.19462,https://res.cloudinary.com/dmochfrtr/image/upload/v1781203255/SmartEgypt_Restaurants/qsoaaixhxztpwasaighz.jpg,40,1000
105,Fuddruckers,Burgers,Alexandria,Smouha,29.908226,31.212467,https://res.cloudinary.com/dmochfrtr/image/upload/v1781203256/SmartEgypt_Restaurants/ovyco58i93zr2npzdgxu.jpg,30,1020
106,Shawarma El Reem,Shawarma,Alexandria,Gleem,29.903266,31.217725,https://res.cloudinary.com/dmochfrtr/image/upload/v1781203256/SmartEgypt_Restaurants/an6hwuhup3hbcsjsdjqg.jpg,20,615
107,Fish Market,Seafood,Alexandria,Sidi Gaber,29.908991,31.1807,https://res.cloudinary.com/dmochfrtr/image/upload/v1781203257/SmartEgypt_Restaurants/wwmc348aipebqap4syps.png,15,435
108,Starbucks,Cafe,Alexandria,Gleem,29.90609,31.20517,https://res.cloudinary.com/dmochfrtr/image/upload/v1781203258/SmartEgypt_Restaurants/fgb2lruivegdmxhtnnkf.jpg,20,1100
109,Tamara,Lebanese,Alexandria,Sidi Gaber,29.907117,31.189543,https://res.cloudinary.com/dmochfrtr/image/upload/v1781203258/SmartEgypt_Restaurants/i35rohmbmcvt7bpt2beo.jpg,30,1650
110,Spectra,Casual Dining,Alexandria,Stanley,29.911299,31.180479,https://res.cloudinary.com/dmochfrtr/image/upload/v1781203259/SmartEgypt_Restaurants/u7xm5sfaf6gatgxhuonm.jpg,80,1990
111,Gaby’s,European,Alexandria,Smouha,29.92545,31.182458,https://res.cloudinary.com/dmochfrtr/image/upload/v1781203259/SmartEgypt_Restaurants/gqv89aq2nenvxkp7pmk4.jpg,45,1083
112,Paul,Bakery,Alexandria,Montaza,29.917166,31.192189,https://res.cloudinary.com/dmochfrtr/image/upload/v1781203260/SmartEgypt_Restaurants/mxw0sekdt6lnlf3uho6h.jpg,39,1099
113,Koshary El Tahrir,Koshary,Alexandria,Sidi Gaber,29.927036,31.217565,https://res.cloudinary.com/dmochfrtr/image/upload/v1781203261/SmartEgypt_Restaurants/cgtbv0hj972mefq36bqt.jpg,10,300
114,Seoudi,Casual Dining,Alexandria,Montaza,29.914079,31.213484,https://res.cloudinary.com/dmochfrtr/image/upload/v1781203261/SmartEgypt_Restaurants/tnpja9wozguetmco3ncz.jpg,20,1738
115,Gad,Egyptian Cuisine,Alexandria,Smouha,29.90955,31.211197,https://res.cloudinary.com/dmochfrtr/image/upload/v1781203262/SmartEgypt_Restaurants/mqtyiessxuw2f4bxdmi8.jpg,11,210
116,The Smokery,Fine Dining,Alexandria,Gleem,29.923867,31.219889,https://res.cloudinary.com/dmochfrtr/image/upload/v1781203263/SmartEgypt_Restaurants/nsi3pavxpo0ogssybr6y.jpg,310,3350
117,El Menoufy,Grill,Alexandria,Stanley,29.905208,31.18434,https://res.cloudinary.com/dmochfrtr/image/upload/v1781203263/SmartEgypt_Restaurants/zmzjziohq1r2cvgj7b8p.jpg,25,5589
118,Beano's,Cafe,Alexandria,Montaza,29.935019,31.188026,https://res.cloudinary.com/dmochfrtr/image/upload/v1781203264/SmartEgypt_Restaurants/qeiorqzkqfvl9c6skye3.jpg,80,630
119,Abou Haidar,Sandwiches,Alexandria,Montaza,29.90814,31.20525,https://res.cloudinary.com/dmochfrtr/image/upload/v1781203264/SmartEgypt_Restaurants/v4nymwsy1bymswpmqqk6.jpg,10,330
120,Cilantro,Cafe,Alexandria,Montaza,29.924236,31.198239,https://res.cloudinary.com/dmochfrtr/image/upload/v1781203265/SmartEgypt_Restaurants/ipfbmgtrdeceyibgxok8.jpg,59,165
121,Starbucks,Cafe,Alexandria,Montaza,29.90031,31.201693,https://res.cloudinary.com/dmochfrtr/image/upload/v1781203266/SmartEgypt_Restaurants/qkkzj53xykep152wfflu.jpg,20,1100
122,Peking,Asian Cuisine,Alexandria,Montaza,29.935328,31.181083,https://res.cloudinary.com/dmochfrtr/image/upload/v1781203266/SmartEgypt_Restaurants/dzzdcxox25ne5lltxfmc.jpg,40,556
123,Gad,Egyptian Cuisine,Alexandria,Smouha,29.900928,31.190585,https://res.cloudinary.com/dmochfrtr/image/upload/v1781203267/SmartEgypt_Restaurants/xuwtbxpqkokegawq29js.jpg,11,210
124,Cilantro,Cafe,Alexandria,Smouha,29.924059,31.183875,https://res.cloudinary.com/dmochfrtr/image/upload/v1781203267/SmartEgypt_Restaurants/bjxskgm21p1y0pb9k2qb.jpg,59,165
125,The Smokery,Fine Dining,Alexandria,Montaza,29.933854,31.195429,https://res.cloudinary.com/dmochfrtr/image/upload/v1781203268/SmartEgypt_Restaurants/v2ml45h4gfv3kq7uuzcf.jpg,310,3350
126,Kazouza,Egyptian Street Food,Alexandria,Montaza,29.911581,31.203287,https://res.cloudinary.com/dmochfrtr/image/upload/v1781203269/SmartEgypt_Restaurants/dayjxtnugq6chrwuqbxe.jpg,17,280
127,Chicken Fil-A,Fried Chicken,Alexandria,Smouha,29.92753,31.200955,https://res.cloudinary.com/dmochfrtr/image/upload/v1781203269/SmartEgypt_Restaurants/wneyodmuebdbofeghyr6.jpg,15,177
128,Zooba,Egyptian Street Food,Alexandria,Montaza,29.93003,31.215684,https://res.cloudinary.com/dmochfrtr/image/upload/v1781203270/SmartEgypt_Restaurants/jpbvq9dkrk5orfgreqbz.jpg,26,460
129,30 North,Cafe,Alexandria,Smouha,29.927055,31.182141,https://res.cloudinary.com/dmochfrtr/image/upload/v1781203270/SmartEgypt_Restaurants/udbmffm3k2p3mdt5kiow.jpg,60,1400
130,Buffalo Burger,Burgers,Alexandria,Montaza,29.924866,31.209384,https://res.cloudinary.com/dmochfrtr/image/upload/v1781203271/SmartEgypt_Restaurants/pw9gc3zdx6dxq4csphsa.jpg,45,807
131,Beano's,Cafe,Alexandria,Stanley,29.917692,31.198903,https://res.cloudinary.com/dmochfrtr/image/upload/v1781203271/SmartEgypt_Restaurants/qnbo9ust73pb6wsohnzc.jpg,80,630
132,Sizzler,Steakhouse,Alexandria,Stanley,29.905473,31.207095,https://res.cloudinary.com/dmochfrtr/image/upload/v1781203272/SmartEgypt_Restaurants/goulwunftnlorx33ojnr.jpg,60,800
133,Starbucks,Cafe,Alexandria,Stanley,29.917889,31.216485,https://res.cloudinary.com/dmochfrtr/image/upload/v1781203273/SmartEgypt_Restaurants/enuym7w6ogcmdlc2eyfx.jpg,20,1100
134,TBS,Bakery,Alexandria,Montaza,29.934054,31.186012,https://res.cloudinary.com/dmochfrtr/image/upload/v1781203273/SmartEgypt_Restaurants/p3qk44mwpsxjyb5qka5p.jpg,40,1310
135,Paul,Bakery,Alexandria,Sidi Gaber,29.928376,31.217395,https://res.cloudinary.com/dmochfrtr/image/upload/v1781203274/SmartEgypt_Restaurants/uju9acxxdv4dt6cq3c7a.jpg,39,1099
136,Costa Coffee,Cafe,Alexandria,Smouha,29.938163,31.188688,https://res.cloudinary.com/dmochfrtr/image/upload/v1781203275/SmartEgypt_Restaurants/hfa6wern4z9xvccznhcw.jpg,40,220
137,Hawawshi El Refaay,Grill,Alexandria,Stanley,29.915358,31.185995,https://res.cloudinary.com/dmochfrtr/image/upload/v1781203276/SmartEgypt_Restaurants/as8qhe4pw9vjwdkze67o.jpg,60,1400
138,Seoudi,Casual Dining,Alexandria,Stanley,29.907981,31.186885,https://res.cloudinary.com/dmochfrtr/image/upload/v1781203277/SmartEgypt_Restaurants/eychaiqrqajw5ixyeaik.jpg,20,1738
139,Maison Thomas,Italian,Alexandria,Gleem,29.911944,31.192413,https://res.cloudinary.com/dmochfrtr/image/upload/v1781203277/SmartEgypt_Restaurants/rxk2zxn5ehtm9ud2tqcp.webp,47,740
140,Kazouza,Egyptian Street Food,Alexandria,Smouha,29.913411,31.210083,https://res.cloudinary.com/dmochfrtr/image/upload/v1781203278/SmartEgypt_Restaurants/wy9qawv95qy43furtiuk.jpg,17,280
141,The Lemon Tree,Mediterranean,Alexandria,Gleem,29.91533,31.204186,https://res.cloudinary.com/dmochfrtr/image/upload/v1781203279/SmartEgypt_Restaurants/r2l6i667vqtkteah8gjg.jpg,280,2780
142,Maison de Curry,Indian,Alexandria,Smouha,29.905056,31.180144,https://res.cloudinary.com/dmochfrtr/image/upload/v1781203279/SmartEgypt_Restaurants/nexigocsvgjbric4xayb.jpg,699,1560
143,Butcher's Burger,Burgers,Alexandria,Sidi Gaber,29.914732,31.208801,https://res.cloudinary.com/dmochfrtr/image/upload/v1781203280/SmartEgypt_Restaurants/zlscq8cymnuokb3sioqc.jpg,40,450
144,Lucille’s,American Diner,Alexandria,Gleem,29.900499,31.183284,https://res.cloudinary.com/dmochfrtr/image/upload/v1781203280/SmartEgypt_Restaurants/swq8xogzrqmurrf1qftn.jpg,45,832
145,Lucille’s,American Diner,Alexandria,Montaza,29.911128,31.182546,https://res.cloudinary.com/dmochfrtr/image/upload/v1781203281/SmartEgypt_Restaurants/dzvmik2otczni3tv38wp.jpg,45,832
146,Indira,Asian Cuisine,Alexandria,Sidi Gaber,29.905508,31.213363,https://res.cloudinary.com/dmochfrtr/image/upload/v1781203282/SmartEgypt_Restaurants/odzuqupqjgqd09jblo36.jpg,115,3575
147,Arabiata,Egyptian Cuisine,Alexandria,Stanley,29.923702,31.21961,https://res.cloudinary.com/dmochfrtr/image/upload/v1781203283/SmartEgypt_Restaurants/xz84byugoiou8mefse8y.jpg,8,178
148,Makani,Grill,Alexandria,Smouha,29.927712,31.183908,https://res.cloudinary.com/dmochfrtr/image/upload/v1781203284/SmartEgypt_Restaurants/yaz07cwpeqfa8txhplce.png,15,320
149,Fish Market,Seafood,Alexandria,Gleem,29.927485,31.210247,https://res.cloudinary.com/dmochfrtr/image/upload/v1781203284/SmartEgypt_Restaurants/o1sj8qgwvtm2qdb9eqyx.png,15,435
150,TBS,Bakery,Alexandria,Stanley,29.928676,31.193553,https://res.cloudinary.com/dmochfrtr/image/upload/v1781203285/SmartEgypt_Restaurants/xqothmavtgmc3k8wjl92.jpg,40,1310
151,Crave,International,Alexandria,Sidi Gaber,29.928505,31.209969,https://res.cloudinary.com/dmochfrtr/image/upload/v1781203286/SmartEgypt_Restaurants/sovihz8pxx7krkfh2zjm.jpg,61,1750
152,Makani,Grill,Alexandria,Stanley,29.916559,31.202351,https://res.cloudinary.com/dmochfrtr/image/upload/v1781203287/SmartEgypt_Restaurants/tynxrdjoif5djjd5bonb.png,15,320
153,TBS,Bakery,Alexandria,Stanley,29.923598,31.209697,https://res.cloudinary.com/dmochfrtr/image/upload/v1781203288/SmartEgypt_Restaurants/iqbf8ebfkkhav4htmef5.jpg,40,1310
154,Fish Market,Seafood,Alexandria,Smouha,29.901923,31.217341,https://res.cloudinary.com/dmochfrtr/image/upload/v1781203288/SmartEgypt_Restaurants/plh0bwhtu620wjgpycbl.png,15,435
155,Cilantro,Cafe,Alexandria,Stanley,29.907623,31.181816,https://res.cloudinary.com/dmochfrtr/image/upload/v1781203289/SmartEgypt_Restaurants/nxvshlsmfh6hrhy45p1c.jpg,59,165
156,Le Pacha 1901,Fine Dining,Alexandria,Gleem,29.920807,31.197421,https://res.cloudinary.com/dmochfrtr/image/upload/v1781203289/SmartEgypt_Restaurants/ullhrvwbbcrwuqaoknpr.jpg,17,262
157,Maison Thomas,Italian,Alexandria,Smouha,29.937703,31.181574,https://res.cloudinary.com/dmochfrtr/image/upload/v1781203290/SmartEgypt_Restaurants/lalwltnhpscoi4ahoyez.webp,47,740
158,Hawawshi El Refaay,Grill,Alexandria,Smouha,29.92023,31.217075,https://res.cloudinary.com/dmochfrtr/image/upload/v1781203291/SmartEgypt_Restaurants/wlx7jmfohadzxljwpgot.jpg,60,1400
159,The Lemon Tree,Mediterranean,Alexandria,Gleem,29.906175,31.199868,https://res.cloudinary.com/dmochfrtr/image/upload/v1781203292/SmartEgypt_Restaurants/fqhpvuzk2wtn1iduwx0o.jpg,280,2780
160,Seoudi,Casual Dining,Alexandria,Stanley,29.925747,31.194533,https://res.cloudinary.com/dmochfrtr/image/upload/v1781203292/SmartEgypt_Restaurants/zrpjscze4piwtbnjr5wr.jpg,20,1738
161,Tabla Luna,Latin American,Alexandria,Gleem,29.924384,31.211718,https://res.cloudinary.com/dmochfrtr/image/upload/v1781203293/SmartEgypt_Restaurants/kvniyfq3g74wq9ib0hsl.jpg,12,485
162,Gad,Egyptian Cuisine,Alexandria,Smouha,29.922236,31.197186,https://res.cloudinary.com/dmochfrtr/image/upload/v1781203294/SmartEgypt_Restaurants/l6ga823vult4wwvra65c.jpg,11,210
163,Peking,Asian Cuisine,Alexandria,Montaza,29.905371,31.214956,https://res.cloudinary.com/dmochfrtr/image/upload/v1781203294/SmartEgypt_Restaurants/o3psphc3b9mlxdmw5all.jpg,40,556
164,Butcher's Burger,Burgers,Alexandria,Sidi Gaber,29.921446,31.199784,https://res.cloudinary.com/dmochfrtr/image/upload/v1781203295/SmartEgypt_Restaurants/xrh3pw3bc2xjpy5lnp9w.jpg,40,450
165,Makani,Grill,Alexandria,Sidi Gaber,29.900505,31.199305,https://res.cloudinary.com/dmochfrtr/image/upload/v1781203295/SmartEgypt_Restaurants/iapzhsagzmaoooapvp70.png,15,320
166,Le Pacha 1901,Fine Dining,Alexandria,Smouha,29.937633,31.204172,https://res.cloudinary.com/dmochfrtr/image/upload/v1781203296/SmartEgypt_Restaurants/djyh2bypubjqehwyrvag.jpg,17,262
167,Zooba,Egyptian Street Food,Alexandria,Montaza,29.931554,31.201272,https://res.cloudinary.com/dmochfrtr/image/upload/v1781203296/SmartEgypt_Restaurants/mzaitfqktwcxw14abgfp.jpg,26,460
168,Sizzler,Steakhouse,Alexandria,Montaza,29.913283,31.184262,https://res.cloudinary.com/dmochfrtr/image/upload/v1781203297/SmartEgypt_Restaurants/yg7mqedjxxsxnhpjbrjl.jpg,60,800
169,Kazouza,Egyptian Street Food,Alexandria,Montaza,29.926365,31.182278,https://res.cloudinary.com/dmochfrtr/image/upload/v1781203298/SmartEgypt_Restaurants/tsnd7wyxx8c6yxc4eqn2.jpg,17,280
170,Makani,Grill,Alexandria,Smouha,29.926825,31.217159,https://res.cloudinary.com/dmochfrtr/image/upload/v1781203298/SmartEgypt_Restaurants/n45ix5zbbewtkxvnpmbc.png,15,320
171,Koshary Hend,Koshary,Alexandria,Stanley,29.934675,31.181828,https://res.cloudinary.com/dmochfrtr/image/upload/v1781203299/SmartEgypt_Restaurants/k4vym9fzj4rao570oi7a.jpg,20,280
172,Fish Market,Seafood,Alexandria,Montaza,29.921367,31.208384,https://res.cloudinary.com/dmochfrtr/image/upload/v1781203299/SmartEgypt_Restaurants/fngtoovbboywnhkmhjtg.png,15,435
173,El Dahan,Egyptian Cuisine,Alexandria,Sidi Gaber,29.930367,31.189296,https://res.cloudinary.com/dmochfrtr/image/upload/v1781203300/SmartEgypt_Restaurants/dyzod5uyqjnsh2k3deot.jpg,30,1220
174,TBS,Bakery,Alexandria,Sidi Gaber,29.932432,31.201069,https://res.cloudinary.com/dmochfrtr/image/upload/v1781203301/SmartEgypt_Restaurants/hqcjj7gouyflyrsfj74c.jpg,40,1310
175,30 North,Cafe,Alexandria,Sidi Gaber,29.933424,31.219015,https://res.cloudinary.com/dmochfrtr/image/upload/v1781203302/SmartEgypt_Restaurants/khctgoc7mgixxmfkq0wb.jpg,60,1400
176,Fuddruckers,Burgers,Alexandria,Smouha,29.91181,31.191684,https://res.cloudinary.com/dmochfrtr/image/upload/v1781203302/SmartEgypt_Restaurants/txfh651gyi4zwn7jcyhv.jpg,30,1020
177,Paul,Bakery,Alexandria,Gleem,29.922155,31.196599,https://res.cloudinary.com/dmochfrtr/image/upload/v1781203303/SmartEgypt_Restaurants/elrqylo5y41utdibhdql.jpg,39,1099
178,Beano's,Cafe,Alexandria,Sidi Gaber,29.934144,31.206179,https://res.cloudinary.com/dmochfrtr/image/upload/v1781203304/SmartEgypt_Restaurants/uwtvi8qlpr2xx19ennca.jpg,80,630
179,Mo Bistro,Steakhouse,Alexandria,Sidi Gaber,29.935728,31.19552,https://res.cloudinary.com/dmochfrtr/image/upload/v1781203304/SmartEgypt_Restaurants/btaelwxhuvhbmbqsb6ye.jpg,45,1550
180,Chicken Fil-A,Fried Chicken,Alexandria,Stanley,29.918914,31.212793,https://res.cloudinary.com/dmochfrtr/image/upload/v1781203305/SmartEgypt_Restaurants/smkj35op59383kw9nwmu.jpg,15,177
181,Peking,Asian Cuisine,Alexandria,Gleem,29.928013,31.192749,https://res.cloudinary.com/dmochfrtr/image/upload/v1781203306/SmartEgypt_Restaurants/s4rw4bjk3lhwj6vrmmil.jpg,40,556
182,Hawawshi El Refaay,Grill,Alexandria,Smouha,29.918717,31.2181,https://res.cloudinary.com/dmochfrtr/image/upload/v1781203307/SmartEgypt_Restaurants/q4m5fwifb2cbnxfzrg5w.jpg,60,1400
183,Makani,Grill,Alexandria,Stanley,29.925849,31.200942,https://res.cloudinary.com/dmochfrtr/image/upload/v1781203308/SmartEgypt_Restaurants/zj8nrnhhapoqprl1ero1.png,15,320
184,El Doksh,Seafood,Alexandria,Sidi Gaber,29.926391,31.189705,https://res.cloudinary.com/dmochfrtr/image/upload/v1781203308/SmartEgypt_Restaurants/plqlrmwatgkb6nnvilgm.png,44,645
185,Abou Haidar,Sandwiches,Alexandria,Stanley,29.937035,31.197197,https://res.cloudinary.com/dmochfrtr/image/upload/v1781203310/SmartEgypt_Restaurants/ujc3e2s9zz6xta7lvt8t.jpg,10,330
186,The Lemon Tree,Mediterranean,Alexandria,Smouha,29.909358,31.190713,https://res.cloudinary.com/dmochfrtr/image/upload/v1781203310/SmartEgypt_Restaurants/h7glnwwfsuy6pmf1dyqe.jpg,280,2780
187,Abou Haidar,Sandwiches,Alexandria,Smouha,29.903061,31.186521,https://res.cloudinary.com/dmochfrtr/image/upload/v1781203311/SmartEgypt_Restaurants/uk70ghbubup06tk6phwj.jpg,10,330
188,Tamara,Lebanese,Alexandria,Montaza,29.910201,31.202758,https://res.cloudinary.com/dmochfrtr/image/upload/v1781203312/SmartEgypt_Restaurants/ghocyoeme04sho1a1aar.jpg,30,1650
189,Makani,Grill,Alexandria,Smouha,29.898847,31.186861,https://res.cloudinary.com/dmochfrtr/image/upload/v1781203312/SmartEgypt_Restaurants/gd4uuyk00h7scinma62a.png,15,320
190,Paul,Bakery,Alexandria,Sidi Gaber,29.933818,31.18814,https://res.cloudinary.com/dmochfrtr/image/upload/v1781203313/SmartEgypt_Restaurants/j208ie6zmzfcm2e4myoi.jpg,39,1099
191,Koshary Hend,Koshary,Alexandria,Gleem,29.89912,31.211901,https://res.cloudinary.com/dmochfrtr/image/upload/v1781203313/SmartEgypt_Restaurants/zzbldtfbixtlhdshy1vg.jpg,20,280
192,Buffalo Burger,Burgers,Alexandria,Gleem,29.923872,31.194055,https://res.cloudinary.com/dmochfrtr/image/upload/v1781203314/SmartEgypt_Restaurants/ldyuma3jqhanycjnek6b.jpg,45,807
193,El Doksh,Seafood,Alexandria,Smouha,29.930809,31.200824,https://res.cloudinary.com/dmochfrtr/image/upload/v1781203316/SmartEgypt_Restaurants/k6lhxh1cmtfgsfzzmgq4.png,44,645
194,Makani,Grill,Alexandria,Sidi Gaber,29.917698,31.190146,https://res.cloudinary.com/dmochfrtr/image/upload/v1781203317/SmartEgypt_Restaurants/yat3qotlgvubip2byb4t.png,15,320
195,Zooba,Egyptian Street Food,Alexandria,Gleem,29.929966,31.188669,https://res.cloudinary.com/dmochfrtr/image/upload/v1781203317/SmartEgypt_Restaurants/jnosy96koxzxaeffku2s.jpg,26,460
196,Costa Coffee,Cafe,Alexandria,Gleem,29.907054,31.199899,https://res.cloudinary.com/dmochfrtr/image/upload/v1781203318/SmartEgypt_Restaurants/ci38ezrgbhcgg55tdz9j.jpg,40,220
197,Shawarma El Reem,Shawarma,Alexandria,Gleem,29.907113,31.188834,https://res.cloudinary.com/dmochfrtr/image/upload/v1781203318/SmartEgypt_Restaurants/icvdx92nx0ml0iocw3pk.jpg,20,615
198,Gringo's,Mexican,Alexandria,Sidi Gaber,29.935281,31.202875,https://res.cloudinary.com/dmochfrtr/image/upload/v1781203319/SmartEgypt_Restaurants/kotrl81apcj34bhgcyb3.jpg,33,625
199,Abou Haidar,Sandwiches,Alexandria,Gleem,29.924683,31.211317,https://res.cloudinary.com/dmochfrtr/image/upload/v1781203320/SmartEgypt_Restaurants/cj1sb0wymowudsyjarq4.jpg,10,330
200,Mori Sushi,Asian Cuisine,Alexandria,Gleem,29.927362,31.211962,https://res.cloudinary.com/dmochfrtr/image/upload/v1781203320/SmartEgypt_Restaurants/vpdtutwyvucidz2nk5kk.jpg,42,1725
201,30 North,Cafe,Alexandria,Gleem,29.903337,31.218165,https://res.cloudinary.com/dmochfrtr/image/upload/v1781203321/SmartEgypt_Restaurants/dn90etijzjyttqc436b4.jpg,60,1400
202,Cilantro,Cafe,Alexandria,Smouha,29.914147,31.198179,https://res.cloudinary.com/dmochfrtr/image/upload/v1781203322/SmartEgypt_Restaurants/f72u9hgrd2dzirbb3ool.jpg,59,165
203,Shawarma El Reem,Shawarma,Alexandria,Stanley,29.90531,31.207089,https://res.cloudinary.com/dmochfrtr/image/upload/v1781203323/SmartEgypt_Restaurants/afppxkizwouihjp7void.jpg,20,615
204,Gaby’s,European,Alexandria,Gleem,29.918349,31.190964,https://res.cloudinary.com/dmochfrtr/image/upload/v1781203323/SmartEgypt_Restaurants/zbw0q01fbh1cqatk3oyx.jpg,45,1083
205,Gaby’s,European,Alexandria,Sidi Gaber,29.918765,31.189877,https://res.cloudinary.com/dmochfrtr/image/upload/v1781203324/SmartEgypt_Restaurants/xsqnhspxgmwo6yxggva4.jpg,45,1083
206,Tabla Luna,Latin American,Alexandria,Montaza,29.928943,31.209631,https://res.cloudinary.com/dmochfrtr/image/upload/v1781203324/SmartEgypt_Restaurants/jspt31fmgdevp9l8bmxg.jpg,12,485
207,Buffalo Burger,Burgers,Alexandria,Stanley,29.911662,31.18481,https://res.cloudinary.com/dmochfrtr/image/upload/v1781203325/SmartEgypt_Restaurants/bjjcdmhlmjvakdynzdjf.jpg,45,807
208,Qahwa,Cafe,Alexandria,Montaza,29.928933,31.197823,https://res.cloudinary.com/dmochfrtr/image/upload/v1781203326/SmartEgypt_Restaurants/i7jer6a6wzn7kq3fzz7h.png,72,815
209,Buffalo Burger,Burgers,Alexandria,Smouha,29.912448,31.191419,https://res.cloudinary.com/dmochfrtr/image/upload/v1781203327/SmartEgypt_Restaurants/m70gl0tgh8ue2dfgfl3j.jpg,45,807
210,Spectra,Casual Dining,Alexandria,Montaza,29.900402,31.219372,https://res.cloudinary.com/dmochfrtr/image/upload/v1781203328/SmartEgypt_Restaurants/chaddis0qqsqjfwx7nv1.jpg,80,1990
211,Abou Haidar,Sandwiches,Alexandria,Gleem,29.923027,31.219559,https://res.cloudinary.com/dmochfrtr/image/upload/v1781203328/SmartEgypt_Restaurants/tzdcclfmpr2uvqlcg62t.jpg,10,330
212,Maison de Curry,Indian,Alexandria,Montaza,29.932767,31.208056,https://res.cloudinary.com/dmochfrtr/image/upload/v1781203329/SmartEgypt_Restaurants/td6bcuyfvs9uyzk1xvat.jpg,699,1560
213,Peking,Asian Cuisine,Alexandria,Stanley,29.935127,31.21994,https://res.cloudinary.com/dmochfrtr/image/upload/v1781203330/SmartEgypt_Restaurants/td6142xbyf3iqjcj10g4.jpg,40,556
214,Koshary El Tahrir,Koshary,Alexandria,Montaza,29.920102,31.191278,https://res.cloudinary.com/dmochfrtr/image/upload/v1781203330/SmartEgypt_Restaurants/fakxglemrnoxlm3mk5hd.jpg,10,300
215,Gourmet Lounge,Asian Cuisine,Assuit,Al Walideyah Al Westaneyah,31.1760178,27.19742746,https://res.cloudinary.com/dmochfrtr/image/upload/v1781203331/SmartEgypt_Restaurants/inc0yfwukk5qvm1knqtf.jpg,44,460
216,Alegria,Casual Dining,Assuit,Al Ibrahimeya,31.17030097,27.19239487,https://res.cloudinary.com/dmochfrtr/image/upload/v1781203332/SmartEgypt_Restaurants/hzq0jiidljlhctpuiwse.jpg,45,3080
217,Nubian Dreams,Nubian Cuisine,Aswan,Elephantine Island,32.89062771,24.08943964,https://res.cloudinary.com/dmochfrtr/image/upload/v1781203334/SmartEgypt_Restaurants/vzi4wjskmyqub4gxshmz.png,82,1850
218,King Jamaica,Nubian Cuisine,Aswan,Elephantine Island,32.89097746,24.08945743,https://res.cloudinary.com/dmochfrtr/image/upload/v1781203336/SmartEgypt_Restaurants/vupznvtwlacbgchxxxos.png,25,495
219,Cavello,Italian Food,Beni Suef,Nile Corniche,31.11377656,29.07156618,https://res.cloudinary.com/dmochfrtr/image/upload/v1781203337/SmartEgypt_Restaurants/m6pq2imhz6xdvezbx7bh.jpg,25,460
220,Bolivar,Egyptian Cuisine,Beni Suef,Nile Corniche,31.1099318,29.06807893,https://res.cloudinary.com/dmochfrtr/image/upload/v1781203338/SmartEgypt_Restaurants/cstoro0b7tq8c7skdeoy.jpg,44,2199
221,Seoudi,Casual Dining,Cairo,Nasr City,31.245766,30.041615,https://res.cloudinary.com/dmochfrtr/image/upload/v1781203338/SmartEgypt_Restaurants/kjzye2vhya8mghqwcvsm.jpg,20,1738
222,Spectra,Casual Dining,Cairo,Zamalek,31.220995,30.060105,https://res.cloudinary.com/dmochfrtr/image/upload/v1781203339/SmartEgypt_Restaurants/jsfriesememiqenc23jo.jpg,80,1990
223,Lucille’s,American Diner,Cairo,Downtown,31.217591,30.06232,https://res.cloudinary.com/dmochfrtr/image/upload/v1781203339/SmartEgypt_Restaurants/jtqojwpm2klgn8x6xxh8.jpg,45,832
224,Hawawshi El Refaay,Grill,Cairo,Nasr City,31.239187,30.057989,https://res.cloudinary.com/dmochfrtr/image/upload/v1781203340/SmartEgypt_Restaurants/itnlfpefklgvwitpq93c.jpg,60,1400
225,El Doksh,Seafood,Cairo,Zamalek,31.217268,30.047099,https://res.cloudinary.com/dmochfrtr/image/upload/v1781203340/SmartEgypt_Restaurants/j9ougxhofpg2krvuoilb.png,44,645
226,The Smokery,Fine Dining,Cairo,Zamalek,31.225987,30.024747,https://res.cloudinary.com/dmochfrtr/image/upload/v1781203341/SmartEgypt_Restaurants/oum2m241vzhigelck4gv.jpg,310,3350
227,Butcher's Burger,Burgers,Cairo,Zamalek,31.223389,30.047763,https://res.cloudinary.com/dmochfrtr/image/upload/v1781203342/SmartEgypt_Restaurants/blryuwsc10rrvu1wjq7c.jpg,40,450
228,Costa Coffee,Cafe,Cairo,Heliopolis,31.255697,30.060346,https://res.cloudinary.com/dmochfrtr/image/upload/v1781203343/SmartEgypt_Restaurants/vppmaosmwfqzjfk3nstb.jpg,40,220
229,Butcher's Burger,Burgers,Cairo,Downtown,31.239342,30.047977,https://res.cloudinary.com/dmochfrtr/image/upload/v1781203343/SmartEgypt_Restaurants/drz6vnwsct4hiuio2se8.jpg,40,450
230,Le Pacha 1901,Fine Dining,Cairo,Maadi,31.226449,30.039084,https://res.cloudinary.com/dmochfrtr/image/upload/v1781203344/SmartEgypt_Restaurants/ioblf5ur0tbyzr18j26u.jpg,17,262
231,Chicken Fil-A,Fried Chicken,Cairo,Nasr City,31.218429,30.060781,https://res.cloudinary.com/dmochfrtr/image/upload/v1781203345/SmartEgypt_Restaurants/yaw47jllbl55jqaxcxos.jpg,15,177
232,Shawarma El Reem,Shawarma,Cairo,Downtown,31.24788,30.037568,https://res.cloudinary.com/dmochfrtr/image/upload/v1781203345/SmartEgypt_Restaurants/xhcjgwidxin54fxmbofy.jpg,20,615
233,The Smokery,Fine Dining,Cairo,Maadi,31.245194,30.031335,https://res.cloudinary.com/dmochfrtr/image/upload/v1781203346/SmartEgypt_Restaurants/zfizmlcoxxxj34uwvxa6.jpg,310,3350
234,Maison Thomas,Italian,Cairo,Nasr City,31.222198,30.052812,https://res.cloudinary.com/dmochfrtr/image/upload/v1781203346/SmartEgypt_Restaurants/lwrxx2dtl76e0oiaeymr.webp,47,740
235,Fuddruckers,Burgers,Cairo,Downtown,31.225997,30.032083,https://res.cloudinary.com/dmochfrtr/image/upload/v1781203347/SmartEgypt_Restaurants/wicuxyl0u1ti85a5pkcp.jpg,30,1020
236,El Dahan,Egyptian Cuisine,Cairo,Zamalek,31.238305,30.063634,https://res.cloudinary.com/dmochfrtr/image/upload/v1781203347/SmartEgypt_Restaurants/qlcy5bm4k3f9irwurwns.jpg,30,1220
237,El Doksh,Seafood,Cairo,Nasr City,31.233596,30.050267,https://res.cloudinary.com/dmochfrtr/image/upload/v1781203348/SmartEgypt_Restaurants/f6hubklhln062z2aukhj.png,44,645
238,Makani,Grill,Cairo,Downtown,31.220747,30.05842,https://res.cloudinary.com/dmochfrtr/image/upload/v1781203349/SmartEgypt_Restaurants/v7d5voboznypyfidj5ig.png,15,320
239,Beano's,Cafe,Cairo,Heliopolis,31.220947,30.040577,https://res.cloudinary.com/dmochfrtr/image/upload/v1781203350/SmartEgypt_Restaurants/lvqmbnkxpf0sqbu8yqds.jpg,80,630
240,Koshary El Tahrir,Koshary,Cairo,Downtown,31.218437,30.031747,https://res.cloudinary.com/dmochfrtr/image/upload/v1781203351/SmartEgypt_Restaurants/tkinnnuliff8l1tard89.jpg,10,300
241,Qahwa,Cafe,Cairo,Zamalek,31.250069,30.037305,https://res.cloudinary.com/dmochfrtr/image/upload/v1781203351/SmartEgypt_Restaurants/do116wv9seei0le9x1kg.png,72,815
242,Gad,Egyptian Cuisine,Cairo,Downtown,31.224385,30.041198,https://res.cloudinary.com/dmochfrtr/image/upload/v1781203352/SmartEgypt_Restaurants/yqrqve93i4divjnewszi.jpg,11,210
243,TBS,Bakery,Cairo,Maadi,31.253418,30.043621,https://res.cloudinary.com/dmochfrtr/image/upload/v1781203353/SmartEgypt_Restaurants/rosgoudqkrbpn1dcwgb9.jpg,40,1310
244,Le Pacha 1901,Fine Dining,Cairo,Maadi,31.218073,30.060743,https://res.cloudinary.com/dmochfrtr/image/upload/v1781203353/SmartEgypt_Restaurants/kqxdctepnbhhiaytxax2.jpg,17,262
245,Tamara,Lebanese,Cairo,Zamalek,31.234864,30.054474,https://res.cloudinary.com/dmochfrtr/image/upload/v1781203354/SmartEgypt_Restaurants/f4r9dkmho0uetidxhz7d.jpg,30,1650
246,Chicken Fil-A,Fried Chicken,Cairo,Downtown,31.230242,30.041433,https://res.cloudinary.com/dmochfrtr/image/upload/v1781203354/SmartEgypt_Restaurants/scc3u5axbn3kdy46zory.jpg,15,177
247,Gaby’s,European,Cairo,Heliopolis,31.222823,30.037464,https://res.cloudinary.com/dmochfrtr/image/upload/v1781203355/SmartEgypt_Restaurants/whybkao0zkytvobweu5e.jpg,45,1083
248,Mo Bistro,Steakhouse,Cairo,Zamalek,31.240669,30.027838,https://res.cloudinary.com/dmochfrtr/image/upload/v1781203356/SmartEgypt_Restaurants/dsfgredfbyuo7ne3qjj9.jpg,45,1550
249,Spectra,Casual Dining,Cairo,Heliopolis,31.22701,30.043995,https://res.cloudinary.com/dmochfrtr/image/upload/v1781203356/SmartEgypt_Restaurants/uwy9vkgcn3l2lpy2parp.jpg,80,1990
250,Paul,Bakery,Cairo,Zamalek,31.227134,30.05987,https://res.cloudinary.com/dmochfrtr/image/upload/v1781203357/SmartEgypt_Restaurants/n4k7tyo5fvfmd2c2ihf3.jpg,39,1099
251,TBS,Bakery,Cairo,Maadi,31.247127,30.049578,https://res.cloudinary.com/dmochfrtr/image/upload/v1781203357/SmartEgypt_Restaurants/yrfs0c6zblacccqhny3v.jpg,40,1310
252,Makani,Grill,Cairo,Maadi,31.254879,30.026647,https://res.cloudinary.com/dmochfrtr/image/upload/v1781203358/SmartEgypt_Restaurants/j9sl9hieijloek3oxa85.png,15,320
253,Tabla Luna,Latin American,Cairo,Zamalek,31.248681,30.063144,https://res.cloudinary.com/dmochfrtr/image/upload/v1781203358/SmartEgypt_Restaurants/zct6vrnivwxagxthicgi.jpg,12,485
254,El Dahan,Egyptian Cuisine,Cairo,Heliopolis,31.236798,30.055785,https://res.cloudinary.com/dmochfrtr/image/upload/v1781203359/SmartEgypt_Restaurants/qv05ex8zewwffvjzgeuk.jpg,30,1220
255,El Doksh,Seafood,Cairo,Zamalek,31.253829,30.046959,https://res.cloudinary.com/dmochfrtr/image/upload/v1781203360/SmartEgypt_Restaurants/ow2mmolcocttj1cgax5n.png,44,645
256,Makani,Grill,Cairo,Nasr City,31.249265,30.047784,https://res.cloudinary.com/dmochfrtr/image/upload/v1781203360/SmartEgypt_Restaurants/qljnfuo04jv6y3cukmc6.png,15,320
257,30 North,Cafe,Cairo,Maadi,31.243941,30.027804,https://res.cloudinary.com/dmochfrtr/image/upload/v1781203361/SmartEgypt_Restaurants/zl6u1gjmlvevq3infmai.jpg,60,1400
258,Hawawshi El Refaay,Grill,Cairo,Zamalek,31.251662,30.038643,https://res.cloudinary.com/dmochfrtr/image/upload/v1781203362/SmartEgypt_Restaurants/ach7r1zvviewdizw4rhy.jpg,60,1400
259,Starbucks,Cafe,Cairo,Zamalek,31.227592,30.047515,https://res.cloudinary.com/dmochfrtr/image/upload/v1781203363/SmartEgypt_Restaurants/noq9kifsyvjx6fm3xwvj.jpg,20,1100
260,Koshary Hend,Koshary,Cairo,Nasr City,31.238144,30.033481,https://res.cloudinary.com/dmochfrtr/image/upload/v1781203363/SmartEgypt_Restaurants/ryey7r2vtljoynl4l3c7.jpg,20,280
261,Hawawshi El Refaay,Grill,Cairo,Downtown,31.243387,30.047517,https://res.cloudinary.com/dmochfrtr/image/upload/v1781203364/SmartEgypt_Restaurants/ywdramg1hdjw1dxmqdwd.jpg,60,1400
262,Fish Market,Seafood,Cairo,Heliopolis,31.247259,30.039477,https://res.cloudinary.com/dmochfrtr/image/upload/v1781203365/SmartEgypt_Restaurants/bcqdehxzatfejyq90ypm.png,15,435
263,Sizzler,Steakhouse,Cairo,Heliopolis,31.250666,30.047362,https://res.cloudinary.com/dmochfrtr/image/upload/v1781203366/SmartEgypt_Restaurants/zene6u2nvmldg94szlgn.jpg,60,800
264,Arabiata,Egyptian Cuisine,Cairo,Maadi,31.229356,30.036387,https://res.cloudinary.com/dmochfrtr/image/upload/v1781203366/SmartEgypt_Restaurants/evarfgvymrdggfnnypqn.jpg,8,178
265,Zooba,Egyptian Street Food,Cairo,Nasr City,31.218411,30.052578,https://res.cloudinary.com/dmochfrtr/image/upload/v1781203367/SmartEgypt_Restaurants/sl99nm4qobu4pnjfsunb.jpg,26,460
266,Paul,Bakery,Cairo,Zamalek,31.227137,30.041451,https://res.cloudinary.com/dmochfrtr/image/upload/v1781203367/SmartEgypt_Restaurants/wgm5stfzujgpuk0c224m.jpg,39,1099
267,Chicken Fil-A,Fried Chicken,Cairo,Nasr City,31.234469,30.049631,https://res.cloudinary.com/dmochfrtr/image/upload/v1781203368/SmartEgypt_Restaurants/fulpg0oonqnthsw36xoi.jpg,15,177
268,Indira,Asian Cuisine,Cairo,Nasr City,31.246735,30.024765,https://res.cloudinary.com/dmochfrtr/image/upload/v1781203369/SmartEgypt_Restaurants/lap1tl1fnhavcbkawnwg.jpg,115,3575
269,Gad,Egyptian Cuisine,Cairo,Maadi,31.223084,30.056096,https://res.cloudinary.com/dmochfrtr/image/upload/v1781203369/SmartEgypt_Restaurants/tcbx91q5nbo7jeiq6enx.jpg,11,210
270,Arabiata,Egyptian Cuisine,Cairo,Heliopolis,31.219936,30.059667,https://res.cloudinary.com/dmochfrtr/image/upload/v1781203370/SmartEgypt_Restaurants/x4mpc1ksi7bztrftetfr.jpg,8,178
271,Koshary Hend,Koshary,Cairo,Downtown,31.219521,30.024744,https://res.cloudinary.com/dmochfrtr/image/upload/v1781203370/SmartEgypt_Restaurants/vifl0j7jbn9f8npfigni.jpg,20,280
272,Koshary Hend,Koshary,Cairo,Downtown,31.230609,30.059997,https://res.cloudinary.com/dmochfrtr/image/upload/v1781203371/SmartEgypt_Restaurants/out0tmjuonmdaugxebyd.jpg,20,280
273,Pier 88,Seafood,Cairo,Downtown,31.231772,30.059005,https://res.cloudinary.com/dmochfrtr/image/upload/v1781203372/SmartEgypt_Restaurants/n0shvxmusnp7regxjmtq.jpg,40,1000
274,Chicken Fil-A,Fried Chicken,Cairo,Nasr City,31.23261,30.042087,https://res.cloudinary.com/dmochfrtr/image/upload/v1781203372/SmartEgypt_Restaurants/im2yynmynq3dqzwabqu3.jpg,15,177
275,Makani,Grill,Cairo,Nasr City,31.250549,30.03306,https://res.cloudinary.com/dmochfrtr/image/upload/v1781203373/SmartEgypt_Restaurants/nn1gobovn1b5juufhmsm.png,15,320
276,30 North,Cafe,Cairo,Zamalek,31.222674,30.037801,https://res.cloudinary.com/dmochfrtr/image/upload/v1781203373/SmartEgypt_Restaurants/bh5camylydg7apsufnlo.jpg,60,1400
277,Chicken Fil-A,Fried Chicken,Cairo,Nasr City,31.223998,30.055853,https://res.cloudinary.com/dmochfrtr/image/upload/v1781203374/SmartEgypt_Restaurants/cwki7nyp0nzvjr8trf32.jpg,15,177
278,Starbucks,Cafe,Cairo,Maadi,31.228444,30.028901,https://res.cloudinary.com/dmochfrtr/image/upload/v1781203375/SmartEgypt_Restaurants/wgguokiasa233ydtfqgb.jpg,20,1100
279,Maison de Curry,Indian,Cairo,Nasr City,31.240579,30.039135,https://res.cloudinary.com/dmochfrtr/image/upload/v1781203375/SmartEgypt_Restaurants/mowwoexmmgfstilckofu.jpg,699,1560
280,Shawarma El Reem,Shawarma,Cairo,Maadi,31.232141,30.030358,https://res.cloudinary.com/dmochfrtr/image/upload/v1781203376/SmartEgypt_Restaurants/kteqvnzbldcpwrrwpccu.jpg,20,615
281,Koshary El Tahrir,Koshary,Cairo,Zamalek,31.228515,30.030899,https://res.cloudinary.com/dmochfrtr/image/upload/v1781203376/SmartEgypt_Restaurants/u7ufdvvcs6zm4leppliq.jpg,10,300
282,Seoudi,Casual Dining,Cairo,Heliopolis,31.222633,30.046685,https://res.cloudinary.com/dmochfrtr/image/upload/v1781203377/SmartEgypt_Restaurants/bhhnv3i9nx1ptuc9y5ur.jpg,20,1738
283,Koshary Hend,Koshary,Cairo,Maadi,31.241696,30.045678,https://res.cloudinary.com/dmochfrtr/image/upload/v1781203378/SmartEgypt_Restaurants/v6twpfojqcqioeqzb7cf.jpg,20,280
284,Tamara,Lebanese,Cairo,Downtown,31.253341,30.047523,https://res.cloudinary.com/dmochfrtr/image/upload/v1781203378/SmartEgypt_Restaurants/glyoimwaabjobr1ods5q.jpg,30,1650
285,The Lemon Tree,Mediterranean,Cairo,Maadi,31.226725,30.033213,https://res.cloudinary.com/dmochfrtr/image/upload/v1781203379/SmartEgypt_Restaurants/s6tuco5wblkowyvdixrn.jpg,280,2780
286,Mo Bistro,Steakhouse,Cairo,Zamalek,31.225819,30.031919,https://res.cloudinary.com/dmochfrtr/image/upload/v1781203380/SmartEgypt_Restaurants/fwxytdjisivgvcwwhr5x.jpg,45,1550
287,Chicken Fil-A,Fried Chicken,Cairo,Heliopolis,31.224245,30.06194,https://res.cloudinary.com/dmochfrtr/image/upload/v1781203380/SmartEgypt_Restaurants/cg48zqoghkus2dmwlbhb.jpg,15,177
288,Maison Thomas,Italian,Cairo,Nasr City,31.242034,30.041659,https://res.cloudinary.com/dmochfrtr/image/upload/v1781203381/SmartEgypt_Restaurants/qpe5qv7iijg1smvxdiyw.webp,47,740
289,Maison Thomas,Italian,Cairo,Downtown,31.255416,30.063772,https://res.cloudinary.com/dmochfrtr/image/upload/v1781203382/SmartEgypt_Restaurants/ttvsbu7q8fno3gfkxamx.webp,47,740
290,Koshary El Tahrir,Koshary,Cairo,Zamalek,31.245469,30.038218,https://res.cloudinary.com/dmochfrtr/image/upload/v1781203382/SmartEgypt_Restaurants/k1mldewtp7jou2gwdorc.jpg,10,300
291,Cilantro,Cafe,Cairo,Zamalek,31.249983,30.062053,https://res.cloudinary.com/dmochfrtr/image/upload/v1781203383/SmartEgypt_Restaurants/aoziydd2npzsgmlgbmls.jpg,59,165
292,Buffalo Burger,Burgers,Cairo,Zamalek,31.255076,30.044873,https://res.cloudinary.com/dmochfrtr/image/upload/v1781203384/SmartEgypt_Restaurants/lmkfskaxsfvemaufbe1b.jpg,45,807
293,Bazooka,Burgers,Cairo,Nasr City,31.239193,30.036448,https://res.cloudinary.com/dmochfrtr/image/upload/v1781203384/SmartEgypt_Restaurants/gbq4ckyirqcp0k1e2ttt.jpg,30,1020
294,Caracas,Lebanese,Cairo,Nasr City,31.237546,30.052748,https://res.cloudinary.com/dmochfrtr/image/upload/v1781203385/SmartEgypt_Restaurants/hoqbpr3re4mxqcxel7ry.jpg,62,550
295,Cilantro,Cafe,Cairo,Nasr City,31.232067,30.055228,https://res.cloudinary.com/dmochfrtr/image/upload/v1781203386/SmartEgypt_Restaurants/f1lgfj6lmicwlhdvc5n1.jpg,59,165
296,Gad,Egyptian Cuisine,Cairo,Heliopolis,31.247731,30.055421,https://res.cloudinary.com/dmochfrtr/image/upload/v1781203386/SmartEgypt_Restaurants/v8hw8xybooo4q6ut9crf.jpg,11,210
297,Tamara,Lebanese,Cairo,Nasr City,31.228386,30.051563,https://res.cloudinary.com/dmochfrtr/image/upload/v1781203387/SmartEgypt_Restaurants/uuvw4iunfmx5hts76vhr.jpg,30,1650
298,Qahwa,Cafe,Cairo,Maadi,31.255152,30.058623,https://res.cloudinary.com/dmochfrtr/image/upload/v1781203388/SmartEgypt_Restaurants/nfbm5qnuwiphpvuynob2.png,72,815
299,Abou Haidar,Sandwiches,Cairo,Maadi,31.217827,30.04419,https://res.cloudinary.com/dmochfrtr/image/upload/v1781203388/SmartEgypt_Restaurants/pjy4jt11ox2jpkyenvrc.jpg,10,330
300,Maison Thomas,Italian,Cairo,Downtown,31.249134,30.050602,https://res.cloudinary.com/dmochfrtr/image/upload/v1781203389/SmartEgypt_Restaurants/w10caivewwi2zb7xayvo.webp,47,740
301,Lucille’s,American Diner,Cairo,Maadi,31.22276,30.062209,https://res.cloudinary.com/dmochfrtr/image/upload/v1781203389/SmartEgypt_Restaurants/aplorphbyzfum9enabwj.jpg,45,832
302,Abou Haidar,Sandwiches,Cairo,Zamalek,31.243384,30.054349,https://res.cloudinary.com/dmochfrtr/image/upload/v1781203390/SmartEgypt_Restaurants/znqdhlwj0sdn9jcvi75q.jpg,10,330
303,Sizzler,Steakhouse,Cairo,Zamalek,31.250399,30.028031,https://res.cloudinary.com/dmochfrtr/image/upload/v1781203390/SmartEgypt_Restaurants/csz2kquyqjqwjw2pz0rb.jpg,60,800
304,Makani,Grill,Cairo,Zamalek,31.22471,30.031772,https://res.cloudinary.com/dmochfrtr/image/upload/v1781203391/SmartEgypt_Restaurants/f2ylckymr2ghwvuphhdq.png,15,320
305,Makani,Grill,Cairo,Downtown,31.236344,30.037474,https://res.cloudinary.com/dmochfrtr/image/upload/v1781203391/SmartEgypt_Restaurants/nqjypf0qnlkfqbvuwbml.png,15,320
306,El Menoufy,Grill,Cairo,Downtown,31.231803,30.03674,https://res.cloudinary.com/dmochfrtr/image/upload/v1781203392/SmartEgypt_Restaurants/noyogwucnj71fbvn0rii.jpg,25,5589
307,Qahwa,Cafe,Cairo,Heliopolis,31.250796,30.055497,https://res.cloudinary.com/dmochfrtr/image/upload/v1781203393/SmartEgypt_Restaurants/b2qen0rrgxrzqtnfu8be.png,72,815
308,The Lemon Tree,Mediterranean,Cairo,Nasr City,31.245004,30.046436,https://res.cloudinary.com/dmochfrtr/image/upload/v1781203393/SmartEgypt_Restaurants/na1pbbxh3jtrms14trbv.jpg,280,2780
309,Indira,Asian Cuisine,Cairo,Heliopolis,31.218548,30.047067,https://res.cloudinary.com/dmochfrtr/image/upload/v1781203394/SmartEgypt_Restaurants/leib243zndyx2w8bihw7.jpg,115,3575
310,Sizzler,Steakhouse,Cairo,Downtown,31.248451,30.025819,https://res.cloudinary.com/dmochfrtr/image/upload/v1781203394/SmartEgypt_Restaurants/crvxjn4loa2ajk9dsfgr.jpg,60,800
311,Koshary Hend,Koshary,Cairo,Heliopolis,31.241085,30.051771,https://res.cloudinary.com/dmochfrtr/image/upload/v1781203395/SmartEgypt_Restaurants/ure55vxpqv9hdzirxxn7.jpg,20,280
312,Cilantro,Cafe,Cairo,Zamalek,31.24085,30.063325,https://res.cloudinary.com/dmochfrtr/image/upload/v1781203396/SmartEgypt_Restaurants/v3cbjr7u2nzppnvuuvx5.jpg,59,165
313,Lucille’s,American Diner,Cairo,Heliopolis,31.233622,30.057408,https://res.cloudinary.com/dmochfrtr/image/upload/v1781203396/SmartEgypt_Restaurants/oivcoxr3jjalg9bbakmk.jpg,45,832
314,El Doksh,Seafood,Cairo,Maadi,31.250633,30.024752,https://res.cloudinary.com/dmochfrtr/image/upload/v1781203397/SmartEgypt_Restaurants/a98racwxjfzyis3lhdff.png,44,645
315,Koshary El Tahrir,Koshary,Cairo,Nasr City,31.251504,30.025051,https://res.cloudinary.com/dmochfrtr/image/upload/v1781203398/SmartEgypt_Restaurants/wiqvxuj9y3mfxoumximx.jpg,10,300
316,Shawarma El Reem,Shawarma,Cairo,Nasr City,31.25546,30.063831,https://res.cloudinary.com/dmochfrtr/image/upload/v1781203398/SmartEgypt_Restaurants/gglsgmfhthti52g1ypvk.jpg,20,615
317,Tamara,Lebanese,Cairo,Maadi,31.254404,30.049251,https://res.cloudinary.com/dmochfrtr/image/upload/v1781203399/SmartEgypt_Restaurants/bgoqcxudlvmmil3aq9tq.jpg,30,1650
318,Koshary El Tahrir,Koshary,Cairo,Maadi,31.252648,30.044637,https://res.cloudinary.com/dmochfrtr/image/upload/v1781203399/SmartEgypt_Restaurants/ickm7eamdcj3ni9bpabl.jpg,10,300
319,Sizzler,Steakhouse,Cairo,Heliopolis,31.235586,30.044126,https://res.cloudinary.com/dmochfrtr/image/upload/v1781203400/SmartEgypt_Restaurants/pa0hsj59ymtey9z0wggn.jpg,60,800
320,Lucille’s,American Diner,Cairo,Maadi,31.244795,30.052444,https://res.cloudinary.com/dmochfrtr/image/upload/v1781203400/SmartEgypt_Restaurants/ztormcigerutbrwjzzl6.jpg,45,832
321,Fuddruckers,Burgers,Cairo,Nasr City,31.245244,30.033565,https://res.cloudinary.com/dmochfrtr/image/upload/v1781203401/SmartEgypt_Restaurants/kb5hlwfqmmd8jdke70wn.jpg,30,1020
322,Starbucks,Cafe,Cairo,Nasr City,31.237947,30.048551,https://res.cloudinary.com/dmochfrtr/image/upload/v1781203402/SmartEgypt_Restaurants/gwymigi4gmloirac86lm.jpg,20,1100
323,Gaby’s,European,Cairo,Zamalek,31.238526,30.060517,https://res.cloudinary.com/dmochfrtr/image/upload/v1781203402/SmartEgypt_Restaurants/rpsd708ftde6pnnagqur.jpg,45,1083
324,Mori Sushi,Asian Cuisine,Cairo,Maadi,31.2441,30.055866,https://res.cloudinary.com/dmochfrtr/image/upload/v1781203403/SmartEgypt_Restaurants/nw32tpfgkojeqlsz52ds.jpg,42,1725
325,Maison de Curry,Indian,Cairo,Downtown,31.220075,30.048998,https://res.cloudinary.com/dmochfrtr/image/upload/v1781203403/SmartEgypt_Restaurants/zhqn6v19gm8tkenqth0u.jpg,699,1560
326,Tabla Luna,Latin American,Cairo,Zamalek,31.250893,30.026719,https://res.cloudinary.com/dmochfrtr/image/upload/v1781203404/SmartEgypt_Restaurants/eijup1ojwmop1qii5f0s.jpg,12,485
327,Koshary El Tahrir,Koshary,Cairo,Nasr City,31.244236,30.060907,https://res.cloudinary.com/dmochfrtr/image/upload/v1781203405/SmartEgypt_Restaurants/rmdvvbvddphkmgiie8ol.jpg,10,300
328,Koshary El Tahrir,Koshary,Cairo,Nasr City,31.222298,30.037638,https://res.cloudinary.com/dmochfrtr/image/upload/v1781203405/SmartEgypt_Restaurants/y4s2b51irzyjl5owmkcn.jpg,10,300
329,El Doksh,Seafood,Cairo,Heliopolis,31.249438,30.062259,https://res.cloudinary.com/dmochfrtr/image/upload/v1781203406/SmartEgypt_Restaurants/aeccpijmyco7jzrkgyee.png,44,645
330,Sizzler,Steakhouse,Cairo,Nasr City,31.251787,30.048041,https://res.cloudinary.com/dmochfrtr/image/upload/v1781203407/SmartEgypt_Restaurants/rhcyikhsbzffwonhzggy.jpg,60,800
331,Gad,Egyptian Cuisine,Cairo,Maadi,31.218384,30.064074,https://res.cloudinary.com/dmochfrtr/image/upload/v1781203407/SmartEgypt_Restaurants/ndogjbrme3l2ro14osna.jpg,11,210
332,Maison Thomas,Italian,Cairo,Zamalek,31.249687,30.052251,https://res.cloudinary.com/dmochfrtr/image/upload/v1781203408/SmartEgypt_Restaurants/rv6rvnrqk0tis86kfeev.webp,47,740
333,Wel3a,Grill,Cairo,Downtown,31.255535,30.026332,https://res.cloudinary.com/dmochfrtr/image/upload/v1781203408/SmartEgypt_Restaurants/kymlujv07bg29f8owrct.jpg,5,340
334,Pier 88,Seafood,Cairo,Downtown,31.238702,30.04116,https://res.cloudinary.com/dmochfrtr/image/upload/v1781203409/SmartEgypt_Restaurants/bp1kzd732bdz4uvf1stb.jpg,40,1000
335,Shawarma El Reem,Shawarma,Cairo,Maadi,31.243043,30.058556,https://res.cloudinary.com/dmochfrtr/image/upload/v1781203409/SmartEgypt_Restaurants/zff5wlnwlsow9q1q0ugh.jpg,20,615
336,Sizzler,Steakhouse,Cairo,Heliopolis,31.245752,30.030813,https://res.cloudinary.com/dmochfrtr/image/upload/v1781203410/SmartEgypt_Restaurants/za21en7qwbznbasymq8j.jpg,60,800
337,Peking,Asian Cuisine,Cairo,Downtown,31.224732,30.045526,https://res.cloudinary.com/dmochfrtr/image/upload/v1781203411/SmartEgypt_Restaurants/fbdvvg9ktcauiorrfxtd.jpg,40,556
338,TBS,Bakery,Cairo,Zamalek,31.221414,30.041118,https://res.cloudinary.com/dmochfrtr/image/upload/v1781203411/SmartEgypt_Restaurants/sccusbyibwumhdfzmrss.jpg,40,1310
339,Makani,Grill,Cairo,Downtown,31.242394,30.051415,https://res.cloudinary.com/dmochfrtr/image/upload/v1781203412/SmartEgypt_Restaurants/ztgolezmkfb9m46mvesx.png,15,320
340,The Smokery,Fine Dining,Cairo,Heliopolis,31.244546,30.031654,https://res.cloudinary.com/dmochfrtr/image/upload/v1781203413/SmartEgypt_Restaurants/sqsk64a69smkgfpjgglt.jpg,310,3350
341,Gaby’s,European,Cairo,Zamalek,31.248473,30.027302,https://res.cloudinary.com/dmochfrtr/image/upload/v1781203414/SmartEgypt_Restaurants/halmfnsdvnjlxw9ld8eu.jpg,45,1083
342,El Menoufy,Grill,Cairo,Heliopolis,31.220987,30.047729,https://res.cloudinary.com/dmochfrtr/image/upload/v1781203414/SmartEgypt_Restaurants/c4c6trfbjnjrlmqkm6jl.jpg,25,5589
343,Shawarma El Reem,Shawarma,Cairo,Maadi,31.254968,30.035174,https://res.cloudinary.com/dmochfrtr/image/upload/v1781203415/SmartEgypt_Restaurants/kurejrbnfwgvdoyhhjag.jpg,20,615
344,Costa Coffee,Cafe,Cairo,Zamalek,31.241298,30.055808,https://res.cloudinary.com/dmochfrtr/image/upload/v1781203415/SmartEgypt_Restaurants/uxwpfe6pgf87l3g2mfo9.jpg,40,220
345,Lucille’s,American Diner,Cairo,Heliopolis,31.239035,30.046783,https://res.cloudinary.com/dmochfrtr/image/upload/v1781203416/SmartEgypt_Restaurants/sxvr9yb0sg55a96m3605.jpg,45,832
346,Tamara,Lebanese,Cairo,Zamalek,31.240049,30.037451,https://res.cloudinary.com/dmochfrtr/image/upload/v1781203416/SmartEgypt_Restaurants/ef9bnzv3h3bwepescyqt.jpg,30,1650
347,Lucille’s,American Diner,Cairo,Downtown,31.23864,30.046482,https://res.cloudinary.com/dmochfrtr/image/upload/v1781203417/SmartEgypt_Restaurants/jwkhwcsi9qo0vhrvshnh.jpg,45,832
348,Kazouza,Egyptian Street Food,Cairo,Nasr City,31.235176,30.026964,https://res.cloudinary.com/dmochfrtr/image/upload/v1781203417/SmartEgypt_Restaurants/qbb5aurnj14abkbupbmd.jpg,17,280
349,Chicken Fil-A,Fried Chicken,Cairo,Nasr City,31.219642,30.033662,https://res.cloudinary.com/dmochfrtr/image/upload/v1781203418/SmartEgypt_Restaurants/bjsxbr8t8l2tpkmxuzww.jpg,15,177
350,Mori Sushi,Asian Cuisine,Cairo,Zamalek,31.239958,30.025397,https://res.cloudinary.com/dmochfrtr/image/upload/v1781203419/SmartEgypt_Restaurants/wh6sqvmwiydtnmqsk6ce.jpg,42,1725
351,Chicken Fil-A,Fried Chicken,Cairo,Zamalek,31.234932,30.04291,https://res.cloudinary.com/dmochfrtr/image/upload/v1781203419/SmartEgypt_Restaurants/hsgltsyzxfyon0enjmzb.jpg,15,177
352,Shawarma El Reem,Shawarma,Cairo,Nasr City,31.23474,30.054821,https://res.cloudinary.com/dmochfrtr/image/upload/v1781203420/SmartEgypt_Restaurants/dyjooujtnkwqmabnvnow.jpg,20,615
353,Chicken Fil-A,Fried Chicken,Cairo,Zamalek,31.216639,30.036275,https://res.cloudinary.com/dmochfrtr/image/upload/v1781203420/SmartEgypt_Restaurants/ru8igxhob5oynnv7sajv.jpg,15,177
354,El Doksh,Seafood,Cairo,Heliopolis,31.247293,30.046355,https://res.cloudinary.com/dmochfrtr/image/upload/v1781203421/SmartEgypt_Restaurants/cp45sz79qhwutycdsjyd.png,44,645
355,Butcher's Burger,Burgers,Cairo,Heliopolis,31.227358,30.059995,https://res.cloudinary.com/dmochfrtr/image/upload/v1781203422/SmartEgypt_Restaurants/gncnvbyezel2xlmcxw9a.jpg,40,450
356,Mo Bistro,Steakhouse,Cairo,Maadi,31.253857,30.025374,https://res.cloudinary.com/dmochfrtr/image/upload/v1781203423/SmartEgypt_Restaurants/dzhtvdzuxdzmwzb9cjew.jpg,45,1550
357,Mori Sushi,Asian Cuisine,Cairo,Heliopolis,31.24391,30.033414,https://res.cloudinary.com/dmochfrtr/image/upload/v1781203423/SmartEgypt_Restaurants/c4ivahioeuxs8zedrwju.jpg,42,1725
358,Fish Market,Seafood,Cairo,Downtown,31.239302,30.035531,https://res.cloudinary.com/dmochfrtr/image/upload/v1781203424/SmartEgypt_Restaurants/bgngpv3fn7ehiazpr5nd.png,15,435
359,Arabiata,Egyptian Cuisine,Cairo,Heliopolis,31.237701,30.047285,https://res.cloudinary.com/dmochfrtr/image/upload/v1781203424/SmartEgypt_Restaurants/q6pwstxwpzq3dufe5kee.jpg,8,178
360,Beano's,Cafe,Cairo,Downtown,31.233049,30.030973,https://res.cloudinary.com/dmochfrtr/image/upload/v1781203425/SmartEgypt_Restaurants/sxxelucmivygwe8wp480.jpg,80,630
361,Cilantro,Cafe,Cairo,Zamalek,31.242513,30.059476,https://res.cloudinary.com/dmochfrtr/image/upload/v1781203426/SmartEgypt_Restaurants/yeqerpb2h9tckp8n0fpo.jpg,59,165
362,El Menoufy,Grill,Cairo,Heliopolis,31.254826,30.0574,https://res.cloudinary.com/dmochfrtr/image/upload/v1781203427/SmartEgypt_Restaurants/xdmmbj5gchh5phd3t6d3.jpg,25,5589
363,Mo Bistro,Steakhouse,Cairo,Maadi,31.226453,30.059219,https://res.cloudinary.com/dmochfrtr/image/upload/v1781203427/SmartEgypt_Restaurants/q9mgvl955l5qlwvvpw9f.jpg,45,1550
364,Gringo's,Mexican,Cairo,Downtown,31.223765,30.063002,https://res.cloudinary.com/dmochfrtr/image/upload/v1781203428/SmartEgypt_Restaurants/ntmlisrnjsuuimedjcsg.jpg,33,625
365,Mori Sushi,Asian Cuisine,Cairo,Downtown,31.233018,30.062409,https://res.cloudinary.com/dmochfrtr/image/upload/v1781203429/SmartEgypt_Restaurants/e6h0pbcnrvgu8tcqlfip.jpg,42,1725
366,Arabiata,Egyptian Cuisine,Cairo,Heliopolis,31.233237,30.031088,https://res.cloudinary.com/dmochfrtr/image/upload/v1781203430/SmartEgypt_Restaurants/s9tsjbige4nmqva6byyc.jpg,8,178
367,El Menoufy,Grill,Cairo,Maadi,31.244573,30.045191,https://res.cloudinary.com/dmochfrtr/image/upload/v1781203430/SmartEgypt_Restaurants/qinuk15kqtf7nwbone6f.jpg,25,5589
368,Kazouza,Egyptian Street Food,Cairo,Zamalek,31.234333,30.061798,https://res.cloudinary.com/dmochfrtr/image/upload/v1781203431/SmartEgypt_Restaurants/oywdw6l5hnjv38ywbnxu.jpg,17,280
369,Mo Bistro,Steakhouse,Cairo,Maadi,31.22558,30.029352,https://res.cloudinary.com/dmochfrtr/image/upload/v1781203432/SmartEgypt_Restaurants/mmohe1dnxppkknlmofew.jpg,45,1550
370,Paul,Bakery,Cairo,Heliopolis,31.242679,30.052604,https://res.cloudinary.com/dmochfrtr/image/upload/v1781203432/SmartEgypt_Restaurants/ubd8mzarzezouf0zxnkm.jpg,39,1099
371,Fuddruckers,Burgers,Cairo,Downtown,31.24066,30.051671,https://res.cloudinary.com/dmochfrtr/image/upload/v1781203433/SmartEgypt_Restaurants/gbm3amf0nl3kmhztqfg4.jpg,30,1020
372,Seoudi,Casual Dining,Cairo,Heliopolis,31.225752,30.047358,https://res.cloudinary.com/dmochfrtr/image/upload/v1781203433/SmartEgypt_Restaurants/ow7ybf8cruvcpp7sgmkm.jpg,20,1738
373,Paul,Bakery,Cairo,Zamalek,31.232714,30.026991,https://res.cloudinary.com/dmochfrtr/image/upload/v1781203434/SmartEgypt_Restaurants/dradigxed1qkhbp6cnmo.jpg,39,1099
374,Indira,Asian Cuisine,Cairo,Downtown,31.24702,30.060789,https://res.cloudinary.com/dmochfrtr/image/upload/v1781203435/SmartEgypt_Restaurants/bcvltsx2wpc7z3nkjpvy.jpg,115,3575
375,Chicken Fil-A,Fried Chicken,Cairo,Maadi,31.252293,30.026405,https://res.cloudinary.com/dmochfrtr/image/upload/v1781203435/SmartEgypt_Restaurants/i2fwccgzlffbmpt7bpfy.jpg,15,177
376,Pier 88,Seafood,Cairo,Nasr City,31.229286,30.037788,https://res.cloudinary.com/dmochfrtr/image/upload/v1781203436/SmartEgypt_Restaurants/ycpmzfgxiurddxhqzshy.jpg,40,1000
377,Seoudi,Casual Dining,Cairo,Maadi,31.229986,30.030447,https://res.cloudinary.com/dmochfrtr/image/upload/v1781203437/SmartEgypt_Restaurants/b2xb55g5x8ihdmulbwj8.jpg,20,1738
378,Qahwa,Cafe,Cairo,Maadi,31.251924,30.034207,https://res.cloudinary.com/dmochfrtr/image/upload/v1781203437/SmartEgypt_Restaurants/cu3srshop3c5txwnnxou.png,72,815
379,Mo Bistro,Steakhouse,Cairo,Downtown,31.222649,30.025308,https://res.cloudinary.com/dmochfrtr/image/upload/v1781203438/SmartEgypt_Restaurants/adrxebo616tapcuhdqt6.jpg,45,1550
380,Sizzler,Steakhouse,Cairo,Nasr City,31.251114,30.026294,https://res.cloudinary.com/dmochfrtr/image/upload/v1781203439/SmartEgypt_Restaurants/gkx21b2uyyxfyuhyfsqg.jpg,60,800
381,Zooba,Egyptian Street Food,Cairo,Heliopolis,31.238319,30.031413,https://res.cloudinary.com/dmochfrtr/image/upload/v1781203439/SmartEgypt_Restaurants/rmtktzpaqzcp1b7vjwhh.jpg,26,460
382,Fuddruckers,Burgers,Cairo,Zamalek,31.220837,30.044145,https://res.cloudinary.com/dmochfrtr/image/upload/v1781203440/SmartEgypt_Restaurants/p26achkhzglz5yyt79m8.jpg,30,1020
383,Sizzler,Steakhouse,Cairo,Downtown,31.229647,30.032006,https://res.cloudinary.com/dmochfrtr/image/upload/v1781203440/SmartEgypt_Restaurants/a5d5ejikcoku6hieq0mk.jpg,60,800
384,The Smokery,Fine Dining,Cairo,Nasr City,31.241234,30.024872,https://res.cloudinary.com/dmochfrtr/image/upload/v1781203441/SmartEgypt_Restaurants/nzjyww5gro0xo4upgu9m.jpg,310,3350
385,Caracas,Lebanese,Cairo,Heliopolis,31.241904,30.044505,https://res.cloudinary.com/dmochfrtr/image/upload/v1781203441/SmartEgypt_Restaurants/wndjpwvfvn0mnnxw0akz.jpg,62,550
386,The Lemon Tree,Mediterranean,Cairo,Downtown,31.243897,30.038077,https://res.cloudinary.com/dmochfrtr/image/upload/v1781203442/SmartEgypt_Restaurants/ueymdlmq82tubqclza4m.jpg,280,2780
387,Fuddruckers,Burgers,Cairo,Downtown,31.232842,30.056563,https://res.cloudinary.com/dmochfrtr/image/upload/v1781203443/SmartEgypt_Restaurants/xf3dgte6pti6yxaovuch.jpg,30,1020
388,Chicken Fil-A,Fried Chicken,Cairo,Downtown,31.224688,30.051579,https://res.cloudinary.com/dmochfrtr/image/upload/v1781203443/SmartEgypt_Restaurants/ujdbrwjrhcq8lgpunuhp.jpg,15,177
389,Makani,Grill,Cairo,Heliopolis,31.23684,30.052391,https://res.cloudinary.com/dmochfrtr/image/upload/v1781203444/SmartEgypt_Restaurants/ij3egs0lgwxc9hpuohvv.png,15,320
390,El Doksh,Seafood,Cairo,Maadi,31.233762,30.043761,https://res.cloudinary.com/dmochfrtr/image/upload/v1781203445/SmartEgypt_Restaurants/bvbsr0hw84km1wbplipr.png,44,645
391,Beano's,Cafe,Cairo,Downtown,31.233676,30.034959,https://res.cloudinary.com/dmochfrtr/image/upload/v1781203445/SmartEgypt_Restaurants/x3vfduueueval7me3rr3.jpg,80,630
392,Maison Thomas,Italian,Cairo,Nasr City,31.218186,30.06136,https://res.cloudinary.com/dmochfrtr/image/upload/v1781203446/SmartEgypt_Restaurants/ruerci6lwzmekpfnnynx.webp,47,740
393,Caracas,Lebanese,Cairo,Maadi,31.250091,30.037862,https://res.cloudinary.com/dmochfrtr/image/upload/v1781203446/SmartEgypt_Restaurants/nxtqlzj3ntdtysjt7kfu.jpg,62,550
394,Gad,Egyptian Cuisine,Cairo,Zamalek,31.241175,30.03921,https://res.cloudinary.com/dmochfrtr/image/upload/v1781203447/SmartEgypt_Restaurants/mwkdrixqj7gotxjrvfdb.jpg,11,210
395,Tamara,Lebanese,Cairo,Downtown,31.233096,30.036382,https://res.cloudinary.com/dmochfrtr/image/upload/v1781203448/SmartEgypt_Restaurants/ijfehz23gmzged6cewyh.jpg,30,1650
396,Caracas,Lebanese,Cairo,Heliopolis,31.215892,30.031189,https://res.cloudinary.com/dmochfrtr/image/upload/v1781203448/SmartEgypt_Restaurants/nv5tdvkywnpgakqeopxv.jpg,62,550
397,Mo Bistro,Steakhouse,Cairo,Heliopolis,31.253012,30.043373,https://res.cloudinary.com/dmochfrtr/image/upload/v1781203449/SmartEgypt_Restaurants/vvslpcsbouwlmxnhadrc.jpg,45,1550
398,El Dahan,Egyptian Cuisine,Cairo,Zamalek,31.248007,30.053537,https://res.cloudinary.com/dmochfrtr/image/upload/v1781203450/SmartEgypt_Restaurants/nw6umu1oh0dsb6ipp1qv.jpg,30,1220
399,Butcher's Burger,Burgers,Cairo,Heliopolis,31.235014,30.06101,https://res.cloudinary.com/dmochfrtr/image/upload/v1781203450/SmartEgypt_Restaurants/mg1nx3nn9nlrgytdaabc.jpg,40,450
400,Starbucks,Cafe,Cairo,Maadi,31.221849,30.044128,https://res.cloudinary.com/dmochfrtr/image/upload/v1781203451/SmartEgypt_Restaurants/z1md37cwzberd9yxlra8.jpg,20,1100
401,Costa Coffee,Cafe,Cairo,Zamalek,31.242469,30.043533,https://res.cloudinary.com/dmochfrtr/image/upload/v1781203452/SmartEgypt_Restaurants/wbvv7tc5bwp5b1jtpem8.jpg,40,220
402,Bazooka,Burgers,Cairo,Zamalek,31.241822,30.027337,https://res.cloudinary.com/dmochfrtr/image/upload/v1781203452/SmartEgypt_Restaurants/noiveor01sdkvjkhyqfk.jpg,30,1020
403,Caracas,Lebanese,Cairo,Nasr City,31.253154,30.038667,https://res.cloudinary.com/dmochfrtr/image/upload/v1781203453/SmartEgypt_Restaurants/nogap8ptbqnzi0gbkxry.jpg,62,550
404,Zooba,Egyptian Street Food,Cairo,Maadi,31.21886,30.035121,https://res.cloudinary.com/dmochfrtr/image/upload/v1781203453/SmartEgypt_Restaurants/gyy2pbw8jjletk8sr4re.jpg,26,460
405,Costa Coffee,Cafe,Cairo,Maadi,31.227367,30.047107,https://res.cloudinary.com/dmochfrtr/image/upload/v1781203454/SmartEgypt_Restaurants/kbxjzbuwhhrg6fy8hjwo.jpg,40,220
406,Wel3a,Grill,Cairo,Heliopolis,31.218451,30.049346,https://res.cloudinary.com/dmochfrtr/image/upload/v1781203455/SmartEgypt_Restaurants/wxsaigpfh7qotiar18ko.jpg,5,340
407,Indira,Asian Cuisine,Cairo,Maadi,31.231867,30.050966,https://res.cloudinary.com/dmochfrtr/image/upload/v1781203455/SmartEgypt_Restaurants/mf6mdraa4v3ma69q0vbe.jpg,115,3575
408,Spectra,Casual Dining,Cairo,Nasr City,31.220681,30.049178,https://res.cloudinary.com/dmochfrtr/image/upload/v1781203456/SmartEgypt_Restaurants/jko7b0wcyaxxhsf9cmca.jpg,80,1990
409,Bazooka,Burgers,Cairo,Nasr City,31.217697,30.024557,https://res.cloudinary.com/dmochfrtr/image/upload/v1781203456/SmartEgypt_Restaurants/qy5y8djvsid5luugb8il.jpg,30,1020
410,Koshary El Tahrir,Koshary,Cairo,Zamalek,31.252749,30.053236,https://res.cloudinary.com/dmochfrtr/image/upload/v1781203457/SmartEgypt_Restaurants/pda5khjzvzbldjbpkukh.jpg,10,300
411,Sizzler,Steakhouse,Cairo,Heliopolis,31.248095,30.062805,https://res.cloudinary.com/dmochfrtr/image/upload/v1781203458/SmartEgypt_Restaurants/osoq0ucfoio78kharq4c.jpg,60,800
412,Mo Bistro,Steakhouse,Cairo,Downtown,31.232377,30.034033,https://res.cloudinary.com/dmochfrtr/image/upload/v1781203459/SmartEgypt_Restaurants/mpgymxlffrb4r20h8qot.jpg,45,1550
413,Maison Thomas,Italian,Cairo,Nasr City,31.238657,30.0482,https://res.cloudinary.com/dmochfrtr/image/upload/v1781203459/SmartEgypt_Restaurants/rkxsgbfzcikyyuvnqytl.webp,47,740
414,Seoudi,Casual Dining,Cairo,Heliopolis,31.246391,30.047735,https://res.cloudinary.com/dmochfrtr/image/upload/v1781203460/SmartEgypt_Restaurants/inrhskgmlv8fdbimsbbh.jpg,20,1738
415,Arabiata,Egyptian Cuisine,Cairo,Zamalek,31.220889,30.049586,https://res.cloudinary.com/dmochfrtr/image/upload/v1781203461/SmartEgypt_Restaurants/vca4hjtgrwoo5eas3cbi.jpg,8,178
416,Mo Bistro,Steakhouse,Cairo,Heliopolis,31.233387,30.029913,https://res.cloudinary.com/dmochfrtr/image/upload/v1781203462/SmartEgypt_Restaurants/nddld9anznvhfa7nqhim.jpg,45,1550
417,Maison de Curry,Indian,Cairo,Heliopolis,31.240446,30.026338,https://res.cloudinary.com/dmochfrtr/image/upload/v1781203462/SmartEgypt_Restaurants/ony8imdavyqw9k2d4i0c.jpg,699,1560
418,Arabiata,Egyptian Cuisine,Cairo,Downtown,31.228161,30.045418,https://res.cloudinary.com/dmochfrtr/image/upload/v1781203463/SmartEgypt_Restaurants/gt7mhrtv6wld1v9rfmrs.jpg,8,178
419,Seoudi,Casual Dining,Giza,Sheikh Zayed,31.195115,30.019998,https://res.cloudinary.com/dmochfrtr/image/upload/v1781203463/SmartEgypt_Restaurants/eiclw0vr6iiaedpo3wpx.jpg,20,1738
420,Shawarma El Reem,Shawarma,Giza,Mohandessin,31.2095,29.996844,https://res.cloudinary.com/dmochfrtr/image/upload/v1781203464/SmartEgypt_Restaurants/wuq2vxhckvulruympnfr.jpg,20,615
421,Gaby’s,European,Giza,Haram,31.22262,30.019499,https://res.cloudinary.com/dmochfrtr/image/upload/v1781203465/SmartEgypt_Restaurants/nuxyhhomqlo0q4k1by8n.jpg,45,1083
422,Crave,International,Giza,Sheikh Zayed,31.224628,30.0173,https://res.cloudinary.com/dmochfrtr/image/upload/v1781203466/SmartEgypt_Restaurants/wpkvmkwnz7kxmc8a4bby.jpg,61,1750
423,Peking,Asian Cuisine,Giza,Dokki,31.218508,30.031525,https://res.cloudinary.com/dmochfrtr/image/upload/v1781203466/SmartEgypt_Restaurants/lgfmavaekvfj007qo4m7.jpg,40,556
424,El Menoufy,Grill,Giza,Dokki,31.192868,30.013545,https://res.cloudinary.com/dmochfrtr/image/upload/v1781203467/SmartEgypt_Restaurants/uqkcxx4pu3mhoev065i4.jpg,25,5589
425,Shawarma El Reem,Shawarma,Giza,Haram,31.193746,29.999449,https://res.cloudinary.com/dmochfrtr/image/upload/v1781203467/SmartEgypt_Restaurants/titl7idw5hpzntcayt3x.jpg,20,615
426,Starbucks,Cafe,Giza,Haram,31.194232,30.019763,https://res.cloudinary.com/dmochfrtr/image/upload/v1781203468/SmartEgypt_Restaurants/pp0ky48qqs3ultnytloe.jpg,20,1100
427,Tabla Luna,Latin American,Giza,Sheikh Zayed,31.225791,30.01277,https://res.cloudinary.com/dmochfrtr/image/upload/v1781203469/SmartEgypt_Restaurants/gxv6ssqcv7brbgchd6sn.jpg,12,485
428,Zooba,Egyptian Street Food,Giza,6th of October,31.203846,30.027528,https://res.cloudinary.com/dmochfrtr/image/upload/v1781203470/SmartEgypt_Restaurants/vtp9zqm59c9rpjr0bz4u.jpg,26,460
429,Maison de Curry,Indian,Giza,Mohandessin,31.222768,30.00584,https://res.cloudinary.com/dmochfrtr/image/upload/v1781203470/SmartEgypt_Restaurants/hopptilanfuzxkzqctc4.jpg,699,1560
430,Kazouza,Egyptian Street Food,Giza,Haram,31.221621,30.024833,https://res.cloudinary.com/dmochfrtr/image/upload/v1781203471/SmartEgypt_Restaurants/og3mkfi1mxi26nenqmsc.jpg,17,280
431,TBS,Bakery,Giza,Mohandessin,31.188976,30.016702,https://res.cloudinary.com/dmochfrtr/image/upload/v1781203472/SmartEgypt_Restaurants/l4pajsrn3jgotymfr5ws.jpg,40,1310
432,Caracas,Lebanese,Giza,Haram,31.228219,30.014453,https://res.cloudinary.com/dmochfrtr/image/upload/v1781203472/SmartEgypt_Restaurants/ib8ezzvespkraaqoimos.jpg,62,550
433,Arabiata,Egyptian Cuisine,Giza,Dokki,31.222565,30.003536,https://res.cloudinary.com/dmochfrtr/image/upload/v1781203473/SmartEgypt_Restaurants/o7tqu7rltcw0gr9ht6wl.jpg,8,178
434,El Menoufy,Grill,Giza,Dokki,31.221448,29.999984,https://res.cloudinary.com/dmochfrtr/image/upload/v1781203473/SmartEgypt_Restaurants/gip6gmxnu2kmd8k3t5c4.jpg,25,5589
435,30 North,Cafe,Giza,Mohandessin,31.224706,29.996768,https://res.cloudinary.com/dmochfrtr/image/upload/v1781203474/SmartEgypt_Restaurants/l1fq3vi0cq7tq6gyp4dy.jpg,60,1400
436,Paul,Bakery,Giza,Haram,31.193447,30.000951,https://res.cloudinary.com/dmochfrtr/image/upload/v1781203474/SmartEgypt_Restaurants/pzmabm6yjyeceezllf0l.jpg,39,1099
437,Indira,Asian Cuisine,Giza,6th of October,31.213128,30.007118,https://res.cloudinary.com/dmochfrtr/image/upload/v1781203475/SmartEgypt_Restaurants/d0t4brgazjxnefcivnd2.jpg,115,3575
438,Starbucks,Cafe,Giza,Mohandessin,31.208552,30.015253,https://res.cloudinary.com/dmochfrtr/image/upload/v1781203476/SmartEgypt_Restaurants/hlc2fq9ggipm382skdnk.jpg,20,1100
439,Crave,International,Giza,Haram,31.204752,30.014058,https://res.cloudinary.com/dmochfrtr/image/upload/v1781203476/SmartEgypt_Restaurants/xhlfpztbswhsodcryxha.jpg,61,1750
440,Shawarma El Reem,Shawarma,Giza,Haram,31.214749,29.996303,https://res.cloudinary.com/dmochfrtr/image/upload/v1781203477/SmartEgypt_Restaurants/dgtpbkxthz13ve0lj4od.jpg,20,615
441,Mo Bistro,Steakhouse,Giza,Dokki,31.211975,30.008475,https://res.cloudinary.com/dmochfrtr/image/upload/v1781203477/SmartEgypt_Restaurants/vngczcgegk3u6hanqyvu.jpg,45,1550
442,Koshary Hend,Koshary,Giza,Dokki,31.205639,30.021493,https://res.cloudinary.com/dmochfrtr/image/upload/v1781203478/SmartEgypt_Restaurants/v3p4xv1fm5msp2r9nosm.jpg,20,280
443,Buffalo Burger,Burgers,Giza,6th of October,31.211398,30.007137,https://res.cloudinary.com/dmochfrtr/image/upload/v1781203478/SmartEgypt_Restaurants/xrdx5tatqajuwdq628jo.jpg,45,807
444,El Menoufy,Grill,Giza,Mohandessin,31.197674,30.000408,https://res.cloudinary.com/dmochfrtr/image/upload/v1781203479/SmartEgypt_Restaurants/riekii6b0etdzehjrxav.jpg,25,5589
445,Le Pacha 1901,Fine Dining,Giza,Mohandessin,31.210971,30.023193,https://res.cloudinary.com/dmochfrtr/image/upload/v1781203480/SmartEgypt_Restaurants/bbq3xhz9nmtpmeoamrxf.jpg,17,262
446,Wel3a,Grill,Giza,Mohandessin,31.201063,30.008045,https://res.cloudinary.com/dmochfrtr/image/upload/v1781203480/SmartEgypt_Restaurants/etpdyodholuuhukc28nv.jpg,5,340
447,Sizzler,Steakhouse,Giza,Dokki,31.213067,30.000802,https://res.cloudinary.com/dmochfrtr/image/upload/v1781203481/SmartEgypt_Restaurants/asxhmfmhb9la0nja4mly.jpg,60,800
448,Abou Haidar,Sandwiches,Giza,6th of October,31.212916,30.020156,https://res.cloudinary.com/dmochfrtr/image/upload/v1781203481/SmartEgypt_Restaurants/dduhjngo7qnp8s24etz6.jpg,10,330
449,Gringo's,Mexican,Giza,Mohandessin,31.20311,30.024848,https://res.cloudinary.com/dmochfrtr/image/upload/v1781203482/SmartEgypt_Restaurants/ho2w2joomnjlcxjx0lj6.jpg,33,625
450,Makani,Grill,Giza,Mohandessin,31.207079,30.008768,https://res.cloudinary.com/dmochfrtr/image/upload/v1781203482/SmartEgypt_Restaurants/t4yosixwionlycgjaadf.png,15,320
451,Peking,Asian Cuisine,Giza,Haram,31.214392,30.031946,https://res.cloudinary.com/dmochfrtr/image/upload/v1781203483/SmartEgypt_Restaurants/wjnsj6ietgys6f5smobs.jpg,40,556
452,Mori Sushi,Asian Cuisine,Giza,Mohandessin,31.208316,30.012396,https://res.cloudinary.com/dmochfrtr/image/upload/v1781203483/SmartEgypt_Restaurants/kycpzpbiyektl6tv4fhh.jpg,42,1725
453,Spectra,Casual Dining,Giza,Dokki,31.213338,30.02386,https://res.cloudinary.com/dmochfrtr/image/upload/v1781203484/SmartEgypt_Restaurants/oyi1kapfnzam1i9xl5cn.jpg,80,1990
454,Mori Sushi,Asian Cuisine,Giza,Mohandessin,31.201775,30.028726,https://res.cloudinary.com/dmochfrtr/image/upload/v1781203485/SmartEgypt_Restaurants/mb4qtrv4orqwqmlaopuu.jpg,42,1725
455,Costa Coffee,Cafe,Giza,Mohandessin,31.227236,30.031638,https://res.cloudinary.com/dmochfrtr/image/upload/v1781203485/SmartEgypt_Restaurants/imlxjyscldrtdkxbpexb.jpg,40,220
456,Crave,International,Giza,Sheikh Zayed,31.199645,30.003544,https://res.cloudinary.com/dmochfrtr/image/upload/v1781203486/SmartEgypt_Restaurants/kmsqadkgb4f7tc4ipk5e.jpg,61,1750
457,Kazouza,Egyptian Street Food,Giza,Sheikh Zayed,31.199196,30.020491,https://res.cloudinary.com/dmochfrtr/image/upload/v1781203486/SmartEgypt_Restaurants/p06bfewhrzpjyyjrvawd.jpg,17,280
458,Mo Bistro,Steakhouse,Giza,Mohandessin,31.226738,30.016837,https://res.cloudinary.com/dmochfrtr/image/upload/v1781203487/SmartEgypt_Restaurants/zgvsrmehoraidfsqjib5.jpg,45,1550
459,Le Pacha 1901,Fine Dining,Giza,Haram,31.228204,30.013688,https://res.cloudinary.com/dmochfrtr/image/upload/v1781203487/SmartEgypt_Restaurants/lndizwwv204tu36pmtsr.jpg,17,262
460,Makani,Grill,Giza,Sheikh Zayed,31.189158,30.009747,https://res.cloudinary.com/dmochfrtr/image/upload/v1781203488/SmartEgypt_Restaurants/rigkzppxqhrqdc1kps3z.png,15,320
461,El Dahan,Egyptian Cuisine,Giza,Mohandessin,31.200716,30.013043,https://res.cloudinary.com/dmochfrtr/image/upload/v1781203489/SmartEgypt_Restaurants/gvia5totefybd9pvti1b.jpg,30,1220
462,El Menoufy,Grill,Giza,Sheikh Zayed,31.205149,30.006253,https://res.cloudinary.com/dmochfrtr/image/upload/v1781203490/SmartEgypt_Restaurants/r0fazywf6fbdnypmg1ux.jpg,25,5589
463,Beano's,Cafe,Giza,6th of October,31.207994,30.030105,https://res.cloudinary.com/dmochfrtr/image/upload/v1781203491/SmartEgypt_Restaurants/wzy5z1wyor1pwvek1nzh.jpg,80,630
464,Butcher's Burger,Burgers,Giza,Mohandessin,31.21992,30.001428,https://res.cloudinary.com/dmochfrtr/image/upload/v1781203491/SmartEgypt_Restaurants/wry3nd4shwbmxrdjnh50.jpg,40,450
465,Butcher's Burger,Burgers,Giza,Haram,31.224287,30.02773,https://res.cloudinary.com/dmochfrtr/image/upload/v1781203492/SmartEgypt_Restaurants/y01vfnv5pzkisg5r7vxd.jpg,40,450
466,Peking,Asian Cuisine,Giza,Haram,31.218469,30.026137,https://res.cloudinary.com/dmochfrtr/image/upload/v1781203493/SmartEgypt_Restaurants/tuegdzlcd8qpxgdrs5jp.jpg,40,556
467,Le Pacha 1901,Fine Dining,Giza,Sheikh Zayed,31.217924,29.999582,https://res.cloudinary.com/dmochfrtr/image/upload/v1781203493/SmartEgypt_Restaurants/ussl3zewe0j1aulk1hwg.jpg,17,262
468,Tabla Luna,Latin American,Giza,Dokki,31.224261,30.032845,https://res.cloudinary.com/dmochfrtr/image/upload/v1781203494/SmartEgypt_Restaurants/xduut62la5gk5k6m0f3y.jpg,12,485
469,Le Pacha 1901,Fine Dining,Giza,Mohandessin,31.222472,30.03043,https://res.cloudinary.com/dmochfrtr/image/upload/v1781203494/SmartEgypt_Restaurants/lrxxoysfrfzphq3uz73c.jpg,17,262
470,Seoudi,Casual Dining,Giza,Sheikh Zayed,31.211894,30.024897,https://res.cloudinary.com/dmochfrtr/image/upload/v1781203495/SmartEgypt_Restaurants/ejaflvq7l3jflscynrlf.jpg,20,1738
471,Seoudi,Casual Dining,Giza,Sheikh Zayed,31.223306,30.003442,https://res.cloudinary.com/dmochfrtr/image/upload/v1781203496/SmartEgypt_Restaurants/uhy7rzjxlwdylk4hejgq.jpg,20,1738
472,Lucille’s,American Diner,Giza,Mohandessin,31.228469,29.997325,https://res.cloudinary.com/dmochfrtr/image/upload/v1781203496/SmartEgypt_Restaurants/qrwbe6n22nv05832urgd.jpg,45,832
473,El Menoufy,Grill,Giza,Haram,31.2093,30.008457,https://res.cloudinary.com/dmochfrtr/image/upload/v1781203497/SmartEgypt_Restaurants/krld4psgptugtclgwjdw.jpg,25,5589
474,Koshary Hend,Koshary,Giza,Dokki,31.208879,29.995916,https://res.cloudinary.com/dmochfrtr/image/upload/v1781203498/SmartEgypt_Restaurants/b8ql6zgw6pgiba86vwwx.jpg,20,280
475,Mori Sushi,Asian Cuisine,Giza,Haram,31.208249,30.002025,https://res.cloudinary.com/dmochfrtr/image/upload/v1781203498/SmartEgypt_Restaurants/qejz22e6qfgc81b2nxme.jpg,42,1725
476,TBS,Bakery,Giza,Sheikh Zayed,31.210461,30.0328,https://res.cloudinary.com/dmochfrtr/image/upload/v1781203500/SmartEgypt_Restaurants/twjjr0ts5ytkzupdtcg2.jpg,40,1310
477,Koshary El Tahrir,Koshary,Giza,Haram,31.223631,30.03282,https://res.cloudinary.com/dmochfrtr/image/upload/v1781203500/SmartEgypt_Restaurants/bmgfmivnoyhxijkngngh.jpg,10,300
478,Paul,Bakery,Giza,Sheikh Zayed,31.204052,30.030439,https://res.cloudinary.com/dmochfrtr/image/upload/v1781203506/SmartEgypt_Restaurants/wqv8o9oowbndyl35n0kk.jpg,39,1099
479,Kazouza,Egyptian Street Food,Giza,Sheikh Zayed,31.189106,30.005866,https://res.cloudinary.com/dmochfrtr/image/upload/v1781203507/SmartEgypt_Restaurants/qjpkggd6k54f9olvoraz.jpg,17,280
480,Abou Haidar,Sandwiches,Giza,Mohandessin,31.206833,30.010167,https://res.cloudinary.com/dmochfrtr/image/upload/v1781203507/SmartEgypt_Restaurants/pdsvaedygij8mje155zk.jpg,10,330
481,Maison Thomas,Italian,Giza,6th of October,31.228797,30.020426,https://res.cloudinary.com/dmochfrtr/image/upload/v1781203508/SmartEgypt_Restaurants/s5td2dhb4e7u11l2jptw.webp,47,740
482,Chicken Fil-A,Fried Chicken,Giza,Mohandessin,31.191169,30.012303,https://res.cloudinary.com/dmochfrtr/image/upload/v1781203509/SmartEgypt_Restaurants/abiep2jdtl9le14k4new.jpg,15,177
483,Chicken Fil-A,Fried Chicken,Giza,Haram,31.196492,30.002701,https://res.cloudinary.com/dmochfrtr/image/upload/v1781203509/SmartEgypt_Restaurants/z1xtfrkzr94m86dlcqee.jpg,15,177
484,Shawarma El Reem,Shawarma,Giza,Haram,31.194692,30.020471,https://res.cloudinary.com/dmochfrtr/image/upload/v1781203510/SmartEgypt_Restaurants/toy686fthhtqzeoswetq.jpg,20,615
485,Gaby’s,European,Giza,Haram,31.203528,30.023406,https://res.cloudinary.com/dmochfrtr/image/upload/v1781203511/SmartEgypt_Restaurants/gjklopu8zwxzcf0pnlwx.jpg,45,1083
486,Makani,Grill,Giza,Dokki,31.21589,29.995558,https://res.cloudinary.com/dmochfrtr/image/upload/v1781203512/SmartEgypt_Restaurants/kfqsyvfjuxbogonysvfx.png,15,320
487,Shawarma El Reem,Shawarma,Giza,Dokki,31.195151,30.005943,https://res.cloudinary.com/dmochfrtr/image/upload/v1781203512/SmartEgypt_Restaurants/lrfghasaaqf2dhblrza5.jpg,20,615
488,Lucille’s,American Diner,Giza,Mohandessin,31.189915,30.00593,https://res.cloudinary.com/dmochfrtr/image/upload/v1781203513/SmartEgypt_Restaurants/qzvhtfmlbnykflami68o.jpg,45,832
489,30 North,Cafe,Giza,Dokki,31.223312,30.021567,https://res.cloudinary.com/dmochfrtr/image/upload/v1781203513/SmartEgypt_Restaurants/jtxgs426tayhipy8pyec.jpg,60,1400
490,Sizzler,Steakhouse,Giza,Mohandessin,31.190637,30.004102,https://res.cloudinary.com/dmochfrtr/image/upload/v1781203514/SmartEgypt_Restaurants/h3ub2q2czzxvlch31izc.jpg,60,800
491,Starbucks,Cafe,Giza,Mohandessin,31.215055,30.031872,https://res.cloudinary.com/dmochfrtr/image/upload/v1781203515/SmartEgypt_Restaurants/pzevszados3l3nhatiie.jpg,20,1100
492,El Menoufy,Grill,Giza,Sheikh Zayed,31.203368,30.0022,https://res.cloudinary.com/dmochfrtr/image/upload/v1781203516/SmartEgypt_Restaurants/d1vwsspruakiwwusqtes.jpg,25,5589
493,Kazouza,Egyptian Street Food,Giza,Sheikh Zayed,31.227764,30.011554,https://res.cloudinary.com/dmochfrtr/image/upload/v1781203517/SmartEgypt_Restaurants/yqyx1gts6g1peps7l6lh.jpg,17,280
494,El Doksh,Seafood,Giza,6th of October,31.216135,30.015833,https://res.cloudinary.com/dmochfrtr/image/upload/v1781203517/SmartEgypt_Restaurants/h3ggah1oc7mnfaztjcqe.png,44,645
495,Pier 88,Seafood,Giza,Dokki,31.227529,30.016037,https://res.cloudinary.com/dmochfrtr/image/upload/v1781203518/SmartEgypt_Restaurants/khqrd2ykqzbm5zhwjlvo.jpg,40,1000
496,TBS,Bakery,Giza,Haram,31.225392,30.028329,https://res.cloudinary.com/dmochfrtr/image/upload/v1781203519/SmartEgypt_Restaurants/wgkr1urihqgunpuyytus.jpg,40,1310
497,Koshary El Tahrir,Koshary,Giza,Mohandessin,31.227024,30.010838,https://res.cloudinary.com/dmochfrtr/image/upload/v1781203519/SmartEgypt_Restaurants/ti4ukyv9mqaeqnuy6ru9.jpg,10,300
498,Gaby’s,European,Giza,Haram,31.210702,30.011482,https://res.cloudinary.com/dmochfrtr/image/upload/v1781203520/SmartEgypt_Restaurants/ga4lsp8gaqz4rs2yxrln.jpg,45,1083
499,Zooba,Egyptian Street Food,Giza,Sheikh Zayed,31.210598,30.023999,https://res.cloudinary.com/dmochfrtr/image/upload/v1781203521/SmartEgypt_Restaurants/zbuqc0dldbfyr2knh1de.jpg,26,460
500,Costa Coffee,Cafe,Giza,Mohandessin,31.202689,30.013762,https://res.cloudinary.com/dmochfrtr/image/upload/v1781203521/SmartEgypt_Restaurants/kwtgspzrko2evo1uistu.jpg,40,220
501,Hawawshi El Refaay,Grill,Giza,Dokki,31.225457,29.99891,https://res.cloudinary.com/dmochfrtr/image/upload/v1781203522/SmartEgypt_Restaurants/ifrmrb6tse31vrkkkslp.jpg,60,1400
502,Butcher's Burger,Burgers,Giza,Sheikh Zayed,31.218839,30.005988,https://res.cloudinary.com/dmochfrtr/image/upload/v1781203523/SmartEgypt_Restaurants/broqtelfzrhykdritua7.jpg,40,450
503,Sizzler,Steakhouse,Giza,6th of October,31.224688,30.024664,https://res.cloudinary.com/dmochfrtr/image/upload/v1781203523/SmartEgypt_Restaurants/lq9kaiiix3ktqbq7lyuk.jpg,60,800
504,Buffalo Burger,Burgers,Giza,Dokki,31.189664,30.002234,https://res.cloudinary.com/dmochfrtr/image/upload/v1781203524/SmartEgypt_Restaurants/kajfoxqyedtq4ep8lfrf.jpg,45,807
505,Koshary El Tahrir,Koshary,Giza,Haram,31.207036,30.029716,https://res.cloudinary.com/dmochfrtr/image/upload/v1781203525/SmartEgypt_Restaurants/dli7lmhw5byyddlxez9k.jpg,10,300
506,Costa Coffee,Cafe,Giza,Haram,31.191819,30.002343,https://res.cloudinary.com/dmochfrtr/image/upload/v1781203525/SmartEgypt_Restaurants/qh6tpkzgieikzvkx6xhz.jpg,40,220
507,Paul,Bakery,Giza,6th of October,31.220965,30.028061,https://res.cloudinary.com/dmochfrtr/image/upload/v1781203526/SmartEgypt_Restaurants/g3u1d2hvdbvwiyvcwp2p.jpg,39,1099
508,Tamara,Lebanese,Giza,Dokki,31.212327,30.017214,https://res.cloudinary.com/dmochfrtr/image/upload/v1781203527/SmartEgypt_Restaurants/izwtbfivufiv1s59bnbm.jpg,30,1650
509,Sizzler,Steakhouse,Giza,Sheikh Zayed,31.204268,30.026353,https://res.cloudinary.com/dmochfrtr/image/upload/v1781203527/SmartEgypt_Restaurants/h6kuz3clnzfxbgk3rimd.jpg,60,800
510,Indira,Asian Cuisine,Giza,Haram,31.216588,30.018876,https://res.cloudinary.com/dmochfrtr/image/upload/v1781203528/SmartEgypt_Restaurants/ugejnm1nnidcngprlwbl.jpg,115,3575
511,Gaby’s,European,Giza,Sheikh Zayed,31.226472,30.016194,https://res.cloudinary.com/dmochfrtr/image/upload/v1781203530/SmartEgypt_Restaurants/lkfymdtg8xo6gs048lmr.jpg,45,1083
512,The Smokery,Fine Dining,Giza,Dokki,31.226551,30.024308,https://res.cloudinary.com/dmochfrtr/image/upload/v1781203530/SmartEgypt_Restaurants/mcsrtd0hvibv6y7jru4o.jpg,310,3350
513,Makani,Grill,Giza,Haram,31.201853,30.028161,https://res.cloudinary.com/dmochfrtr/image/upload/v1781203531/SmartEgypt_Restaurants/bw7nuwayk41unxopmxyo.png,15,320
514,Fish Market,Seafood,Giza,Dokki,31.216529,30.019059,https://res.cloudinary.com/dmochfrtr/image/upload/v1781203531/SmartEgypt_Restaurants/a5drdeeyb9ai4xne7mdp.png,15,435
515,Costa Coffee,Cafe,Giza,Sheikh Zayed,31.206248,30.026619,https://res.cloudinary.com/dmochfrtr/image/upload/v1781203532/SmartEgypt_Restaurants/bipb2sgub5v18bton0oi.jpg,40,220
516,Buffalo Burger,Burgers,Giza,Dokki,31.193148,30.019207,https://res.cloudinary.com/dmochfrtr/image/upload/v1781203533/SmartEgypt_Restaurants/nz9mp7nhkhjnlrmspino.jpg,45,807
517,Seoudi,Casual Dining,Giza,Mohandessin,31.214274,29.997303,https://res.cloudinary.com/dmochfrtr/image/upload/v1781203533/SmartEgypt_Restaurants/erltlijevmxjriews6m0.jpg,20,1738
518,TBS,Bakery,Giza,Sheikh Zayed,31.192575,30.022452,https://res.cloudinary.com/dmochfrtr/image/upload/v1781203534/SmartEgypt_Restaurants/ecl6wvlwcx1oqykitahc.jpg,40,1310
519,El Doksh,Seafood,Giza,6th of October,31.207489,29.999802,https://res.cloudinary.com/dmochfrtr/image/upload/v1781203534/SmartEgypt_Restaurants/x0folnlutmodackb2z1z.png,44,645
520,Gaby’s,European,Giza,Dokki,31.211693,30.007787,https://res.cloudinary.com/dmochfrtr/image/upload/v1781203535/SmartEgypt_Restaurants/h8amrqitxxtximxs5azr.jpg,45,1083
521,The Smokery,Fine Dining,Giza,6th of October,31.210711,29.99973,https://res.cloudinary.com/dmochfrtr/image/upload/v1781203536/SmartEgypt_Restaurants/a2zlvqngfyrh8spczuya.jpg,310,3350
522,Mori Sushi,Asian Cuisine,Giza,Dokki,31.228224,30.024677,https://res.cloudinary.com/dmochfrtr/image/upload/v1781203536/SmartEgypt_Restaurants/hl7b0wh2i2p2xy8fdcrk.jpg,42,1725
523,Kazouza,Egyptian Street Food,Giza,Mohandessin,31.191629,30.016496,https://res.cloudinary.com/dmochfrtr/image/upload/v1781203537/SmartEgypt_Restaurants/yscwh3yvnzeese95kxtg.jpg,17,280
524,Mo Bistro,Steakhouse,Giza,Mohandessin,31.216494,30.027096,https://res.cloudinary.com/dmochfrtr/image/upload/v1781203538/SmartEgypt_Restaurants/hp5rzjc8ngtomnq828xw.jpg,45,1550
525,Gad,Egyptian Cuisine,Giza,6th of October,31.2236,29.99752,https://res.cloudinary.com/dmochfrtr/image/upload/v1781203538/SmartEgypt_Restaurants/ziptdqxnpt7doynkzafa.jpg,11,210
526,Hawawshi El Refaay,Grill,Giza,Mohandessin,31.202897,30.008852,https://res.cloudinary.com/dmochfrtr/image/upload/v1781203539/SmartEgypt_Restaurants/p1osxpwitco1odtp6tth.jpg,60,1400
527,Cilantro,Cafe,Giza,6th of October,31.204691,30.017519,https://res.cloudinary.com/dmochfrtr/image/upload/v1781203539/SmartEgypt_Restaurants/c2ybhz3ntayxqorqubcm.jpg,59,165
528,Mori Sushi,Asian Cuisine,Giza,Sheikh Zayed,31.190926,29.993506,https://res.cloudinary.com/dmochfrtr/image/upload/v1781203540/SmartEgypt_Restaurants/dvhtltjzjdcffxun58ys.jpg,42,1725
529,Lucille’s,American Diner,Giza,Dokki,31.217508,30.000376,https://res.cloudinary.com/dmochfrtr/image/upload/v1781203540/SmartEgypt_Restaurants/u1g7sdwxm5xldxcwekcp.jpg,45,832
530,Crave,International,Giza,Dokki,31.195915,30.02742,https://res.cloudinary.com/dmochfrtr/image/upload/v1781203541/SmartEgypt_Restaurants/ftsn56ylg8qx10wwzglp.jpg,61,1750
531,The Lemon Tree,Mediterranean,Giza,6th of October,31.215022,30.011627,https://res.cloudinary.com/dmochfrtr/image/upload/v1781203542/SmartEgypt_Restaurants/hxkjoliqrx6caovv12qt.jpg,280,2780
532,TBS,Bakery,Giza,6th of October,31.220062,30.001477,https://res.cloudinary.com/dmochfrtr/image/upload/v1781203542/SmartEgypt_Restaurants/lgvfiytlzrrmtxzbx2kt.jpg,40,1310
533,Maison de Curry,Indian,Giza,Haram,31.205176,30.00922,https://res.cloudinary.com/dmochfrtr/image/upload/v1781203543/SmartEgypt_Restaurants/pd8mg3sor6cilxjpthwf.jpg,699,1560
534,Maison Thomas,Italian,Giza,6th of October,31.213551,30.005086,https://res.cloudinary.com/dmochfrtr/image/upload/v1781203544/SmartEgypt_Restaurants/chhsave8g0b9ee6ucllo.webp,47,740
535,Paul,Bakery,Giza,Sheikh Zayed,31.226431,29.999299,https://res.cloudinary.com/dmochfrtr/image/upload/v1781203544/SmartEgypt_Restaurants/pgsylbqj03pwyxai8z7a.jpg,39,1099
536,Paul,Bakery,Giza,6th of October,31.222104,30.006502,https://res.cloudinary.com/dmochfrtr/image/upload/v1781203545/SmartEgypt_Restaurants/edfsprtn7d3nhdr8qdhq.jpg,39,1099
537,Gad,Egyptian Cuisine,Giza,6th of October,31.215607,29.993867,https://res.cloudinary.com/dmochfrtr/image/upload/v1781203546/SmartEgypt_Restaurants/htetxsnj9gwhmaxw9ycu.jpg,11,210
538,Maison Thomas,Italian,Giza,Dokki,31.202795,30.003936,https://res.cloudinary.com/dmochfrtr/image/upload/v1781203546/SmartEgypt_Restaurants/t6vet431u4u26pqxmxvo.webp,47,740
539,Maison Thomas,Italian,Giza,Dokki,31.202084,30.005255,https://res.cloudinary.com/dmochfrtr/image/upload/v1781203547/SmartEgypt_Restaurants/eyvlfwiv8pbzdxdq9wci.webp,47,740
540,Tamara,Lebanese,Giza,Sheikh Zayed,31.19769,29.995676,https://res.cloudinary.com/dmochfrtr/image/upload/v1781203547/SmartEgypt_Restaurants/ffajrb7zvauho5t0bvpj.jpg,30,1650
541,Crave,International,Giza,Haram,31.21111,30.016772,https://res.cloudinary.com/dmochfrtr/image/upload/v1781203548/SmartEgypt_Restaurants/zqeyxz9flv46eyzlzxpv.jpg,61,1750
542,Arabiata,Egyptian Cuisine,Giza,Haram,31.204476,30.010526,https://res.cloudinary.com/dmochfrtr/image/upload/v1781203548/SmartEgypt_Restaurants/uaephlf5mxninm9nfzft.jpg,8,178
543,Arabiata,Egyptian Cuisine,Giza,Haram,31.226871,30.011223,https://res.cloudinary.com/dmochfrtr/image/upload/v1781203549/SmartEgypt_Restaurants/sgzvty350wd8ens232t6.jpg,8,178
544,Maison de Curry,Indian,Giza,Haram,31.195281,30.007676,https://res.cloudinary.com/dmochfrtr/image/upload/v1781203549/SmartEgypt_Restaurants/bvxkgwnun8l2gkedzvzy.jpg,699,1560
545,Koshary Hend,Koshary,Giza,6th of October,31.201507,30.028847,https://res.cloudinary.com/dmochfrtr/image/upload/v1781203550/SmartEgypt_Restaurants/obgsru0m7wfjr7qiitah.jpg,20,280
546,Starbucks,Cafe,Giza,6th of October,31.22184,30.026761,https://res.cloudinary.com/dmochfrtr/image/upload/v1781203551/SmartEgypt_Restaurants/xvplqzlofwxfklbixezz.jpg,20,1100
547,TBS,Bakery,Giza,6th of October,31.203096,30.015187,https://res.cloudinary.com/dmochfrtr/image/upload/v1781203551/SmartEgypt_Restaurants/gguxloyk1dlh75sktmhv.jpg,40,1310
548,Wel3a,Grill,Giza,Mohandessin,31.214959,30.019554,https://res.cloudinary.com/dmochfrtr/image/upload/v1781203552/SmartEgypt_Restaurants/py8vqattlvmor6gcxu6x.jpg,5,340
549,Wel3a,Grill,Giza,Haram,31.20124,30.032713,https://res.cloudinary.com/dmochfrtr/image/upload/v1781203553/SmartEgypt_Restaurants/vuxa0yx5vmeosa2dxqly.jpg,5,340
550,Costa Coffee,Cafe,Giza,Dokki,31.195702,30.013547,https://res.cloudinary.com/dmochfrtr/image/upload/v1781203553/SmartEgypt_Restaurants/abb890mh3wq6ay8a6edx.jpg,40,220
551,Maison Thomas,Italian,Giza,Mohandessin,31.20374,30.028099,https://res.cloudinary.com/dmochfrtr/image/upload/v1781203554/SmartEgypt_Restaurants/ipzis3746dvfujrproym.webp,47,740
552,Makani,Grill,Giza,Haram,31.19279,29.993216,https://res.cloudinary.com/dmochfrtr/image/upload/v1781203554/SmartEgypt_Restaurants/qrgimyn1by54eiw9goij.png,15,320
553,Gaby’s,European,Giza,6th of October,31.196059,30.017771,https://res.cloudinary.com/dmochfrtr/image/upload/v1781203555/SmartEgypt_Restaurants/kd2y9pzcmqhdb65abpix.jpg,45,1083
554,Crave,International,Giza,Sheikh Zayed,31.201802,30.030252,https://res.cloudinary.com/dmochfrtr/image/upload/v1781203556/SmartEgypt_Restaurants/enpluptqftghn6xzk2ad.jpg,61,1750
555,Gad,Egyptian Cuisine,Giza,Haram,31.200328,30.025184,https://res.cloudinary.com/dmochfrtr/image/upload/v1781203556/SmartEgypt_Restaurants/fyuavqftfvakkzdenclf.jpg,11,210
556,Pier 88,Seafood,Giza,6th of October,31.220733,29.996568,https://res.cloudinary.com/dmochfrtr/image/upload/v1781203557/SmartEgypt_Restaurants/jjm5ocxuwtuscx1ama0z.jpg,40,1000
557,Qahwa,Cafe,Giza,Haram,31.226453,29.998265,https://res.cloudinary.com/dmochfrtr/image/upload/v1781203557/SmartEgypt_Restaurants/yywzgpxs39twbvmmhpv7.png,72,815
558,Cilantro,Cafe,Giza,Mohandessin,31.191181,30.003082,https://res.cloudinary.com/dmochfrtr/image/upload/v1781203558/SmartEgypt_Restaurants/ekoj9bhxluudxxo6c6ly.jpg,59,165
559,Fuddruckers,Burgers,Giza,Mohandessin,31.199122,30.008619,https://res.cloudinary.com/dmochfrtr/image/upload/v1781203558/SmartEgypt_Restaurants/qwupezxqugkxjfnkokfl.jpg,30,1020
560,Gad,Egyptian Cuisine,Giza,Sheikh Zayed,31.195258,30.023284,https://res.cloudinary.com/dmochfrtr/image/upload/v1781203559/SmartEgypt_Restaurants/c4x3wobovprasidlaktc.jpg,11,210
561,Seoudi,Casual Dining,Giza,Haram,31.217954,30.032071,https://res.cloudinary.com/dmochfrtr/image/upload/v1781203559/SmartEgypt_Restaurants/udt1ufrus85o2crrqmuj.jpg,20,1738
562,Koshary Hend,Koshary,Giza,Sheikh Zayed,31.190806,30.013467,https://res.cloudinary.com/dmochfrtr/image/upload/v1781203560/SmartEgypt_Restaurants/yrdrp692iv3hjde1ngeg.jpg,20,280
563,Abou Haidar,Sandwiches,Giza,Sheikh Zayed,31.202551,30.022803,https://res.cloudinary.com/dmochfrtr/image/upload/v1781203561/SmartEgypt_Restaurants/ptizrjoh5kjpkkgyvkxk.jpg,10,330
564,Beano's,Cafe,Giza,Mohandessin,31.221767,30.013248,https://res.cloudinary.com/dmochfrtr/image/upload/v1781203561/SmartEgypt_Restaurants/yn91zfzqtuxy1rukpbmu.jpg,80,630
565,Butcher's Burger,Burgers,Giza,Haram,31.206092,30.008051,https://res.cloudinary.com/dmochfrtr/image/upload/v1781203562/SmartEgypt_Restaurants/c9w5nwjvmk0dczcsn8tp.jpg,40,450
566,Fish Market,Seafood,Giza,Mohandessin,31.226031,30.007613,https://res.cloudinary.com/dmochfrtr/image/upload/v1781203562/SmartEgypt_Restaurants/hfpux3cnepzhjnz0cfsp.png,15,435
567,Wel3a,Grill,Giza,Dokki,31.213158,30.006613,https://res.cloudinary.com/dmochfrtr/image/upload/v1781203563/SmartEgypt_Restaurants/m6nezfugo2fyrub7vilj.jpg,5,340
568,Caracas,Lebanese,Giza,6th of October,31.189284,30.014482,https://res.cloudinary.com/dmochfrtr/image/upload/v1781203564/SmartEgypt_Restaurants/cukxbrjbbxoa9taa5q6u.jpg,62,550
569,Zooba,Egyptian Street Food,Giza,Mohandessin,31.226453,30.029407,https://res.cloudinary.com/dmochfrtr/image/upload/v1781203565/SmartEgypt_Restaurants/oulg6rmpyacgbrrm7nhm.jpg,26,460
570,Maison Thomas,Italian,Giza,Dokki,31.195365,30.002556,https://res.cloudinary.com/dmochfrtr/image/upload/v1781203565/SmartEgypt_Restaurants/v3yl6ziypxjlvqmgrv6d.webp,47,740
571,Zooba,Egyptian Street Food,Giza,Mohandessin,31.195811,30.012898,https://res.cloudinary.com/dmochfrtr/image/upload/v1781203566/SmartEgypt_Restaurants/ihe6kfjb1rgaygrmuzpg.jpg,26,460
572,Crave,International,Giza,6th of October,31.206138,30.014513,https://res.cloudinary.com/dmochfrtr/image/upload/v1781203566/SmartEgypt_Restaurants/doggrzqh3zsd0tqmnd1s.jpg,61,1750
573,Seoudi,Casual Dining,Giza,Haram,31.214011,29.998097,https://res.cloudinary.com/dmochfrtr/image/upload/v1781203567/SmartEgypt_Restaurants/qjva6cooevi8g2jxgdjq.jpg,20,1738
574,Fish Market,Seafood,Giza,Mohandessin,31.228156,30.004371,https://res.cloudinary.com/dmochfrtr/image/upload/v1781203567/SmartEgypt_Restaurants/dkbtqycoh3vblhmyjcvu.png,15,435
575,Fish Market,Seafood,Giza,Haram,31.202107,30.027748,https://res.cloudinary.com/dmochfrtr/image/upload/v1781203568/SmartEgypt_Restaurants/r7lztatwg0azkbxqswip.png,15,435
576,Starbucks,Cafe,Giza,Mohandessin,31.216019,30.0072,https://res.cloudinary.com/dmochfrtr/image/upload/v1781203569/SmartEgypt_Restaurants/pbeqno58aw7kx2m59mpl.jpg,20,1100
577,Bazooka,Burgers,Giza,Haram,31.208761,30.015101,https://res.cloudinary.com/dmochfrtr/image/upload/v1781203570/SmartEgypt_Restaurants/weqmzbtkbdgcmtyxoa69.jpg,30,1020
578,Koshary Hend,Koshary,Giza,Haram,31.215088,30.012383,https://res.cloudinary.com/dmochfrtr/image/upload/v1781203570/SmartEgypt_Restaurants/tyfdqtunmvdjt8xatsbk.jpg,20,280
579,Beano's,Cafe,Giza,Mohandessin,31.20383,30.004193,https://res.cloudinary.com/dmochfrtr/image/upload/v1781203571/SmartEgypt_Restaurants/zcissditf6hbikljuahe.jpg,80,630
580,Tamara,Lebanese,Giza,Dokki,31.200065,30.00977,https://res.cloudinary.com/dmochfrtr/image/upload/v1781203571/SmartEgypt_Restaurants/jd6ahjwtrbisnh2w5lnc.jpg,30,1650
581,Koshary Hend,Koshary,Giza,6th of October,31.228624,30.016861,https://res.cloudinary.com/dmochfrtr/image/upload/v1781203572/SmartEgypt_Restaurants/td13gtwcboemcrjt9gyt.jpg,20,280
582,Kazouza,Egyptian Street Food,Giza,Sheikh Zayed,31.189234,30.033065,https://res.cloudinary.com/dmochfrtr/image/upload/v1781203572/SmartEgypt_Restaurants/sjcs1zencxe7m0fxdbcc.jpg,17,280
583,Pier 88,Seafood,Giza,Haram,31.210713,30.020908,https://res.cloudinary.com/dmochfrtr/image/upload/v1781203573/SmartEgypt_Restaurants/yjdzmrwunzpndfj1bqzx.jpg,40,1000
584,Pier 88,Seafood,Giza,6th of October,31.210304,30.026297,https://res.cloudinary.com/dmochfrtr/image/upload/v1781203573/SmartEgypt_Restaurants/a7kpsirgpop485ztzewp.jpg,40,1000
585,Cilantro,Cafe,Giza,Sheikh Zayed,31.227591,30.018383,https://res.cloudinary.com/dmochfrtr/image/upload/v1781203574/SmartEgypt_Restaurants/y2w27ahnvmwjtdaytcvt.jpg,59,165
586,Gad,Egyptian Cuisine,Giza,Mohandessin,31.226083,30.017081,https://res.cloudinary.com/dmochfrtr/image/upload/v1781203574/SmartEgypt_Restaurants/x1wwrtfyrdt5cqjildqv.jpg,11,210
587,Kazouza,Egyptian Street Food,Giza,Dokki,31.221255,30.001358,https://res.cloudinary.com/dmochfrtr/image/upload/v1781203575/SmartEgypt_Restaurants/mifi3ldbeap3ji2duunx.jpg,17,280
588,Arabiata,Egyptian Cuisine,Giza,Dokki,31.203333,30.018494,https://res.cloudinary.com/dmochfrtr/image/upload/v1781203575/SmartEgypt_Restaurants/zxtnngpqfq2ftjuackfp.jpg,8,178
589,Peking,Asian Cuisine,Giza,Haram,31.218457,29.993632,https://res.cloudinary.com/dmochfrtr/image/upload/v1781203576/SmartEgypt_Restaurants/xxmyelr8i48ybqt2ugv1.jpg,40,556
590,Zooba,Egyptian Street Food,Giza,Sheikh Zayed,31.194385,30.013106,https://res.cloudinary.com/dmochfrtr/image/upload/v1781203577/SmartEgypt_Restaurants/rxh3uwzvcxiydmurudw3.jpg,26,460
591,Sizzler,Steakhouse,Giza,6th of October,31.20126,29.997573,https://res.cloudinary.com/dmochfrtr/image/upload/v1781203577/SmartEgypt_Restaurants/fjjdwdgcku1qqvopauwu.jpg,60,800
592,Bazooka,Burgers,Giza,Haram,31.192905,30.029965,https://res.cloudinary.com/dmochfrtr/image/upload/v1781203577/SmartEgypt_Restaurants/emj49jnz57xkfn7yrifg.jpg,30,1020
593,TBS,Bakery,Giza,Mohandessin,31.218229,30.021866,https://res.cloudinary.com/dmochfrtr/image/upload/v1781203578/SmartEgypt_Restaurants/tcs1zzyvxfxfgmg3tbup.jpg,40,1310
594,Wel3a,Grill,Giza,6th of October,31.212438,30.032115,https://res.cloudinary.com/dmochfrtr/image/upload/v1781203578/SmartEgypt_Restaurants/k5btmkyon60eccel6rai.jpg,5,340
595,Costa Coffee,Cafe,Giza,Mohandessin,31.225561,30.018401,https://res.cloudinary.com/dmochfrtr/image/upload/v1781203579/SmartEgypt_Restaurants/u9fdbj673dms87m0okme.jpg,40,220
596,TBS,Bakery,Giza,6th of October,31.198816,30.015569,https://res.cloudinary.com/dmochfrtr/image/upload/v1781203580/SmartEgypt_Restaurants/mutb5x8snhxx0tqf6jcf.jpg,40,1310
597,Paul,Bakery,Giza,Haram,31.227532,30.03307,https://res.cloudinary.com/dmochfrtr/image/upload/v1781203580/SmartEgypt_Restaurants/ml96crg7bvkw04qf7kql.jpg,39,1099
598,Le Pacha 1901,Fine Dining,Giza,Dokki,31.226228,30.013285,https://res.cloudinary.com/dmochfrtr/image/upload/v1781203581/SmartEgypt_Restaurants/nkbzp6zvctfed5nxjnsd.jpg,17,262
599,The Smokery,Fine Dining,Giza,Haram,31.190856,30.005392,https://res.cloudinary.com/dmochfrtr/image/upload/v1781203581/SmartEgypt_Restaurants/j1k9orp1t32ep00nwa1d.jpg,310,3350
600,Qahwa,Cafe,Giza,Sheikh Zayed,31.201297,30.014367,https://res.cloudinary.com/dmochfrtr/image/upload/v1781203582/SmartEgypt_Restaurants/q0luhpchn6fmwi4qjiro.png,72,815
601,Chicken Fil-A,Fried Chicken,Giza,Dokki,31.204125,30.026401,https://res.cloudinary.com/dmochfrtr/image/upload/v1781203582/SmartEgypt_Restaurants/cvig9otyzujmqkwm2qzt.jpg,15,177
602,Makani,Grill,Giza,Mohandessin,31.222106,30.015956,https://res.cloudinary.com/dmochfrtr/image/upload/v1781203583/SmartEgypt_Restaurants/od6dlee06mddm6n9hzkn.png,15,320
603,Maison Thomas,Italian,Giza,6th of October,31.208403,30.029716,https://res.cloudinary.com/dmochfrtr/image/upload/v1781203584/SmartEgypt_Restaurants/erkzld7rw963nwobpfw6.webp,47,740
604,Le Pacha 1901,Fine Dining,Giza,6th of October,31.19127,29.996041,https://res.cloudinary.com/dmochfrtr/image/upload/v1781203585/SmartEgypt_Restaurants/qtkua8h3axk0g9kbtsgo.jpg,17,262
605,Sizzler,Steakhouse,Giza,Dokki,31.219174,29.998803,https://res.cloudinary.com/dmochfrtr/image/upload/v1781203585/SmartEgypt_Restaurants/baucf02xsalgf3zl7v8p.jpg,60,800
606,Le Pacha 1901,Fine Dining,Giza,Haram,31.189227,30.019854,https://res.cloudinary.com/dmochfrtr/image/upload/v1781203586/SmartEgypt_Restaurants/qlheoq2jthbqnjywyetu.jpg,17,262
607,Pier 88,Seafood,Giza,6th of October,31.191428,30.017318,https://res.cloudinary.com/dmochfrtr/image/upload/v1781203586/SmartEgypt_Restaurants/nxpjynmlfobemm4xhdnl.jpg,40,1000
608,Hawawshi El Refaay,Grill,Giza,6th of October,31.189402,30.020546,https://res.cloudinary.com/dmochfrtr/image/upload/v1781203587/SmartEgypt_Restaurants/cvhsrdnu8rvvylzgm5hd.jpg,60,1400
609,Crave,International,Giza,Sheikh Zayed,31.19548,30.023701,https://res.cloudinary.com/dmochfrtr/image/upload/v1781203587/SmartEgypt_Restaurants/upskoufwhesnmaotrunv.jpg,61,1750
610,Fuddruckers,Burgers,Giza,6th of October,31.200177,30.031704,https://res.cloudinary.com/dmochfrtr/image/upload/v1781203588/SmartEgypt_Restaurants/sp16tsbaenzqmqd6rgnv.jpg,30,1020
611,Koshary Hend,Koshary,Giza,Dokki,31.217653,30.022743,https://res.cloudinary.com/dmochfrtr/image/upload/v1781203588/SmartEgypt_Restaurants/gtxeexuajjswitbincy5.jpg,20,280
612,The Lemon Tree,Mediterranean,Hurghada,Sahl Hasheesh,33.793687,27.251303,https://res.cloudinary.com/dmochfrtr/image/upload/v1781203589/SmartEgypt_Restaurants/bklbfzf9cox1zoc75khs.jpg,280,2780
613,Qahwa,Cafe,Hurghada,Sheraton Road,33.82976,27.270447,https://res.cloudinary.com/dmochfrtr/image/upload/v1781203589/SmartEgypt_Restaurants/frqzd0zp9ctmjcifoehi.png,72,815
614,Caracas,Lebanese,Hurghada,Sahl Hasheesh,33.831129,27.250859,https://res.cloudinary.com/dmochfrtr/image/upload/v1781203590/SmartEgypt_Restaurants/xmxdtmgurc8wvjuwveof.jpg,62,550
615,Caracas,Lebanese,Hurghada,Makadi Bay,33.82264,27.274199,https://res.cloudinary.com/dmochfrtr/image/upload/v1781203590/SmartEgypt_Restaurants/h6vrmutbefklw5jcsiyr.jpg,62,550
616,Qahwa,Cafe,Hurghada,Sheraton Road,33.796179,27.243494,https://res.cloudinary.com/dmochfrtr/image/upload/v1781203591/SmartEgypt_Restaurants/ljlzautdmppw6lteels9.png,72,815
617,Hawawshi El Refaay,Grill,Hurghada,Makadi Bay,33.80088,27.250658,https://res.cloudinary.com/dmochfrtr/image/upload/v1781203592/SmartEgypt_Restaurants/uuotnfzlroyuvnmk6s7z.jpg,60,1400
618,Maison de Curry,Indian,Hurghada,Dahar,33.792028,27.257671,https://res.cloudinary.com/dmochfrtr/image/upload/v1781203593/SmartEgypt_Restaurants/omentg6hcs9zhxmc66s0.jpg,699,1560
619,The Smokery,Fine Dining,Hurghada,Dahar,33.817085,27.264051,https://res.cloudinary.com/dmochfrtr/image/upload/v1781203593/SmartEgypt_Restaurants/rotsxljup8wnobxdvev5.jpg,310,3350
620,Spectra,Casual Dining,Hurghada,Sahl Hasheesh,33.80077,27.256946,https://res.cloudinary.com/dmochfrtr/image/upload/v1781203594/SmartEgypt_Restaurants/iwavt3kptnkoye8rjnge.jpg,80,1990
621,Starbucks,Cafe,Hurghada,El Gouna,33.819985,27.255763,https://res.cloudinary.com/dmochfrtr/image/upload/v1781203595/SmartEgypt_Restaurants/g1hrhl0enlx1lvgw3kjc.jpg,20,1100
622,Seoudi,Casual Dining,Hurghada,El Gouna,33.817182,27.252443,https://res.cloudinary.com/dmochfrtr/image/upload/v1781203596/SmartEgypt_Restaurants/jn4wer86z8tgdi4otyj8.jpg,20,1738
623,Makani,Grill,Hurghada,Makadi Bay,33.818437,27.256095,https://res.cloudinary.com/dmochfrtr/image/upload/v1781203596/SmartEgypt_Restaurants/zlasdjve870r5o8vckgd.png,15,320
624,Tamara,Lebanese,Hurghada,Sheraton Road,33.811541,27.238232,https://res.cloudinary.com/dmochfrtr/image/upload/v1781203597/SmartEgypt_Restaurants/gxderqlelghqd3bosyfn.jpg,30,1650
625,Tamara,Lebanese,Hurghada,Makadi Bay,33.820295,27.277236,https://res.cloudinary.com/dmochfrtr/image/upload/v1781203597/SmartEgypt_Restaurants/ds4h3aytb4lu0wovfupu.jpg,30,1650
626,Gad,Egyptian Cuisine,Hurghada,El Gouna,33.814236,27.263417,https://res.cloudinary.com/dmochfrtr/image/upload/v1781203598/SmartEgypt_Restaurants/qwqra2cqzbaw5yyotade.jpg,11,210
627,Mori Sushi,Asian Cuisine,Hurghada,Dahar,33.812841,27.271335,https://res.cloudinary.com/dmochfrtr/image/upload/v1781203599/SmartEgypt_Restaurants/ffuzhzgc2jeyhfsn1yi3.jpg,42,1725
628,Beano's,Cafe,Hurghada,Makadi Bay,33.794379,27.248552,https://res.cloudinary.com/dmochfrtr/image/upload/v1781203599/SmartEgypt_Restaurants/fgrsau4sg4rn25yk4wi3.jpg,80,630
629,Beano's,Cafe,Hurghada,Sahl Hasheesh,33.826397,27.254931,https://res.cloudinary.com/dmochfrtr/image/upload/v1781203600/SmartEgypt_Restaurants/msfytbs6lwp8fr1jo9tc.jpg,80,630
630,Fuddruckers,Burgers,Hurghada,Makadi Bay,33.82725,27.258552,https://res.cloudinary.com/dmochfrtr/image/upload/v1781203600/SmartEgypt_Restaurants/tyqemtxngl3nrqqurzbt.jpg,30,1020
631,Makani,Grill,Hurghada,El Gouna,33.791989,27.270365,https://res.cloudinary.com/dmochfrtr/image/upload/v1781203601/SmartEgypt_Restaurants/mst7f7z3xsizfd4cv4ui.png,15,320
632,Seoudi,Casual Dining,Hurghada,Dahar,33.815551,27.254341,https://res.cloudinary.com/dmochfrtr/image/upload/v1781203602/SmartEgypt_Restaurants/qsfroivwcrzgooz6k2co.jpg,20,1738
633,Buffalo Burger,Burgers,Hurghada,Sheraton Road,33.805851,27.27416,https://res.cloudinary.com/dmochfrtr/image/upload/v1781203602/SmartEgypt_Restaurants/fn79ytw9hggunhm8u2er.jpg,45,807
634,Spectra,Casual Dining,Hurghada,Dahar,33.818819,27.256709,https://res.cloudinary.com/dmochfrtr/image/upload/v1781203603/SmartEgypt_Restaurants/ow50w2vsdstfqvhcpij7.jpg,80,1990
635,Tamara,Lebanese,Hurghada,Sahl Hasheesh,33.81423,27.273997,https://res.cloudinary.com/dmochfrtr/image/upload/v1781203603/SmartEgypt_Restaurants/ylzecx5yt63stx1wwcfq.jpg,30,1650
636,Crave,International,Hurghada,Sahl Hasheesh,33.808759,27.271949,https://res.cloudinary.com/dmochfrtr/image/upload/v1781203604/SmartEgypt_Restaurants/pywftqylghcgsbjjka81.jpg,61,1750
637,Beano's,Cafe,Hurghada,Sheraton Road,33.814191,27.266667,https://res.cloudinary.com/dmochfrtr/image/upload/v1781203604/SmartEgypt_Restaurants/o1nbkjrm8agi9tievylj.jpg,80,630
638,Indira,Asian Cuisine,Hurghada,Dahar,33.814844,27.241817,https://res.cloudinary.com/dmochfrtr/image/upload/v1781203605/SmartEgypt_Restaurants/fc2vjwbro0ji2nwpgfxj.jpg,115,3575
639,Koshary Hend,Koshary,Hurghada,Dahar,33.79288,27.243055,https://res.cloudinary.com/dmochfrtr/image/upload/v1781203605/SmartEgypt_Restaurants/e7xp6vr3g6rfvnu9getu.jpg,20,280
640,Seoudi,Casual Dining,Hurghada,Makadi Bay,33.806317,27.251149,https://res.cloudinary.com/dmochfrtr/image/upload/v1781203606/SmartEgypt_Restaurants/otzz05srb2i3sxo9sesp.jpg,20,1738
641,Mori Sushi,Asian Cuisine,Hurghada,Sahl Hasheesh,33.813031,27.27005,https://res.cloudinary.com/dmochfrtr/image/upload/v1781203606/SmartEgypt_Restaurants/vbgox3zeljo162jv9xqy.jpg,42,1725
642,Kazouza,Egyptian Street Food,Hurghada,Sahl Hasheesh,33.811991,27.251447,https://res.cloudinary.com/dmochfrtr/image/upload/v1781203607/SmartEgypt_Restaurants/lgt2kuhur1ksu5ojav5y.jpg,17,280
643,Paul,Bakery,Hurghada,Sahl Hasheesh,33.806743,27.265262,https://res.cloudinary.com/dmochfrtr/image/upload/v1781203607/SmartEgypt_Restaurants/k0yidj9ou2nbbpdddp40.jpg,39,1099
644,Fish Market,Seafood,Hurghada,El Gouna,33.820713,27.269782,https://res.cloudinary.com/dmochfrtr/image/upload/v1781203608/SmartEgypt_Restaurants/fjshgit0cetshtx0iwy8.png,15,435
645,Chicken Fil-A,Fried Chicken,Hurghada,Makadi Bay,33.798841,27.25947,https://res.cloudinary.com/dmochfrtr/image/upload/v1781203608/SmartEgypt_Restaurants/lich6plm39w97musxcjv.jpg,15,177
646,Peking,Asian Cuisine,Hurghada,Sheraton Road,33.799681,27.252896,https://res.cloudinary.com/dmochfrtr/image/upload/v1781203609/SmartEgypt_Restaurants/f05sbans7nhzxqiabccj.jpg,40,556
647,Chicken Fil-A,Fried Chicken,Hurghada,Dahar,33.795096,27.266336,https://res.cloudinary.com/dmochfrtr/image/upload/v1781203609/SmartEgypt_Restaurants/zmruuji0kdb8qvurcxiz.jpg,15,177
648,Zooba,Egyptian Street Food,Hurghada,Makadi Bay,33.824217,27.242572,https://res.cloudinary.com/dmochfrtr/image/upload/v1781203610/SmartEgypt_Restaurants/k7y6wqunvjn2wkarlogu.jpg,26,460
649,Gringo's,Mexican,Hurghada,Sahl Hasheesh,33.827767,27.263235,https://res.cloudinary.com/dmochfrtr/image/upload/v1781203610/SmartEgypt_Restaurants/bydyxvbgnssho2izqwhk.jpg,33,625
650,El Menoufy,Grill,Hurghada,El Gouna,33.82974,27.269685,https://res.cloudinary.com/dmochfrtr/image/upload/v1781203611/SmartEgypt_Restaurants/w0ess9k3ijopa7ivrmtg.jpg,25,5589
651,Tabla Luna,Latin American,Hurghada,El Gouna,33.800247,27.257189,https://res.cloudinary.com/dmochfrtr/image/upload/v1781203612/SmartEgypt_Restaurants/wq4pkxbebhzb3nmngmup.jpg,12,485
652,Peking,Asian Cuisine,Hurghada,Dahar,33.816234,27.26112,https://res.cloudinary.com/dmochfrtr/image/upload/v1781203613/SmartEgypt_Restaurants/j6xtc1ajbjyczkyculqw.jpg,40,556
653,Indira,Asian Cuisine,Hurghada,Sheraton Road,33.808039,27.257515,https://res.cloudinary.com/dmochfrtr/image/upload/v1781203614/SmartEgypt_Restaurants/j3ny7oxip9hohzrghuns.jpg,115,3575
654,30 North,Cafe,Hurghada,Sahl Hasheesh,33.818974,27.239426,https://res.cloudinary.com/dmochfrtr/image/upload/v1781203614/SmartEgypt_Restaurants/ggybwgetxegr2xeisunw.jpg,60,1400
655,Mori Sushi,Asian Cuisine,Hurghada,Dahar,33.807406,27.271391,https://res.cloudinary.com/dmochfrtr/image/upload/v1781203615/SmartEgypt_Restaurants/crpa6krhtlgxsmrdbqpr.jpg,42,1725
656,Shawarma El Reem,Shawarma,Hurghada,Sahl Hasheesh,33.811199,27.241065,https://res.cloudinary.com/dmochfrtr/image/upload/v1781203616/SmartEgypt_Restaurants/yokulnpfj0vlapi6wijn.jpg,20,615
657,Abou Haidar,Sandwiches,Hurghada,El Gouna,33.804834,27.266509,https://res.cloudinary.com/dmochfrtr/image/upload/v1781203616/SmartEgypt_Restaurants/ydhpqrbeomk8nnzrvgyi.jpg,10,330
658,Butcher's Burger,Burgers,Hurghada,Sahl Hasheesh,33.806392,27.261601,https://res.cloudinary.com/dmochfrtr/image/upload/v1781203617/SmartEgypt_Restaurants/he3fehy4twg7kugbmafg.jpg,40,450
659,30 North,Cafe,Hurghada,Makadi Bay,33.813503,27.253307,https://res.cloudinary.com/dmochfrtr/image/upload/v1781203618/SmartEgypt_Restaurants/bvfb9uftjguohycdrq18.jpg,60,1400
660,The Smokery,Fine Dining,Hurghada,Dahar,33.806454,27.239134,https://res.cloudinary.com/dmochfrtr/image/upload/v1781203619/SmartEgypt_Restaurants/fzwlkouvbm2i9aporpsv.jpg,310,3350
661,Gaby’s,European,Hurghada,Sahl Hasheesh,33.813394,27.263733,https://res.cloudinary.com/dmochfrtr/image/upload/v1781203619/SmartEgypt_Restaurants/dqwn1aom6pv1o7i9kffw.jpg,45,1083
662,El Menoufy,Grill,Hurghada,Dahar,33.810494,27.25237,https://res.cloudinary.com/dmochfrtr/image/upload/v1781203620/SmartEgypt_Restaurants/wpaqgzz0acnjmhbpuccs.jpg,25,5589
663,Tabla Luna,Latin American,Hurghada,Makadi Bay,33.792312,27.252405,https://res.cloudinary.com/dmochfrtr/image/upload/v1781203621/SmartEgypt_Restaurants/f7xtlphqhfscbhn8tl2u.jpg,12,485
664,Butcher's Burger,Burgers,Hurghada,Makadi Bay,33.813568,27.248995,https://res.cloudinary.com/dmochfrtr/image/upload/v1781203621/SmartEgypt_Restaurants/dvszcq2dfkv9vnntbauv.jpg,40,450
665,Qahwa,Cafe,Hurghada,Sahl Hasheesh,33.818533,27.275311,https://res.cloudinary.com/dmochfrtr/image/upload/v1781203622/SmartEgypt_Restaurants/ffogbexwpcgh4c47lwyz.png,72,815
666,Makani,Grill,Hurghada,Makadi Bay,33.791889,27.238657,https://res.cloudinary.com/dmochfrtr/image/upload/v1781203623/SmartEgypt_Restaurants/it8gd0ijz4im1czd9gp7.png,15,320
667,Koshary El Tahrir,Koshary,Hurghada,Sheraton Road,33.820694,27.255987,https://res.cloudinary.com/dmochfrtr/image/upload/v1781203623/SmartEgypt_Restaurants/xgpb42lii8tj91ibqhm2.jpg,10,300
668,Mo Bistro,Steakhouse,Hurghada,Sheraton Road,33.806169,27.254174,https://res.cloudinary.com/dmochfrtr/image/upload/v1781203624/SmartEgypt_Restaurants/kglngtpeqa2uhfmvccgj.jpg,45,1550
669,30 North,Cafe,Hurghada,Dahar,33.799683,27.26821,https://res.cloudinary.com/dmochfrtr/image/upload/v1781203625/SmartEgypt_Restaurants/y03jt1y2ljldwtkfzqjs.jpg,60,1400
670,Koshary Hend,Koshary,Hurghada,Dahar,33.822548,27.267879,https://res.cloudinary.com/dmochfrtr/image/upload/v1781203625/SmartEgypt_Restaurants/rc0okxh1pxanjnzcmxhp.jpg,20,280
671,Koshary Hend,Koshary,Hurghada,Sheraton Road,33.803359,27.241025,https://res.cloudinary.com/dmochfrtr/image/upload/v1781203626/SmartEgypt_Restaurants/b8iynuxgozx6gvmxcuxd.jpg,20,280
672,Makani,Grill,Hurghada,Sahl Hasheesh,33.802631,27.271245,https://res.cloudinary.com/dmochfrtr/image/upload/v1781203626/SmartEgypt_Restaurants/e0utrmaudr3zqwyj2vgp.png,15,320
673,Seoudi,Casual Dining,Hurghada,Sheraton Road,33.814262,27.241385,https://res.cloudinary.com/dmochfrtr/image/upload/v1781203627/SmartEgypt_Restaurants/cj9t6fhbphpedtobirrm.jpg,20,1738
674,Gaby’s,European,Hurghada,Sheraton Road,33.82704,27.258346,https://res.cloudinary.com/dmochfrtr/image/upload/v1781203628/SmartEgypt_Restaurants/khqtlg8geubdr3lrpah4.jpg,45,1083
675,Kazouza,Egyptian Street Food,Hurghada,El Gouna,33.814716,27.239519,https://res.cloudinary.com/dmochfrtr/image/upload/v1781203628/SmartEgypt_Restaurants/dhvrhoirwkpmr4z7oa1u.jpg,17,280
676,Shawarma El Reem,Shawarma,Hurghada,Sheraton Road,33.812805,27.258887,https://res.cloudinary.com/dmochfrtr/image/upload/v1781203629/SmartEgypt_Restaurants/lhxd6qkz63rsdvriwihr.jpg,20,615
677,Maison de Curry,Indian,Hurghada,Sheraton Road,33.794901,27.241092,https://res.cloudinary.com/dmochfrtr/image/upload/v1781203630/SmartEgypt_Restaurants/pzvsmg1ay272y2l62yjm.jpg,699,1560
678,Shawarma El Reem,Shawarma,Hurghada,Sheraton Road,33.823872,27.245762,https://res.cloudinary.com/dmochfrtr/image/upload/v1781203630/SmartEgypt_Restaurants/n0chquvr2s60lopvd9zj.jpg,20,615
679,El Doksh,Seafood,Hurghada,Dahar,33.825538,27.251354,https://res.cloudinary.com/dmochfrtr/image/upload/v1781203631/SmartEgypt_Restaurants/p8ao6pud5w2pdzocc0a2.png,44,645
680,Tamara,Lebanese,Hurghada,Dahar,33.81495,27.265206,https://res.cloudinary.com/dmochfrtr/image/upload/v1781203632/SmartEgypt_Restaurants/erez9m1vzrn68j08qxsk.jpg,30,1650
681,The Lemon Tree,Mediterranean,Hurghada,El Gouna,33.814775,27.273102,https://res.cloudinary.com/dmochfrtr/image/upload/v1781203632/SmartEgypt_Restaurants/jpypqnlxervxzwukbpbc.jpg,280,2780
682,Hawawshi El Refaay,Grill,Hurghada,Sahl Hasheesh,33.799165,27.249705,https://res.cloudinary.com/dmochfrtr/image/upload/v1781203633/SmartEgypt_Restaurants/zlmklhelcxkndkn8l1mz.jpg,60,1400
683,Spectra,Casual Dining,Hurghada,El Gouna,33.819499,27.277374,https://res.cloudinary.com/dmochfrtr/image/upload/v1781203634/SmartEgypt_Restaurants/yzy2t37me9pvm0dzyvnb.jpg,80,1990
684,Seoudi,Casual Dining,Hurghada,Sahl Hasheesh,33.80984,27.241434,https://res.cloudinary.com/dmochfrtr/image/upload/v1781203634/SmartEgypt_Restaurants/k1clmp6qhatwktk2sggb.jpg,20,1738
685,Koshary El Tahrir,Koshary,Hurghada,El Gouna,33.800561,27.26634,https://res.cloudinary.com/dmochfrtr/image/upload/v1781203635/SmartEgypt_Restaurants/do46ewg27jyzappzdhb6.jpg,10,300
686,Mo Bistro,Steakhouse,Hurghada,El Gouna,33.825944,27.271596,https://res.cloudinary.com/dmochfrtr/image/upload/v1781203636/SmartEgypt_Restaurants/al17fmxgaaea6wizdxst.jpg,45,1550
687,Gringo's,Mexican,Hurghada,El Gouna,33.812484,27.268635,https://res.cloudinary.com/dmochfrtr/image/upload/v1781203636/SmartEgypt_Restaurants/xugdxhlg6zslbvmxf4yh.jpg,33,625
688,Cilantro,Cafe,Hurghada,Dahar,33.809147,27.24916,https://res.cloudinary.com/dmochfrtr/image/upload/v1781203637/SmartEgypt_Restaurants/kklbckxkqoommzvhroxj.jpg,59,165
689,Buffalo Burger,Burgers,Hurghada,Dahar,33.826482,27.275574,https://res.cloudinary.com/dmochfrtr/image/upload/v1781203638/SmartEgypt_Restaurants/wzcpxbhstpsdcyitrjuu.jpg,45,807
690,El Dahan,Egyptian Cuisine,Hurghada,Makadi Bay,33.795315,27.264291,https://res.cloudinary.com/dmochfrtr/image/upload/v1781203638/SmartEgypt_Restaurants/do8gerzlbzrziog4qfsr.jpg,30,1220
691,Spectra,Casual Dining,Hurghada,Makadi Bay,33.809212,27.256482,https://res.cloudinary.com/dmochfrtr/image/upload/v1781203639/SmartEgypt_Restaurants/dv3hxtxnivgggihusyqm.jpg,80,1990
692,Maison Thomas,Italian,Hurghada,Sheraton Road,33.822063,27.243727,https://res.cloudinary.com/dmochfrtr/image/upload/v1781203640/SmartEgypt_Restaurants/ivmi4mlli93u8b7quqxd.webp,47,740
693,Spectra,Casual Dining,Hurghada,Sahl Hasheesh,33.810745,27.241384,https://res.cloudinary.com/dmochfrtr/image/upload/v1781203640/SmartEgypt_Restaurants/dseacgwg437fmgjtmlo2.jpg,80,1990
694,Koshary El Tahrir,Koshary,Hurghada,Sheraton Road,33.80568,27.250985,https://res.cloudinary.com/dmochfrtr/image/upload/v1781203641/SmartEgypt_Restaurants/tmsvc69lso9t4kdcekwu.jpg,10,300
695,The Smokery,Fine Dining,Hurghada,Dahar,33.825555,27.258676,https://res.cloudinary.com/dmochfrtr/image/upload/v1781203641/SmartEgypt_Restaurants/xqkildbqq0edmsz5jqiu.jpg,310,3350
696,Kazouza,Egyptian Street Food,Hurghada,Sahl Hasheesh,33.821893,27.277412,https://res.cloudinary.com/dmochfrtr/image/upload/v1781203642/SmartEgypt_Restaurants/jjpmxgpwtlepypidocir.jpg,17,280
697,Crave,International,Hurghada,Makadi Bay,33.805501,27.272843,https://res.cloudinary.com/dmochfrtr/image/upload/v1781203642/SmartEgypt_Restaurants/dhluhpth1hwrcvfbh2le.jpg,61,1750
698,Gringo's,Mexican,Hurghada,Makadi Bay,33.797412,27.243556,https://res.cloudinary.com/dmochfrtr/image/upload/v1781203643/SmartEgypt_Restaurants/qy2ajk36v1zj7bogrztm.jpg,33,625
699,Buffalo Burger,Burgers,Hurghada,Sheraton Road,33.830197,27.261473,https://res.cloudinary.com/dmochfrtr/image/upload/v1781203643/SmartEgypt_Restaurants/dp8j6djvxuexi0qyp0ra.jpg,45,807
700,Tamara,Lebanese,Hurghada,Dahar,33.806727,27.249158,https://res.cloudinary.com/dmochfrtr/image/upload/v1781203644/SmartEgypt_Restaurants/ulqz360gvdm6fvlw6z2h.jpg,30,1650
701,Indira,Asian Cuisine,Hurghada,Sahl Hasheesh,33.820177,27.254698,https://res.cloudinary.com/dmochfrtr/image/upload/v1781203644/SmartEgypt_Restaurants/pu23t9oajxaalrpjldie.jpg,115,3575
702,The Lemon Tree,Mediterranean,Hurghada,Makadi Bay,33.819111,27.251233,https://res.cloudinary.com/dmochfrtr/image/upload/v1781203645/SmartEgypt_Restaurants/qh9hex4lbh0p8jcwcglw.jpg,280,2780
703,El Doksh,Seafood,Hurghada,Sahl Hasheesh,33.825447,27.255736,https://res.cloudinary.com/dmochfrtr/image/upload/v1781203646/SmartEgypt_Restaurants/kac0djpkhs9jbpdu7tsh.png,44,645
704,Seoudi,Casual Dining,Hurghada,Dahar,33.827028,27.251343,https://res.cloudinary.com/dmochfrtr/image/upload/v1781203647/SmartEgypt_Restaurants/vjborj8oag7syvscz9wt.jpg,20,1738
705,Mori Sushi,Asian Cuisine,Hurghada,Sahl Hasheesh,33.791617,27.247285,https://res.cloudinary.com/dmochfrtr/image/upload/v1781203647/SmartEgypt_Restaurants/nwqiflagxjvnwraxscjs.jpg,42,1725
706,The Smokery,Fine Dining,Hurghada,Dahar,33.806608,27.264644,https://res.cloudinary.com/dmochfrtr/image/upload/v1781203648/SmartEgypt_Restaurants/qynwhnt52q35nj8uzwch.jpg,310,3350
707,Caracas,Lebanese,Hurghada,El Gouna,33.81597,27.272984,https://res.cloudinary.com/dmochfrtr/image/upload/v1781203648/SmartEgypt_Restaurants/tdeno8qu0hvja9wb6zc4.jpg,62,550
708,Qahwa,Cafe,Hurghada,Dahar,33.795123,27.271888,https://res.cloudinary.com/dmochfrtr/image/upload/v1781203649/SmartEgypt_Restaurants/opt6hl8ynyl11pttkbra.png,72,815
709,Costa Coffee,Cafe,Hurghada,El Gouna,33.823432,27.23968,https://res.cloudinary.com/dmochfrtr/image/upload/v1781203649/SmartEgypt_Restaurants/sp2om3jqu3xlt3udjz1f.jpg,40,220
710,Sizzler,Steakhouse,Hurghada,Sahl Hasheesh,33.803105,27.241378,https://res.cloudinary.com/dmochfrtr/image/upload/v1781203650/SmartEgypt_Restaurants/uaeevxjhmwjvafmvbuqx.jpg,60,800
711,El Dahan,Egyptian Cuisine,Hurghada,Dahar,33.808325,27.244279,https://res.cloudinary.com/dmochfrtr/image/upload/v1781203651/SmartEgypt_Restaurants/h1yxoimmlc3letdwlrxn.jpg,30,1220
712,Buffalo Burger,Burgers,Hurghada,Sheraton Road,33.809839,27.255897,https://res.cloudinary.com/dmochfrtr/image/upload/v1781203652/SmartEgypt_Restaurants/izwjv74vxf31broupjle.jpg,45,807
713,30 North,Cafe,Hurghada,Sahl Hasheesh,33.828891,27.257162,https://res.cloudinary.com/dmochfrtr/image/upload/v1781203652/SmartEgypt_Restaurants/rmzippvixpb3y2bowilf.jpg,60,1400
714,Sizzler,Steakhouse,Hurghada,Sheraton Road,33.825722,27.26718,https://res.cloudinary.com/dmochfrtr/image/upload/v1781203653/SmartEgypt_Restaurants/f7gbr3agvrxsigmoktxd.jpg,60,800
715,Bazooka,Burgers,Hurghada,Dahar,33.800618,27.252205,https://res.cloudinary.com/dmochfrtr/image/upload/v1781203653/SmartEgypt_Restaurants/weiectsi5sunfoegvzlr.jpg,30,1020
716,Fish Market,Seafood,Hurghada,Sahl Hasheesh,33.805397,27.24727,https://res.cloudinary.com/dmochfrtr/image/upload/v1781203654/SmartEgypt_Restaurants/rpyayxp0b50jwik4tnv9.png,15,435
717,Arabiata,Egyptian Cuisine,Hurghada,Sheraton Road,33.793148,27.263136,https://res.cloudinary.com/dmochfrtr/image/upload/v1781203654/SmartEgypt_Restaurants/f1euojscg74cqlzc3ryx.jpg,8,178
718,Gringo's,Mexican,Hurghada,Makadi Bay,33.805346,27.248902,https://res.cloudinary.com/dmochfrtr/image/upload/v1781203655/SmartEgypt_Restaurants/npngy7geguc1qfjgudis.jpg,33,625
719,Starbucks,Cafe,Hurghada,Sahl Hasheesh,33.801991,27.270751,https://res.cloudinary.com/dmochfrtr/image/upload/v1781203656/SmartEgypt_Restaurants/cn0htpuwn57yzyai5kg8.jpg,20,1100
720,The Smokery,Fine Dining,Hurghada,Sheraton Road,33.826482,27.249489,https://res.cloudinary.com/dmochfrtr/image/upload/v1781203656/SmartEgypt_Restaurants/vw7diufylaxkechxnsui.jpg,310,3350
721,Fish Market,Seafood,Hurghada,El Gouna,33.799858,27.276544,https://res.cloudinary.com/dmochfrtr/image/upload/v1781203657/SmartEgypt_Restaurants/pyd58nhmnurefxjmrrua.png,15,435
722,Koshary Hend,Koshary,Hurghada,Dahar,33.796788,27.260249,https://res.cloudinary.com/dmochfrtr/image/upload/v1781203658/SmartEgypt_Restaurants/jor3xha7aqovucpizpwd.jpg,20,280
723,Koshary Hend,Koshary,Hurghada,El Gouna,33.830099,27.243651,https://res.cloudinary.com/dmochfrtr/image/upload/v1781203659/SmartEgypt_Restaurants/vrxnmyh88gsad4a2rf4r.jpg,20,280
724,Mo Bistro,Steakhouse,Hurghada,Sahl Hasheesh,33.806859,27.265378,https://res.cloudinary.com/dmochfrtr/image/upload/v1781203660/SmartEgypt_Restaurants/sdtwcyo2ew2mc46iekan.jpg,45,1550
725,Maison de Curry,Indian,Hurghada,Sahl Hasheesh,33.817551,27.266928,https://res.cloudinary.com/dmochfrtr/image/upload/v1781203660/SmartEgypt_Restaurants/rwx7eqrjj0qomsa4u0ez.jpg,699,1560
726,Pier 88,Seafood,Hurghada,Dahar,33.810622,27.254245,https://res.cloudinary.com/dmochfrtr/image/upload/v1781203661/SmartEgypt_Restaurants/miro5a4ieylgw1zxrqjc.jpg,40,1000
727,The Lemon Tree,Mediterranean,Hurghada,Sahl Hasheesh,33.829144,27.255853,https://res.cloudinary.com/dmochfrtr/image/upload/v1781203661/SmartEgypt_Restaurants/gfpvuelzntj88bzqzkzp.jpg,280,2780
728,Bazooka,Burgers,Hurghada,Sahl Hasheesh,33.796257,27.265739,https://res.cloudinary.com/dmochfrtr/image/upload/v1781203662/SmartEgypt_Restaurants/xufuubyjyhbeyt6bwaon.jpg,30,1020
729,Beano's,Cafe,Hurghada,El Gouna,33.830292,27.276835,https://res.cloudinary.com/dmochfrtr/image/upload/v1781203663/SmartEgypt_Restaurants/rfee3cvhdfcxtlm83ndu.jpg,80,630
730,Sizzler,Steakhouse,Hurghada,Sahl Hasheesh,33.795795,27.241801,https://res.cloudinary.com/dmochfrtr/image/upload/v1781203663/SmartEgypt_Restaurants/qv1ki9qc5njfzcqwwvjo.jpg,60,800
731,Peking,Asian Cuisine,Hurghada,El Gouna,33.792698,27.255069,https://res.cloudinary.com/dmochfrtr/image/upload/v1781203664/SmartEgypt_Restaurants/o1kjxe5rhlvone0fwpci.jpg,40,556
732,Gringo's,Mexican,Hurghada,Dahar,33.801154,27.24095,https://res.cloudinary.com/dmochfrtr/image/upload/v1781203665/SmartEgypt_Restaurants/afdte57d3q9xqg2nerim.jpg,33,625
733,Costa Coffee,Cafe,Hurghada,Makadi Bay,33.804825,27.252796,https://res.cloudinary.com/dmochfrtr/image/upload/v1781203666/SmartEgypt_Restaurants/us1a4ue3ofdgbhfaeliy.jpg,40,220
734,Pier 88,Seafood,Hurghada,El Gouna,33.79849,27.270574,https://res.cloudinary.com/dmochfrtr/image/upload/v1781203667/SmartEgypt_Restaurants/tf5eokww6wzfhkfgybou.jpg,40,1000
735,30 North,Cafe,Hurghada,Sheraton Road,33.791633,27.275835,https://res.cloudinary.com/dmochfrtr/image/upload/v1781203667/SmartEgypt_Restaurants/h73lonwgi2xdfqfmg73m.jpg,60,1400
736,Beano's,Cafe,Hurghada,Makadi Bay,33.82221,27.269178,https://res.cloudinary.com/dmochfrtr/image/upload/v1781203668/SmartEgypt_Restaurants/vehnkmxk0dmlpscs1z1t.jpg,80,630
737,Gad,Egyptian Cuisine,Hurghada,Sahl Hasheesh,33.826209,27.262615,https://res.cloudinary.com/dmochfrtr/image/upload/v1781203668/SmartEgypt_Restaurants/ngznnuh9i7appbfpx3g3.jpg,11,210
738,Indira,Asian Cuisine,Hurghada,Makadi Bay,33.817881,27.262722,https://res.cloudinary.com/dmochfrtr/image/upload/v1781203669/SmartEgypt_Restaurants/qelocyys2oiyphlz5dwj.jpg,115,3575
739,Shawarma El Reem,Shawarma,Hurghada,Makadi Bay,33.801241,27.273683,https://res.cloudinary.com/dmochfrtr/image/upload/v1781203669/SmartEgypt_Restaurants/no2mfgcit9wavperunnw.jpg,20,615
740,Mo Bistro,Steakhouse,Hurghada,El Gouna,33.809462,27.268671,https://res.cloudinary.com/dmochfrtr/image/upload/v1781203670/SmartEgypt_Restaurants/ttuck6wspy1z43cafcgm.jpg,45,1550
741,Buffalo Burger,Burgers,Hurghada,Sheraton Road,33.809546,27.240095,https://res.cloudinary.com/dmochfrtr/image/upload/v1781203670/SmartEgypt_Restaurants/e5ttey2fmlclkfymtdsy.jpg,45,807
742,Koshary El Tahrir,Koshary,Hurghada,Sheraton Road,33.801321,27.25975,https://res.cloudinary.com/dmochfrtr/image/upload/v1781203671/SmartEgypt_Restaurants/q2gay1kwzqoymkx0xegv.jpg,10,300
743,Peking,Asian Cuisine,Hurghada,Sheraton Road,33.805435,27.256506,https://res.cloudinary.com/dmochfrtr/image/upload/v1781203672/SmartEgypt_Restaurants/b79k4xidv853uzjcyjci.jpg,40,556
744,El Menoufy,Grill,Hurghada,Makadi Bay,33.824449,27.266241,https://res.cloudinary.com/dmochfrtr/image/upload/v1781203672/SmartEgypt_Restaurants/etk5lk6cdyvq7fyzmkzh.jpg,25,5589
745,Caracas,Lebanese,Hurghada,Dahar,33.82815,27.255594,https://res.cloudinary.com/dmochfrtr/image/upload/v1781203673/SmartEgypt_Restaurants/vfqyfhym8u8njvty57wv.jpg,62,550
746,Mo Bistro,Steakhouse,Hurghada,Makadi Bay,33.797745,27.239397,https://res.cloudinary.com/dmochfrtr/image/upload/v1781203673/SmartEgypt_Restaurants/oteu7yjo93kzxsaxqclg.jpg,45,1550
747,Beano's,Cafe,Hurghada,Dahar,33.824634,27.264986,https://res.cloudinary.com/dmochfrtr/image/upload/v1781203674/SmartEgypt_Restaurants/ecrwskbjlsc8quwdshgq.jpg,80,630
748,Fuddruckers,Burgers,Hurghada,El Gouna,33.808351,27.27085,https://res.cloudinary.com/dmochfrtr/image/upload/v1781203675/SmartEgypt_Restaurants/rexu867x5en7qsxakukg.jpg,30,1020
749,Lucille’s,American Diner,Hurghada,Sheraton Road,33.826578,27.254683,https://res.cloudinary.com/dmochfrtr/image/upload/v1781203675/SmartEgypt_Restaurants/titadkvhme6etqylrugi.jpg,45,832
750,Makani,Grill,Hurghada,Sahl Hasheesh,33.795561,27.269591,https://res.cloudinary.com/dmochfrtr/image/upload/v1781203676/SmartEgypt_Restaurants/opu2f9g44ceyl0n4y6su.png,15,320
751,Hawawshi El Refaay,Grill,Hurghada,El Gouna,33.829637,27.243796,https://res.cloudinary.com/dmochfrtr/image/upload/v1781203676/SmartEgypt_Restaurants/s1ebdephbqobz0ard7oy.jpg,60,1400
752,The Lemon Tree,Mediterranean,Hurghada,Sahl Hasheesh,33.802332,27.269449,https://res.cloudinary.com/dmochfrtr/image/upload/v1781203677/SmartEgypt_Restaurants/rsif07mb9t9wvqzwux4a.jpg,280,2780
753,Sizzler,Steakhouse,Hurghada,El Gouna,33.804606,27.256356,https://res.cloudinary.com/dmochfrtr/image/upload/v1781203677/SmartEgypt_Restaurants/leevzoxwbnklnniymjwy.jpg,60,800
754,Wel3a,Grill,Hurghada,El Gouna,33.825048,27.27786,https://res.cloudinary.com/dmochfrtr/image/upload/v1781203678/SmartEgypt_Restaurants/ipbdrnmgznetfb5g77yo.jpg,5,340
755,Starbucks,Cafe,Hurghada,Makadi Bay,33.823587,27.254955,https://res.cloudinary.com/dmochfrtr/image/upload/v1781203678/SmartEgypt_Restaurants/kurtmws4chbdsbncvfaz.jpg,20,1100
756,Cilantro,Cafe,Hurghada,Dahar,33.806231,27.257153,https://res.cloudinary.com/dmochfrtr/image/upload/v1781203679/SmartEgypt_Restaurants/ampncrempiybkvztzd3a.jpg,59,165
757,Lucille’s,American Diner,Hurghada,Sahl Hasheesh,33.796922,27.254108,https://res.cloudinary.com/dmochfrtr/image/upload/v1781203680/SmartEgypt_Restaurants/upltpp00p5ab6gyxenjh.jpg,45,832
758,The Lemon Tree,Mediterranean,Hurghada,El Gouna,33.811898,27.243794,https://res.cloudinary.com/dmochfrtr/image/upload/v1781203680/SmartEgypt_Restaurants/hzzxioy0nzo7fdqkvywq.jpg,280,2780
759,Abou Haidar,Sandwiches,Hurghada,Sahl Hasheesh,33.801832,27.253356,https://res.cloudinary.com/dmochfrtr/image/upload/v1781203681/SmartEgypt_Restaurants/ourexnuciplftzsfcniq.jpg,10,330
760,Crave,International,Hurghada,Sheraton Road,33.811495,27.261087,https://res.cloudinary.com/dmochfrtr/image/upload/v1781203682/SmartEgypt_Restaurants/y9ikalnvd5zvkkwpywqb.jpg,61,1750
761,TBS,Bakery,Hurghada,El Gouna,33.815903,27.247442,https://res.cloudinary.com/dmochfrtr/image/upload/v1781203682/SmartEgypt_Restaurants/kdsbz0dqq2p5vwatas6c.jpg,40,1310
762,The Lemon Tree,Mediterranean,Hurghada,Dahar,33.796181,27.243677,https://res.cloudinary.com/dmochfrtr/image/upload/v1781203683/SmartEgypt_Restaurants/nggfwxuy0kputvpkdt2e.jpg,280,2780
763,Maison de Curry,Indian,Hurghada,Dahar,33.797148,27.274566,https://res.cloudinary.com/dmochfrtr/image/upload/v1781203684/SmartEgypt_Restaurants/cwyyvehr3ydbrhdh0bfa.jpg,699,1560
764,Spectra,Casual Dining,Hurghada,Dahar,33.818118,27.253359,https://res.cloudinary.com/dmochfrtr/image/upload/v1781203684/SmartEgypt_Restaurants/eql9pgc09xrhnpyamga9.jpg,80,1990
765,Gringo's,Mexican,Hurghada,Sheraton Road,33.813772,27.254158,https://res.cloudinary.com/dmochfrtr/image/upload/v1781203685/SmartEgypt_Restaurants/fvww6zeqd95bwhruub7q.jpg,33,625
766,The Smokery,Fine Dining,Hurghada,Sahl Hasheesh,33.823333,27.249666,https://res.cloudinary.com/dmochfrtr/image/upload/v1781203686/SmartEgypt_Restaurants/pw5qgwm9nbwifqscxr0w.jpg,310,3350
767,Koshary El Tahrir,Koshary,Hurghada,El Gouna,33.820695,27.255194,https://res.cloudinary.com/dmochfrtr/image/upload/v1781203686/SmartEgypt_Restaurants/kfhurpzhs3n3kcyu3iap.jpg,10,300
768,Starbucks,Cafe,Hurghada,El Gouna,33.809455,27.272088,https://res.cloudinary.com/dmochfrtr/image/upload/v1781203687/SmartEgypt_Restaurants/a8bjb9mx7w2jwn6hrkl9.jpg,20,1100
769,The Lemon Tree,Mediterranean,Hurghada,Dahar,33.810354,27.272853,https://res.cloudinary.com/dmochfrtr/image/upload/v1781203688/SmartEgypt_Restaurants/gmbwwj3bwkqlqqg8aahq.jpg,280,2780
770,Makani,Grill,Hurghada,El Gouna,33.820562,27.267071,https://res.cloudinary.com/dmochfrtr/image/upload/v1781203688/SmartEgypt_Restaurants/mkdfzctsnsr1vrzz7fgq.png,15,320
771,Wel3a,Grill,Hurghada,Dahar,33.802951,27.260976,https://res.cloudinary.com/dmochfrtr/image/upload/v1781203689/SmartEgypt_Restaurants/qoelzkwao8rl9r0o7uea.jpg,5,340
772,Qahwa,Cafe,Hurghada,El Gouna,33.792276,27.240373,https://res.cloudinary.com/dmochfrtr/image/upload/v1781203689/SmartEgypt_Restaurants/d3k3ritdvx1hcjhqub0o.png,72,815
773,Beano's,Cafe,Hurghada,Sahl Hasheesh,33.8258,27.252595,https://res.cloudinary.com/dmochfrtr/image/upload/v1781203690/SmartEgypt_Restaurants/bxxowb1xggy6roofcdce.jpg,80,630
774,Gaby’s,European,Hurghada,Dahar,33.802724,27.257932,https://res.cloudinary.com/dmochfrtr/image/upload/v1781203691/SmartEgypt_Restaurants/dydgjzzaff8lq35knkwl.jpg,45,1083
775,Caracas,Lebanese,Hurghada,Dahar,33.799286,27.259662,https://res.cloudinary.com/dmochfrtr/image/upload/v1781203691/SmartEgypt_Restaurants/ngvoph5deqqah8yeqyv7.jpg,62,550
776,Tamara,Lebanese,Hurghada,Dahar,33.820488,27.254534,https://res.cloudinary.com/dmochfrtr/image/upload/v1781203692/SmartEgypt_Restaurants/ebtgewgom1cbqjue0qq0.jpg,30,1650
777,Caracas,Lebanese,Hurghada,El Gouna,33.795768,27.262682,https://res.cloudinary.com/dmochfrtr/image/upload/v1781203692/SmartEgypt_Restaurants/mkzwyhy2hdubkvktz1dk.jpg,62,550
778,Tamara,Lebanese,Hurghada,Sheraton Road,33.800878,27.276645,https://res.cloudinary.com/dmochfrtr/image/upload/v1781203693/SmartEgypt_Restaurants/myv9frutloggd9yjxlkn.jpg,30,1650
779,Pier 88,Seafood,Hurghada,Sahl Hasheesh,33.809606,27.255122,https://res.cloudinary.com/dmochfrtr/image/upload/v1781203693/SmartEgypt_Restaurants/xom7xf7fjcidruwqesk6.jpg,40,1000
780,Lucille’s,American Diner,Hurghada,Makadi Bay,33.815138,27.257546,https://res.cloudinary.com/dmochfrtr/image/upload/v1781203694/SmartEgypt_Restaurants/n97jcd3zli28kh4su0ve.jpg,45,832
781,Butcher's Burger,Burgers,Hurghada,Sahl Hasheesh,33.823052,27.239944,https://res.cloudinary.com/dmochfrtr/image/upload/v1781203694/SmartEgypt_Restaurants/b4muz1ot6gisfrorfbfw.jpg,40,450
782,The Smokery,Fine Dining,Hurghada,Makadi Bay,33.807414,27.271296,https://res.cloudinary.com/dmochfrtr/image/upload/v1781203695/SmartEgypt_Restaurants/bwijohsbnp16lpufil30.jpg,310,3350
783,Kazouza,Egyptian Street Food,Hurghada,Makadi Bay,33.799526,27.268987,https://res.cloudinary.com/dmochfrtr/image/upload/v1781203696/SmartEgypt_Restaurants/svrtra1dlipxa090cpip.jpg,17,280
784,Kazouza,Egyptian Street Food,Hurghada,Dahar,33.792616,27.244356,https://res.cloudinary.com/dmochfrtr/image/upload/v1781203697/SmartEgypt_Restaurants/bpzgva5jgid8vtpjan9a.jpg,17,280
785,Pier 88,Seafood,Hurghada,Dahar,33.806192,27.238693,https://res.cloudinary.com/dmochfrtr/image/upload/v1781203697/SmartEgypt_Restaurants/dksizlejynvepigcwm8n.jpg,40,1000
786,Shawarma El Reem,Shawarma,Hurghada,El Gouna,33.805899,27.251248,https://res.cloudinary.com/dmochfrtr/image/upload/v1781203698/SmartEgypt_Restaurants/s5dw8tvgfjyuvvo1jweh.jpg,20,615
787,Peking,Asian Cuisine,Hurghada,El Gouna,33.794182,27.263897,https://res.cloudinary.com/dmochfrtr/image/upload/v1781203699/SmartEgypt_Restaurants/kfbb5t84fbhp8hpo0xug.jpg,40,556
788,Abou Haidar,Sandwiches,Hurghada,Dahar,33.800999,27.255553,https://res.cloudinary.com/dmochfrtr/image/upload/v1781203699/SmartEgypt_Restaurants/p1zngchxfcorsjfu2lu3.jpg,10,330
789,Le Pacha 1901,Fine Dining,Hurghada,Sheraton Road,33.802268,27.243857,https://res.cloudinary.com/dmochfrtr/image/upload/v1781203700/SmartEgypt_Restaurants/fqkuhmct0vlk8xggbr6u.jpg,17,262
790,Sizzler,Steakhouse,Hurghada,Dahar,33.80972,27.248004,https://res.cloudinary.com/dmochfrtr/image/upload/v1781203701/SmartEgypt_Restaurants/c0z2ncrgcy2ofdovs36t.jpg,60,800
791,Fish Market,Seafood,Hurghada,El Gouna,33.808093,27.256203,https://res.cloudinary.com/dmochfrtr/image/upload/v1781203701/SmartEgypt_Restaurants/jtplwyb7swmm1cbnffvn.png,15,435
792,Koshary El Tahrir,Koshary,Hurghada,Sahl Hasheesh,33.803059,27.248072,https://res.cloudinary.com/dmochfrtr/image/upload/v1781203702/SmartEgypt_Restaurants/kdiorb9bobjba7ihvich.jpg,10,300
793,Caracas,Lebanese,Hurghada,Makadi Bay,33.797339,27.255282,https://res.cloudinary.com/dmochfrtr/image/upload/v1781203703/SmartEgypt_Restaurants/y9qzsyxz7mlljtyv6j3c.jpg,62,550
794,Butcher's Burger,Burgers,Hurghada,Makadi Bay,33.824853,27.260307,https://res.cloudinary.com/dmochfrtr/image/upload/v1781203703/SmartEgypt_Restaurants/yqzpxpa660ktbmb3bnku.jpg,40,450
795,Abou Haidar,Sandwiches,Hurghada,El Gouna,33.814798,27.261863,https://res.cloudinary.com/dmochfrtr/image/upload/v1781203704/SmartEgypt_Restaurants/ltsgozpuspq9cvvb8acx.jpg,10,330
796,El-Kababgy,Egyptian Cuisine,Luxor,East Bank,32.63621055,25.69690392,https://res.cloudinary.com/dmochfrtr/image/upload/v1781203704/SmartEgypt_Restaurants/pvjyfdssbt8peqtpazyy.jpg,20,1780
797,Wolf,Egyptian Cuisine,Luxor,West Bank,32.62655856,25.71184578,https://res.cloudinary.com/dmochfrtr/image/upload/v1781203705/SmartEgypt_Restaurants/yy59pjb3mwf371jwmrzk.jpg,130,1420
798,Magdy,Seafood,Matrouh,Omar El-Mokhtar Street,27.24040137,31.3531899,https://res.cloudinary.com/dmochfrtr/image/upload/v1781203706/SmartEgypt_Restaurants/xf2j3ebwfsqiqyruzjuh.jpg,20,180
799,Coco El-Arabi,Egyptian Cuisine,Matrouh,El-Tahrir Street,27.24347296,31.35491582,https://res.cloudinary.com/dmochfrtr/image/upload/v1781203707/SmartEgypt_Restaurants/mpojfnhfvgslbm6nbmzq.jpg,10,1000
800,Orkeed,Egyptian Cuisine,Minya,Kornish Al Nile,30.75317223,28.10728669,https://res.cloudinary.com/dmochfrtr/image/upload/v1781203708/SmartEgypt_Restaurants/m6dbstl9k6kyr2rupcdi.jpg,23,799
801,Freekeh,Fast Food,Minya,Qism Minya,30.75429017,28.10190378,https://res.cloudinary.com/dmochfrtr/image/upload/v1781203709/SmartEgypt_Restaurants/prhmnytdlilql6si0qxm.jpg,40,800
802,Dolphin,Seafood,Qena,Nady El Bahr Street,32.70677542,26.1539971,https://res.cloudinary.com/dmochfrtr/image/upload/v1781203710/SmartEgypt_Restaurants/qgpi9aq0s5jfsb9g2yeh.jpg,20,480
803,Sicilia,Egyptian Cuisine,Qena,Jul 26 Street,32.70750541,26.15752921,https://res.cloudinary.com/dmochfrtr/image/upload/v1781203710/SmartEgypt_Restaurants/yhzat5cwa2d4vde5rtcx.jpg,45,854
804,Djoser Oasis,Egyptian Cuisine,Saqqara,Badrshein,31.22341689,29.86426001,https://res.cloudinary.com/dmochfrtr/image/upload/v1781203711/SmartEgypt_Restaurants/zdxov66bhhygyyyewnsj.jpg,80,1781
805,Sakkara,Egyptian Cuisine,Saqqara,Badrshein,31.2142019,29.88987661,https://res.cloudinary.com/dmochfrtr/image/upload/v1781203712/SmartEgypt_Restaurants/sndmhpoyxxy6k5dqdmk4.png,45,1247
806,Wel3a,Grill,Sharm El Sheikh,Sharks Bay,34.325296,27.906238,https://res.cloudinary.com/dmochfrtr/image/upload/v1781203713/SmartEgypt_Restaurants/d8nqgjx7nv2gyssdbml5.jpg,5,340
807,Maison de Curry,Indian,Sharm El Sheikh,Old Market,34.316359,27.907713,https://res.cloudinary.com/dmochfrtr/image/upload/v1781203714/SmartEgypt_Restaurants/bcquh7tqegghip2iflzs.jpg,699,1560
808,El Doksh,Seafood,Sharm El Sheikh,Naama Bay,34.328671,27.918626,https://res.cloudinary.com/dmochfrtr/image/upload/v1781203714/SmartEgypt_Restaurants/snzusl7mz08asibdaulh.png,44,645
809,Chicken Fil-A,Fried Chicken,Sharm El Sheikh,Old Market,34.336133,27.899199,https://res.cloudinary.com/dmochfrtr/image/upload/v1781203716/SmartEgypt_Restaurants/a8umyjxdarnhv7sqqpoh.jpg,15,177
810,Paul,Bakery,Sharm El Sheikh,Naama Bay,34.344286,27.902268,https://res.cloudinary.com/dmochfrtr/image/upload/v1781203716/SmartEgypt_Restaurants/sradu5uz4vrwzrzommz8.jpg,39,1099
811,Butcher's Burger,Burgers,Sharm El Sheikh,Hadaba,34.34326,27.897028,https://res.cloudinary.com/dmochfrtr/image/upload/v1781203717/SmartEgypt_Restaurants/y6xxlu6epcm7fqrdpyil.jpg,40,450
812,Gad,Egyptian Cuisine,Sharm El Sheikh,Old Market,34.329189,27.923652,https://res.cloudinary.com/dmochfrtr/image/upload/v1781203717/SmartEgypt_Restaurants/yz0bokgqyx81ggziz5ji.jpg,11,210
813,Chicken Fil-A,Fried Chicken,Sharm El Sheikh,Old Market,34.330483,27.905883,https://res.cloudinary.com/dmochfrtr/image/upload/v1781203718/SmartEgypt_Restaurants/nfdducvvt9tjemrdk7sa.jpg,15,177
814,Starbucks,Cafe,Sharm El Sheikh,Sharks Bay,34.343841,27.925198,https://res.cloudinary.com/dmochfrtr/image/upload/v1781203718/SmartEgypt_Restaurants/qswkzs3tc8bftxl1b8lz.jpg,20,1100
815,Crave,International,Sharm El Sheikh,Naama Bay,34.328633,27.904918,https://res.cloudinary.com/dmochfrtr/image/upload/v1781203719/SmartEgypt_Restaurants/t1v1k3ym02jsp67drxio.jpg,61,1750
816,Paul,Bakery,Sharm El Sheikh,Naama Bay,34.339102,27.918021,https://res.cloudinary.com/dmochfrtr/image/upload/v1781203719/SmartEgypt_Restaurants/a8jxxly11zgqcnaz43et.jpg,39,1099
817,Makani,Grill,Sharm El Sheikh,Sharks Bay,34.338991,27.925366,https://res.cloudinary.com/dmochfrtr/image/upload/v1781203720/SmartEgypt_Restaurants/qljg2umr7iizuxpyqam2.png,15,320
818,Makani,Grill,Sharm El Sheikh,Naama Bay,34.318691,27.919441,https://res.cloudinary.com/dmochfrtr/image/upload/v1781203720/SmartEgypt_Restaurants/bcl097ngpatalayx7bap.png,15,320
819,Wel3a,Grill,Sharm El Sheikh,Nabq,34.313996,27.927671,https://res.cloudinary.com/dmochfrtr/image/upload/v1781203721/SmartEgypt_Restaurants/bx7x6cqlnyficqeoi00h.jpg,5,340
820,Butcher's Burger,Burgers,Sharm El Sheikh,Old Market,34.324661,27.898011,https://res.cloudinary.com/dmochfrtr/image/upload/v1781203722/SmartEgypt_Restaurants/bk31ah2hbvfe0afesmv0.jpg,40,450
821,Mori Sushi,Asian Cuisine,Sharm El Sheikh,Sharks Bay,34.319493,27.909844,https://res.cloudinary.com/dmochfrtr/image/upload/v1781203722/SmartEgypt_Restaurants/zmbfgg8ememyvkp5ducl.jpg,42,1725
822,The Smokery,Fine Dining,Sharm El Sheikh,Hadaba,34.328068,27.926065,https://res.cloudinary.com/dmochfrtr/image/upload/v1781203723/SmartEgypt_Restaurants/qh1gxvprlcdxr6muiaai.jpg,310,3350
823,TBS,Bakery,Sharm El Sheikh,Naama Bay,34.317509,27.931133,https://res.cloudinary.com/dmochfrtr/image/upload/v1781203723/SmartEgypt_Restaurants/iyapwshlongj1bgqgw2q.jpg,40,1310
824,Fish Market,Seafood,Sharm El Sheikh,Naama Bay,34.334778,27.917209,https://res.cloudinary.com/dmochfrtr/image/upload/v1781203724/SmartEgypt_Restaurants/yau6tlo9osgpiyz9qf5d.png,15,435
825,Chicken Fil-A,Fried Chicken,Sharm El Sheikh,Old Market,34.348439,27.898256,https://res.cloudinary.com/dmochfrtr/image/upload/v1781203724/SmartEgypt_Restaurants/dzrfdabqgrbbuchpyg0t.jpg,15,177
826,Gaby’s,European,Sharm El Sheikh,Sharks Bay,34.347999,27.909064,https://res.cloudinary.com/dmochfrtr/image/upload/v1781203725/SmartEgypt_Restaurants/h8rddrumgfgmkdxifebp.jpg,45,1083
827,Tabla Luna,Latin American,Sharm El Sheikh,Hadaba,34.339934,27.919394,https://res.cloudinary.com/dmochfrtr/image/upload/v1781203726/SmartEgypt_Restaurants/r2irw3xyiu0z5lrsdloq.jpg,12,485
828,Kazouza,Egyptian Street Food,Sharm El Sheikh,Old Market,34.330025,27.930114,https://res.cloudinary.com/dmochfrtr/image/upload/v1781203726/SmartEgypt_Restaurants/oyartkvwlzhnxvzbzxjk.jpg,17,280
829,Lucille’s,American Diner,Sharm El Sheikh,Old Market,34.322,27.921611,https://res.cloudinary.com/dmochfrtr/image/upload/v1781203727/SmartEgypt_Restaurants/v9uamxkkkccdpwwu00bh.jpg,45,832
830,Koshary El Tahrir,Koshary,Sharm El Sheikh,Sharks Bay,34.319128,27.914563,https://res.cloudinary.com/dmochfrtr/image/upload/v1781203727/SmartEgypt_Restaurants/ytewqi4lb4avvphvovqr.jpg,10,300
831,Maison de Curry,Indian,Sharm El Sheikh,Hadaba,34.333201,27.927488,https://res.cloudinary.com/dmochfrtr/image/upload/v1781203728/SmartEgypt_Restaurants/ctkxjyqdqc2mnw2htbr9.jpg,699,1560
832,Gad,Egyptian Cuisine,Sharm El Sheikh,Hadaba,34.348633,27.927623,https://res.cloudinary.com/dmochfrtr/image/upload/v1781203728/SmartEgypt_Restaurants/n0c63otinu48f0vdmgd8.jpg,11,210
833,Zooba,Egyptian Street Food,Sharm El Sheikh,Old Market,34.326964,27.925867,https://res.cloudinary.com/dmochfrtr/image/upload/v1781203729/SmartEgypt_Restaurants/iqvx4nxbmrae0ffkclkd.jpg,26,460
834,Seoudi,Casual Dining,Sharm El Sheikh,Naama Bay,34.322909,27.929047,https://res.cloudinary.com/dmochfrtr/image/upload/v1781203730/SmartEgypt_Restaurants/vnmf1d0qtoc7zadxy5gs.jpg,20,1738
835,TBS,Bakery,Sharm El Sheikh,Nabq,34.321366,27.917197,https://res.cloudinary.com/dmochfrtr/image/upload/v1781203730/SmartEgypt_Restaurants/ghua9trphlp7oj7rqdgo.jpg,40,1310
836,Costa Coffee,Cafe,Sharm El Sheikh,Old Market,34.312222,27.927721,https://res.cloudinary.com/dmochfrtr/image/upload/v1781203731/SmartEgypt_Restaurants/uqzdjuktbqatt3afyh5o.jpg,40,220
837,Mori Sushi,Asian Cuisine,Sharm El Sheikh,Naama Bay,34.321212,27.918182,https://res.cloudinary.com/dmochfrtr/image/upload/v1781203731/SmartEgypt_Restaurants/dqxzkwganuozjsfubp3r.jpg,42,1725
838,Sizzler,Steakhouse,Sharm El Sheikh,Sharks Bay,34.330303,27.901342,https://res.cloudinary.com/dmochfrtr/image/upload/v1781203732/SmartEgypt_Restaurants/dicqr0ees89rvbcv6lql.jpg,60,800
839,Sizzler,Steakhouse,Sharm El Sheikh,Sharks Bay,34.34874,27.908946,https://res.cloudinary.com/dmochfrtr/image/upload/v1781203732/SmartEgypt_Restaurants/upttt97ueyqrj5pzjkv1.jpg,60,800
840,Peking,Asian Cuisine,Sharm El Sheikh,Sharks Bay,34.343414,27.908293,https://res.cloudinary.com/dmochfrtr/image/upload/v1781203733/SmartEgypt_Restaurants/bniifhea8ws4vtwoz74m.jpg,40,556
841,The Smokery,Fine Dining,Sharm El Sheikh,Old Market,34.320688,27.931729,https://res.cloudinary.com/dmochfrtr/image/upload/v1781203734/SmartEgypt_Restaurants/goufz4jva0m8c59xp2z7.jpg,310,3350
842,Fuddruckers,Burgers,Sharm El Sheikh,Sharks Bay,34.321793,27.926879,https://res.cloudinary.com/dmochfrtr/image/upload/v1781203734/SmartEgypt_Restaurants/mmcydx01mvn38p59cip4.jpg,30,1020
843,Pier 88,Seafood,Sharm El Sheikh,Naama Bay,34.338802,27.933069,https://res.cloudinary.com/dmochfrtr/image/upload/v1781203735/SmartEgypt_Restaurants/yarf4wwxp1wsy3jzd2ud.jpg,40,1000
844,Gad,Egyptian Cuisine,Sharm El Sheikh,Hadaba,34.348144,27.915978,https://res.cloudinary.com/dmochfrtr/image/upload/v1781203735/SmartEgypt_Restaurants/lhbrx0fhsmzjj3r7k28p.jpg,11,210
845,Makani,Grill,Sharm El Sheikh,Naama Bay,34.33336,27.897376,https://res.cloudinary.com/dmochfrtr/image/upload/v1781203736/SmartEgypt_Restaurants/ezewutejc7vy4sgeb9pb.png,15,320
846,Bazooka,Burgers,Sharm El Sheikh,Naama Bay,34.329163,27.920785,https://res.cloudinary.com/dmochfrtr/image/upload/v1781203736/SmartEgypt_Restaurants/d2hwawq16muo2xlh7qqp.jpg,30,1020
847,Mori Sushi,Asian Cuisine,Sharm El Sheikh,Old Market,34.341902,27.927231,https://res.cloudinary.com/dmochfrtr/image/upload/v1781203736/SmartEgypt_Restaurants/q6ett0j5sabiz27porzn.jpg,42,1725
848,Paul,Bakery,Sharm El Sheikh,Old Market,34.332934,27.906415,https://res.cloudinary.com/dmochfrtr/image/upload/v1781203737/SmartEgypt_Restaurants/rvnnn4b8mgfs5fot1t51.jpg,39,1099
849,Le Pacha 1901,Fine Dining,Sharm El Sheikh,Naama Bay,34.338722,27.910713,https://res.cloudinary.com/dmochfrtr/image/upload/v1781203738/SmartEgypt_Restaurants/ugnn72jmmunach2hhres.jpg,17,262
850,Makani,Grill,Sharm El Sheikh,Hadaba,34.321652,27.922145,https://res.cloudinary.com/dmochfrtr/image/upload/v1781203738/SmartEgypt_Restaurants/tbnjyee7ngwfxigb4n4d.png,15,320
851,Crave,International,Sharm El Sheikh,Hadaba,34.334682,27.904928,https://res.cloudinary.com/dmochfrtr/image/upload/v1781203739/SmartEgypt_Restaurants/ued0fknefjshfnt65ond.jpg,61,1750
852,Buffalo Burger,Burgers,Sharm El Sheikh,Old Market,34.317365,27.914597,https://res.cloudinary.com/dmochfrtr/image/upload/v1781203739/SmartEgypt_Restaurants/iyublwklucfhvaqgazof.jpg,45,807
853,30 North,Cafe,Sharm El Sheikh,Naama Bay,34.329173,27.905714,https://res.cloudinary.com/dmochfrtr/image/upload/v1781203740/SmartEgypt_Restaurants/lejp3np11qm9zofgq0ay.jpg,60,1400
854,Gad,Egyptian Cuisine,Sharm El Sheikh,Old Market,34.343176,27.930547,https://res.cloudinary.com/dmochfrtr/image/upload/v1781203740/SmartEgypt_Restaurants/v7emgtsym0zmjydqujdk.jpg,11,210
855,30 North,Cafe,Sharm El Sheikh,Hadaba,34.332344,27.92381,https://res.cloudinary.com/dmochfrtr/image/upload/v1781203741/SmartEgypt_Restaurants/haetsykb8kq93zhcvb9v.jpg,60,1400
856,Koshary Hend,Koshary,Sharm El Sheikh,Naama Bay,34.316734,27.902554,https://res.cloudinary.com/dmochfrtr/image/upload/v1781203741/SmartEgypt_Restaurants/jbbxrqut7iky58roryei.jpg,20,280
857,30 North,Cafe,Sharm El Sheikh,Old Market,34.324084,27.922325,https://res.cloudinary.com/dmochfrtr/image/upload/v1781203742/SmartEgypt_Restaurants/kzki0e0duvmoybfb28gu.jpg,60,1400
858,Buffalo Burger,Burgers,Sharm El Sheikh,Naama Bay,34.329158,27.916795,https://res.cloudinary.com/dmochfrtr/image/upload/v1781203742/SmartEgypt_Restaurants/ew49bfg0dvfn4wqrebbn.jpg,45,807
859,Fish Market,Seafood,Sharm El Sheikh,Naama Bay,34.3354,27.920414,https://res.cloudinary.com/dmochfrtr/image/upload/v1781203743/SmartEgypt_Restaurants/gycwqddyjdeq84bj8xii.png,15,435
860,Gringo's,Mexican,Sharm El Sheikh,Nabq,34.313444,27.923044,https://res.cloudinary.com/dmochfrtr/image/upload/v1781203743/SmartEgypt_Restaurants/rw8phhqdyp3ssun1ifrc.jpg,33,625
861,Maison de Curry,Indian,Sharm El Sheikh,Old Market,34.325297,27.916679,https://res.cloudinary.com/dmochfrtr/image/upload/v1781203744/SmartEgypt_Restaurants/rt3vaeqf04goj1lgocuu.jpg,699,1560
862,Gringo's,Mexican,Sharm El Sheikh,Naama Bay,34.333616,27.905797,https://res.cloudinary.com/dmochfrtr/image/upload/v1781203744/SmartEgypt_Restaurants/n0gth3imu3pbaymnbunf.jpg,33,625
863,The Smokery,Fine Dining,Sharm El Sheikh,Hadaba,34.328073,27.933881,https://res.cloudinary.com/dmochfrtr/image/upload/v1781203745/SmartEgypt_Restaurants/wvkqhmfgfavsobrypt5y.jpg,310,3350
864,Crave,International,Sharm El Sheikh,Sharks Bay,34.329201,27.914674,https://res.cloudinary.com/dmochfrtr/image/upload/v1781203745/SmartEgypt_Restaurants/lstqknr5yjemwszgscc9.jpg,61,1750
865,Chicken Fil-A,Fried Chicken,Sharm El Sheikh,Sharks Bay,34.327246,27.911654,https://res.cloudinary.com/dmochfrtr/image/upload/v1781203746/SmartEgypt_Restaurants/o7almkenh16gasyqoqki.jpg,15,177
866,Butcher's Burger,Burgers,Sharm El Sheikh,Nabq,34.325229,27.906845,https://res.cloudinary.com/dmochfrtr/image/upload/v1781203746/SmartEgypt_Restaurants/kyyotvlbhqwecbr1ukdp.jpg,40,450
867,Lucille’s,American Diner,Sharm El Sheikh,Nabq,34.325404,27.922964,https://res.cloudinary.com/dmochfrtr/image/upload/v1781203747/SmartEgypt_Restaurants/ba81j6nwympakhehufhm.jpg,45,832
868,Qahwa,Cafe,Sharm El Sheikh,Hadaba,34.340125,27.904288,https://res.cloudinary.com/dmochfrtr/image/upload/v1781203747/SmartEgypt_Restaurants/jknl8mlwedkg1mrkqpmj.png,72,815
869,Abou Haidar,Sandwiches,Sharm El Sheikh,Sharks Bay,34.328329,27.896538,https://res.cloudinary.com/dmochfrtr/image/upload/v1781203748/SmartEgypt_Restaurants/vvldzavq5jl5faautlmu.jpg,10,330
870,El Doksh,Seafood,Sharm El Sheikh,Sharks Bay,34.311372,27.900589,https://res.cloudinary.com/dmochfrtr/image/upload/v1781203748/SmartEgypt_Restaurants/dij4xxqyjvb8usqi1hmo.png,44,645
871,Fish Market,Seafood,Sharm El Sheikh,Hadaba,34.346008,27.897166,https://res.cloudinary.com/dmochfrtr/image/upload/v1781203749/SmartEgypt_Restaurants/buplbrruduxw8w1notur.png,15,435
872,Buffalo Burger,Burgers,Sharm El Sheikh,Nabq,34.315317,27.915244,https://res.cloudinary.com/dmochfrtr/image/upload/v1781203750/SmartEgypt_Restaurants/swfrwyeog9pcpzc7twr9.jpg,45,807
873,Maison Thomas,Italian,Sharm El Sheikh,Nabq,34.342443,27.899295,https://res.cloudinary.com/dmochfrtr/image/upload/v1781203751/SmartEgypt_Restaurants/lr0luunng6g1effuawsi.webp,47,740
874,Fish Market,Seafood,Sharm El Sheikh,Sharks Bay,34.32609,27.929206,https://res.cloudinary.com/dmochfrtr/image/upload/v1781203751/SmartEgypt_Restaurants/q8cwlifcpayd1mstlw7g.png,15,435
875,Sizzler,Steakhouse,Sharm El Sheikh,Hadaba,34.321635,27.896892,https://res.cloudinary.com/dmochfrtr/image/upload/v1781203752/SmartEgypt_Restaurants/twmf4v9oxfbalec136hk.jpg,60,800
876,Maison de Curry,Indian,Sharm El Sheikh,Sharks Bay,34.326095,27.900663,https://res.cloudinary.com/dmochfrtr/image/upload/v1781203753/SmartEgypt_Restaurants/jsiwwvxipixxr1y1o8co.jpg,699,1560
877,Fuddruckers,Burgers,Sharm El Sheikh,Old Market,34.323709,27.916542,https://res.cloudinary.com/dmochfrtr/image/upload/v1781203753/SmartEgypt_Restaurants/zu2tw6p9011eljibf67r.jpg,30,1020
878,Mori Sushi,Asian Cuisine,Sharm El Sheikh,Naama Bay,34.332696,27.913765,https://res.cloudinary.com/dmochfrtr/image/upload/v1781203754/SmartEgypt_Restaurants/fc94dcyb4btulrteexht.jpg,42,1725
879,Abou Haidar,Sandwiches,Sharm El Sheikh,Nabq,34.336091,27.93179,https://res.cloudinary.com/dmochfrtr/image/upload/v1781203754/SmartEgypt_Restaurants/awpzwc4menveh0evvo4l.jpg,10,330
880,Indira,Asian Cuisine,Sharm El Sheikh,Nabq,34.337112,27.907443,https://res.cloudinary.com/dmochfrtr/image/upload/v1781203755/SmartEgypt_Restaurants/xmmn1stgmc3raspucend.jpg,115,3575
881,Butcher's Burger,Burgers,Sharm El Sheikh,Naama Bay,34.337589,27.933603,https://res.cloudinary.com/dmochfrtr/image/upload/v1781203756/SmartEgypt_Restaurants/te5fntpgprha4uzefh5l.jpg,40,450
882,Buffalo Burger,Burgers,Sharm El Sheikh,Hadaba,34.325864,27.925097,https://res.cloudinary.com/dmochfrtr/image/upload/v1781203757/SmartEgypt_Restaurants/ipjvbxpcjetzqbidxbhg.jpg,45,807
883,Wel3a,Grill,Sharm El Sheikh,Hadaba,34.332809,27.899238,https://res.cloudinary.com/dmochfrtr/image/upload/v1781203757/SmartEgypt_Restaurants/i1uor4ergisgvq3tni9c.jpg,5,340
884,Arabiata,Egyptian Cuisine,Sharm El Sheikh,Old Market,34.315916,27.914238,https://res.cloudinary.com/dmochfrtr/image/upload/v1781203758/SmartEgypt_Restaurants/d9obmudke3gctmte6qzk.jpg,8,178
885,Fuddruckers,Burgers,Sharm El Sheikh,Old Market,34.348675,27.918084,https://res.cloudinary.com/dmochfrtr/image/upload/v1781203758/SmartEgypt_Restaurants/xzqcnsukrvb3xtgx6hsi.jpg,30,1020
886,Lucille’s,American Diner,Sharm El Sheikh,Naama Bay,34.336336,27.912042,https://res.cloudinary.com/dmochfrtr/image/upload/v1781203759/SmartEgypt_Restaurants/vm5mlkkf59jpfplyph1s.jpg,45,832
887,Gad,Egyptian Cuisine,Sharm El Sheikh,Old Market,34.335286,27.925128,https://res.cloudinary.com/dmochfrtr/image/upload/v1781203759/SmartEgypt_Restaurants/uh8ccp0mgw2ejvha9na3.jpg,11,210
888,Bazooka,Burgers,Sharm El Sheikh,Sharks Bay,34.341687,27.916407,https://res.cloudinary.com/dmochfrtr/image/upload/v1781203760/SmartEgypt_Restaurants/j9udhf10v6snmommh0vh.jpg,30,1020
889,El Dahan,Egyptian Cuisine,Sharm El Sheikh,Nabq,34.3312,27.918715,https://res.cloudinary.com/dmochfrtr/image/upload/v1781203761/SmartEgypt_Restaurants/dwwiaoxdj8tkisgqhq21.jpg,30,1220
890,Arabiata,Egyptian Cuisine,Sharm El Sheikh,Hadaba,34.332578,27.934291,https://res.cloudinary.com/dmochfrtr/image/upload/v1781203761/SmartEgypt_Restaurants/xmelosgmvvnloeo3y6t2.jpg,8,178
891,Butcher's Burger,Burgers,Sharm El Sheikh,Naama Bay,34.349531,27.926556,https://res.cloudinary.com/dmochfrtr/image/upload/v1781203762/SmartEgypt_Restaurants/anyyqhesx8vzrqhv7szb.jpg,40,450
892,TBS,Bakery,Sharm El Sheikh,Hadaba,34.321524,27.916586,https://res.cloudinary.com/dmochfrtr/image/upload/v1781203762/SmartEgypt_Restaurants/csnxtfo1bdq8urorez6o.jpg,40,1310
893,Maison de Curry,Indian,Sharm El Sheikh,Nabq,34.345177,27.906048,https://res.cloudinary.com/dmochfrtr/image/upload/v1781203762/SmartEgypt_Restaurants/kzpekzkmmpbuxr7nt8ch.jpg,699,1560
894,Chicken Fil-A,Fried Chicken,Sharm El Sheikh,Naama Bay,34.347134,27.924811,https://res.cloudinary.com/dmochfrtr/image/upload/v1781203763/SmartEgypt_Restaurants/vd49dcsp8yierpdngl2u.jpg,15,177
895,Buffalo Burger,Burgers,Sharm El Sheikh,Old Market,34.314787,27.909995,https://res.cloudinary.com/dmochfrtr/image/upload/v1781203763/SmartEgypt_Restaurants/okl1immahqg9w5hy6m7l.jpg,45,807
896,Seoudi,Casual Dining,Sharm El Sheikh,Nabq,34.348537,27.90217,https://res.cloudinary.com/dmochfrtr/image/upload/v1781203764/SmartEgypt_Restaurants/plnidd3lfp9tel62cqhn.jpg,20,1738
897,Makani,Grill,Sharm El Sheikh,Old Market,34.320013,27.927247,https://res.cloudinary.com/dmochfrtr/image/upload/v1781203764/SmartEgypt_Restaurants/muztk89ifsdbft2byute.png,15,320
898,The Lemon Tree,Mediterranean,Sharm El Sheikh,Hadaba,34.322184,27.927044,https://res.cloudinary.com/dmochfrtr/image/upload/v1781203765/SmartEgypt_Restaurants/a2tmxzuqcrn9uw8btkzu.jpg,280,2780
899,Arabiata,Egyptian Cuisine,Sharm El Sheikh,Nabq,34.348874,27.914201,https://res.cloudinary.com/dmochfrtr/image/upload/v1781203765/SmartEgypt_Restaurants/tc1rwqhgkdgdkjjy8x66.jpg,8,178
900,30 North,Cafe,Sharm El Sheikh,Hadaba,34.342195,27.904137,https://res.cloudinary.com/dmochfrtr/image/upload/v1781203766/SmartEgypt_Restaurants/kp0s9ziu6c8hwqzeka8e.jpg,60,1400
901,Mo Bistro,Steakhouse,Sharm El Sheikh,Sharks Bay,34.341062,27.900419,https://res.cloudinary.com/dmochfrtr/image/upload/v1781203766/SmartEgypt_Restaurants/dzdtl0x9mtjaxm6ghexa.jpg,45,1550
902,Hawawshi El Refaay,Grill,Sharm El Sheikh,Old Market,34.322361,27.900665,https://res.cloudinary.com/dmochfrtr/image/upload/v1781203767/SmartEgypt_Restaurants/jjperrnbbom6gc3hxcoy.jpg,60,1400
903,Tabla Luna,Latin American,Sharm El Sheikh,Hadaba,34.33011,27.928921,https://res.cloudinary.com/dmochfrtr/image/upload/v1781203767/SmartEgypt_Restaurants/eatvcumj7uiueg97kqaz.jpg,12,485
904,Arabiata,Egyptian Cuisine,Sharm El Sheikh,Old Market,34.31249,27.914147,https://res.cloudinary.com/dmochfrtr/image/upload/v1781203768/SmartEgypt_Restaurants/pftt0w4lxndw4gpcolwe.jpg,8,178
905,Koshary El Tahrir,Koshary,Sharm El Sheikh,Old Market,34.323867,27.92012,https://res.cloudinary.com/dmochfrtr/image/upload/v1781203768/SmartEgypt_Restaurants/kokmfecnrh8wjk5fxqus.jpg,10,300
906,Hawawshi El Refaay,Grill,Sharm El Sheikh,Nabq,34.32952,27.933045,https://res.cloudinary.com/dmochfrtr/image/upload/v1781203769/SmartEgypt_Restaurants/y63xwpcxfsyevwhbxnon.jpg,60,1400
907,Peking,Asian Cuisine,Sharm El Sheikh,Hadaba,34.32445,27.903889,https://res.cloudinary.com/dmochfrtr/image/upload/v1781203770/SmartEgypt_Restaurants/wszn2ookxlz97dljjpon.jpg,40,556
908,Seoudi,Casual Dining,Sharm El Sheikh,Nabq,34.340847,27.925523,https://res.cloudinary.com/dmochfrtr/image/upload/v1781203771/SmartEgypt_Restaurants/qtdpqcaoot7nc0kzcnj9.jpg,20,1738
909,TBS,Bakery,Sharm El Sheikh,Naama Bay,34.325291,27.935641,https://res.cloudinary.com/dmochfrtr/image/upload/v1781203772/SmartEgypt_Restaurants/j1j5h2nfwuijaq9gikkn.jpg,40,1310
910,The Lemon Tree,Mediterranean,Sharm El Sheikh,Old Market,34.349397,27.911098,https://res.cloudinary.com/dmochfrtr/image/upload/v1781203772/SmartEgypt_Restaurants/cpg6npfh4kbjrturyouh.jpg,280,2780
911,Mo Bistro,Steakhouse,Sharm El Sheikh,Sharks Bay,34.34224,27.916145,https://res.cloudinary.com/dmochfrtr/image/upload/v1781203773/SmartEgypt_Restaurants/csx3gsm5mjaapfeq8tsq.jpg,45,1550
912,Hawawshi El Refaay,Grill,Sharm El Sheikh,Old Market,34.333818,27.924001,https://res.cloudinary.com/dmochfrtr/image/upload/v1781203773/SmartEgypt_Restaurants/p8fkulml72wqbsapt3e2.jpg,60,1400
913,El Dahan,Egyptian Cuisine,Sharm El Sheikh,Hadaba,34.329244,27.909107,https://res.cloudinary.com/dmochfrtr/image/upload/v1781203774/SmartEgypt_Restaurants/nhgrbgkk45jp4uyfz3mn.jpg,30,1220
914,Tabla Luna,Latin American,Sharm El Sheikh,Old Market,34.325355,27.927152,https://res.cloudinary.com/dmochfrtr/image/upload/v1781203775/SmartEgypt_Restaurants/zv7dfbaybkcopqhaakhv.jpg,12,485
915,Starbucks,Cafe,Sharm El Sheikh,Naama Bay,34.333274,27.909376,https://res.cloudinary.com/dmochfrtr/image/upload/v1781203775/SmartEgypt_Restaurants/lkexeic3nyps5cn8piqv.jpg,20,1100
916,Fuddruckers,Burgers,Sharm El Sheikh,Sharks Bay,34.34427,27.918694,https://res.cloudinary.com/dmochfrtr/image/upload/v1781203776/SmartEgypt_Restaurants/ldfnwh9zh0krxmqwnhd1.jpg,30,1020
917,Butcher's Burger,Burgers,Sharm El Sheikh,Nabq,34.349944,27.901561,https://res.cloudinary.com/dmochfrtr/image/upload/v1781203776/SmartEgypt_Restaurants/isbgbtxr2qzf1zsdibfp.jpg,40,450
918,Seoudi,Casual Dining,Sharm El Sheikh,Old Market,34.347631,27.92047,https://res.cloudinary.com/dmochfrtr/image/upload/v1781203777/SmartEgypt_Restaurants/jympf7goenyit9gfanwq.jpg,20,1738
919,Arabiata,Egyptian Cuisine,Sharm El Sheikh,Old Market,34.335884,27.902115,https://res.cloudinary.com/dmochfrtr/image/upload/v1781203777/SmartEgypt_Restaurants/y56xk6tjueufaiwcplvn.jpg,8,178
920,The Smokery,Fine Dining,Sharm El Sheikh,Nabq,34.313491,27.924182,https://res.cloudinary.com/dmochfrtr/image/upload/v1781203778/SmartEgypt_Restaurants/sdawvusjq5hqv798yfdm.jpg,310,3350
921,Koshary Hend,Koshary,Sharm El Sheikh,Naama Bay,34.34499,27.929137,https://res.cloudinary.com/dmochfrtr/image/upload/v1781203778/SmartEgypt_Restaurants/whd91rzw5isklnxsnjfz.jpg,20,280
922,Sizzler,Steakhouse,Sharm El Sheikh,Hadaba,34.314656,27.925732,https://res.cloudinary.com/dmochfrtr/image/upload/v1781203779/SmartEgypt_Restaurants/ipoyc92k3njgaykoxs3k.jpg,60,800
923,Peking,Asian Cuisine,Sharm El Sheikh,Sharks Bay,34.31629,27.913959,https://res.cloudinary.com/dmochfrtr/image/upload/v1781203779/SmartEgypt_Restaurants/otlhgxpmisuofdplm6yy.jpg,40,556
924,Bazooka,Burgers,Sharm El Sheikh,Hadaba,34.342398,27.905203,https://res.cloudinary.com/dmochfrtr/image/upload/v1781203780/SmartEgypt_Restaurants/xjnii8fqc6tkcdtbkg32.jpg,30,1020
925,Mo Bistro,Steakhouse,Sharm El Sheikh,Hadaba,34.339252,27.91801,https://res.cloudinary.com/dmochfrtr/image/upload/v1781203780/SmartEgypt_Restaurants/tnkskoqjfb1pecawtgo7.jpg,45,1550
926,Indira,Asian Cuisine,Sharm El Sheikh,Naama Bay,34.329769,27.913544,https://res.cloudinary.com/dmochfrtr/image/upload/v1781203781/SmartEgypt_Restaurants/nkzbdfrpnpttbbhvk2f5.jpg,115,3575
927,Indira,Asian Cuisine,Sharm El Sheikh,Nabq,34.340384,27.924488,https://res.cloudinary.com/dmochfrtr/image/upload/v1781203781/SmartEgypt_Restaurants/orl72qqkznufhjzw4qdf.jpg,115,3575
928,Fish Market,Seafood,Sharm El Sheikh,Sharks Bay,34.318089,27.914952,https://res.cloudinary.com/dmochfrtr/image/upload/v1781203782/SmartEgypt_Restaurants/ugjivmursaojoevelhnu.png,15,435
929,Shawarma El Reem,Shawarma,Sharm El Sheikh,Naama Bay,34.350829,27.916521,https://res.cloudinary.com/dmochfrtr/image/upload/v1781203783/SmartEgypt_Restaurants/yfazlprihbeeivzrjdth.jpg,20,615
930,Maison de Curry,Indian,Sharm El Sheikh,Hadaba,34.312059,27.899433,https://res.cloudinary.com/dmochfrtr/image/upload/v1781203784/SmartEgypt_Restaurants/ixowt9uzdz3uj9tskyfu.jpg,699,1560
931,Beano's,Cafe,Sharm El Sheikh,Hadaba,34.330446,27.899426,https://res.cloudinary.com/dmochfrtr/image/upload/v1781203784/SmartEgypt_Restaurants/yzjz9efrlgjdx4qkepne.jpg,80,630
932,Fish Market,Seafood,Sharm El Sheikh,Old Market,34.335348,27.904651,https://res.cloudinary.com/dmochfrtr/image/upload/v1781203785/SmartEgypt_Restaurants/lwgzpbeyivix7m7ykrki.png,15,435
933,Mo Bistro,Steakhouse,Sharm El Sheikh,Nabq,34.3307,27.90768,https://res.cloudinary.com/dmochfrtr/image/upload/v1781203785/SmartEgypt_Restaurants/bnfjrftjthudwtjbkzni.jpg,45,1550
934,Koshary Hend,Koshary,Sharm El Sheikh,Nabq,34.341196,27.935769,https://res.cloudinary.com/dmochfrtr/image/upload/v1781203786/SmartEgypt_Restaurants/ujk7hzml7bb0r16bcmq7.jpg,20,280
935,Caracas,Lebanese,Sharm El Sheikh,Sharks Bay,34.330686,27.919052,https://res.cloudinary.com/dmochfrtr/image/upload/v1781203786/SmartEgypt_Restaurants/onrkgik4sly7ygwt5esa.jpg,62,550
936,Mo Bistro,Steakhouse,Sharm El Sheikh,Hadaba,34.311656,27.929272,https://res.cloudinary.com/dmochfrtr/image/upload/v1781203787/SmartEgypt_Restaurants/vjooyu6kupbhzejknu8t.jpg,45,1550
937,Maison de Curry,Indian,Sharm El Sheikh,Sharks Bay,34.319936,27.920686,https://res.cloudinary.com/dmochfrtr/image/upload/v1781203788/SmartEgypt_Restaurants/yspdygwkueyysnzoygsv.jpg,699,1560
938,Gringo's,Mexican,Sharm El Sheikh,Old Market,34.336839,27.900122,https://res.cloudinary.com/dmochfrtr/image/upload/v1781203788/SmartEgypt_Restaurants/psqbhmyi49vntioc8jjz.jpg,33,625
939,30 North,Cafe,Sharm El Sheikh,Sharks Bay,34.326837,27.916126,https://res.cloudinary.com/dmochfrtr/image/upload/v1781203789/SmartEgypt_Restaurants/aygsx0zjmgxeot7xcju7.jpg,60,1400
940,Qahwa,Cafe,Sharm El Sheikh,Nabq,34.344562,27.931814,https://res.cloudinary.com/dmochfrtr/image/upload/v1781203789/SmartEgypt_Restaurants/a9iaempoakkmbyhnfmji.png,72,815
941,Costa Coffee,Cafe,Sharm El Sheikh,Nabq,34.347192,27.904654,https://res.cloudinary.com/dmochfrtr/image/upload/v1781203790/SmartEgypt_Restaurants/xbxnqc3yt1i8ysmojyjk.jpg,40,220
942,Lucille’s,American Diner,Sharm El Sheikh,Sharks Bay,34.319836,27.909131,https://res.cloudinary.com/dmochfrtr/image/upload/v1781203791/SmartEgypt_Restaurants/g5gwgq9ccxtoam4py4qn.jpg,45,832
943,Pier 88,Seafood,Sharm El Sheikh,Old Market,34.338891,27.927211,https://res.cloudinary.com/dmochfrtr/image/upload/v1781203792/SmartEgypt_Restaurants/ekadgo1c6sspv3k9194x.jpg,40,1000
944,Costa Coffee,Cafe,Sharm El Sheikh,Sharks Bay,34.335385,27.93483,https://res.cloudinary.com/dmochfrtr/image/upload/v1781203792/SmartEgypt_Restaurants/cto41vns9oeyfghmiik8.jpg,40,220
945,El Dahan,Egyptian Cuisine,Sharm El Sheikh,Nabq,34.328612,27.927661,https://res.cloudinary.com/dmochfrtr/image/upload/v1781203793/SmartEgypt_Restaurants/xf3dhbsgzitvzbu7qnsq.jpg,30,1220
946,Tamara,Lebanese,Sharm El Sheikh,Old Market,34.328699,27.916725,https://res.cloudinary.com/dmochfrtr/image/upload/v1781203794/SmartEgypt_Restaurants/wydybgw6nxs859kntlbr.jpg,30,1650
947,30 North,Cafe,Sharm El Sheikh,Old Market,34.333472,27.922269,https://res.cloudinary.com/dmochfrtr/image/upload/v1781203794/SmartEgypt_Restaurants/xuxbvb9qx3di2gnojcmy.jpg,60,1400
948,Sizzler,Steakhouse,Sharm El Sheikh,Sharks Bay,34.330006,27.905706,https://res.cloudinary.com/dmochfrtr/image/upload/v1781203795/SmartEgypt_Restaurants/gteoiclk4tpe8cqyik3l.jpg,60,800
949,Shawarma El Reem,Shawarma,Sharm El Sheikh,Old Market,34.321594,27.900891,https://res.cloudinary.com/dmochfrtr/image/upload/v1781203795/SmartEgypt_Restaurants/qbnmxfk6o7htnnaek45v.jpg,20,615
950,Caracas,Lebanese,Sharm El Sheikh,Naama Bay,34.320095,27.907374,https://res.cloudinary.com/dmochfrtr/image/upload/v1781203796/SmartEgypt_Restaurants/zm0de3j7z3ladrjfq0th.jpg,62,550
951,Chicken Fil-A,Fried Chicken,Sharm El Sheikh,Naama Bay,34.324228,27.900297,https://res.cloudinary.com/dmochfrtr/image/upload/v1781203797/SmartEgypt_Restaurants/r8blnhjv9ro6oxu7jrt0.jpg,15,177
952,El Doksh,Seafood,Sharm El Sheikh,Nabq,34.323753,27.920411,https://res.cloudinary.com/dmochfrtr/image/upload/v1781203798/SmartEgypt_Restaurants/zxdds4hjrzvckieijuki.png,44,645
953,Indira,Asian Cuisine,Sharm El Sheikh,Old Market,34.313439,27.917793,https://res.cloudinary.com/dmochfrtr/image/upload/v1781203798/SmartEgypt_Restaurants/bdxol0niy8wapfvx9nhe.jpg,115,3575
954,Pier 88,Seafood,Sharm El Sheikh,Naama Bay,34.325484,27.931685,https://res.cloudinary.com/dmochfrtr/image/upload/v1781203799/SmartEgypt_Restaurants/ujn4kvdzvzshypektluq.jpg,40,1000
955,Tabla Luna,Latin American,Sharm El Sheikh,Hadaba,34.326901,27.921549,https://res.cloudinary.com/dmochfrtr/image/upload/v1781203800/SmartEgypt_Restaurants/lg92m1xpqbqa6vupjtmo.jpg,12,485
956,Pier 88,Seafood,Sharm El Sheikh,Old Market,34.333164,27.933269,https://res.cloudinary.com/dmochfrtr/image/upload/v1781203801/SmartEgypt_Restaurants/iemto7nrx4xvygjiltuw.jpg,40,1000
957,El Menoufy,Grill,Sharm El Sheikh,Hadaba,34.337823,27.93379,https://res.cloudinary.com/dmochfrtr/image/upload/v1781203801/SmartEgypt_Restaurants/xhx5ss6shk6ps3yxjvax.jpg,25,5589
958,Fish Market,Seafood,Sharm El Sheikh,Hadaba,34.350148,27.932579,https://res.cloudinary.com/dmochfrtr/image/upload/v1781203802/SmartEgypt_Restaurants/gyfg6x2j1jiqkdqajauw.png,15,435
959,Costa Coffee,Cafe,Sharm El Sheikh,Old Market,34.314239,27.914152,https://res.cloudinary.com/dmochfrtr/image/upload/v1781203803/SmartEgypt_Restaurants/bqbguelzstcfinswbldz.jpg,40,220
960,Tabla Luna,Latin American,Sharm El Sheikh,Hadaba,34.34195,27.921243,https://res.cloudinary.com/dmochfrtr/image/upload/v1781203803/SmartEgypt_Restaurants/agjydkrepgqwxulrbo2e.jpg,12,485
961,Butcher's Burger,Burgers,Sharm El Sheikh,Hadaba,34.346603,27.898399,https://res.cloudinary.com/dmochfrtr/image/upload/v1781203804/SmartEgypt_Restaurants/ks7uknqfulitli2ryh2h.jpg,40,450
962,Peking,Asian Cuisine,Sharm El Sheikh,Naama Bay,34.346804,27.90194,https://res.cloudinary.com/dmochfrtr/image/upload/v1781203805/SmartEgypt_Restaurants/ejeg6vmjfnndp34sj8cg.jpg,40,556
963,30 North,Cafe,Sharm El Sheikh,Nabq,34.344178,27.921071,https://res.cloudinary.com/dmochfrtr/image/upload/v1781203805/SmartEgypt_Restaurants/bdlcl6wr2w4r9rqqsqke.jpg,60,1400
964,Koshary El Tahrir,Koshary,Sharm El Sheikh,Sharks Bay,34.328704,27.906208,https://res.cloudinary.com/dmochfrtr/image/upload/v1781203806/SmartEgypt_Restaurants/fc98hgaaz2mluukye7px.jpg,10,300
965,Crave,International,Sharm El Sheikh,Old Market,34.326064,27.933962,https://res.cloudinary.com/dmochfrtr/image/upload/v1781203807/SmartEgypt_Restaurants/ame8spdouvqmdipjenvo.jpg,61,1750
966,Sizzler,Steakhouse,Sharm El Sheikh,Nabq,34.350158,27.921522,https://res.cloudinary.com/dmochfrtr/image/upload/v1781203807/SmartEgypt_Restaurants/tcmevbxc6x7msfplguhp.jpg,60,800
967,Indira,Asian Cuisine,Sharm El Sheikh,Hadaba,34.339882,27.902928,https://res.cloudinary.com/dmochfrtr/image/upload/v1781203808/SmartEgypt_Restaurants/jx8upzihhv0fb15j4lxe.jpg,115,3575
968,Buffalo Burger,Burgers,Sharm El Sheikh,Sharks Bay,34.349347,27.918817,https://res.cloudinary.com/dmochfrtr/image/upload/v1781203808/SmartEgypt_Restaurants/wyjzyzhacczxvzjgbegc.jpg,45,807
969,Koshary El Tahrir,Koshary,Sharm El Sheikh,Naama Bay,34.333792,27.930928,https://res.cloudinary.com/dmochfrtr/image/upload/v1781203809/SmartEgypt_Restaurants/ej4c8xyadrstphmpfavu.jpg,10,300
970,Hawawshi El Refaay,Grill,Sharm El Sheikh,Sharks Bay,34.344131,27.919658,https://res.cloudinary.com/dmochfrtr/image/upload/v1781203810/SmartEgypt_Restaurants/jywmudafpm3l4ymcjqdu.jpg,60,1400
971,Maison Thomas,Italian,Sharm El Sheikh,Old Market,34.318621,27.909216,https://res.cloudinary.com/dmochfrtr/image/upload/v1781203810/SmartEgypt_Restaurants/j6atnnndyjqfexoeijsw.webp,47,740
972,Koshary Hend,Koshary,Sharm El Sheikh,Naama Bay,34.335891,27.920186,https://res.cloudinary.com/dmochfrtr/image/upload/v1781203811/SmartEgypt_Restaurants/mycbotr5h88zgiqfxlvj.jpg,20,280
973,Lucille’s,American Diner,Sharm El Sheikh,Naama Bay,34.318695,27.908761,https://res.cloudinary.com/dmochfrtr/image/upload/v1781203812/SmartEgypt_Restaurants/v9pltuc2gbnvzphvg6vr.jpg,45,832
974,Bazooka,Burgers,Sharm El Sheikh,Nabq,34.315944,27.917215,https://res.cloudinary.com/dmochfrtr/image/upload/v1781203812/SmartEgypt_Restaurants/hzlf72inapdvmsqqlckd.jpg,30,1020
975,Paul,Bakery,Sharm El Sheikh,Old Market,34.330135,27.93575,https://res.cloudinary.com/dmochfrtr/image/upload/v1781203813/SmartEgypt_Restaurants/lxfou6yt4r6j1z9yw1wt.jpg,39,1099
976,Qahwa,Cafe,Sharm El Sheikh,Old Market,34.336654,27.914061,https://res.cloudinary.com/dmochfrtr/image/upload/v1781203814/SmartEgypt_Restaurants/l1z2mxltngupiqyzj0wp.png,72,815
977,Arabiata,Egyptian Cuisine,Sharm El Sheikh,Nabq,34.346331,27.916333,https://res.cloudinary.com/dmochfrtr/image/upload/v1781203814/SmartEgypt_Restaurants/eycxbufqd9vpupoyyovn.jpg,8,178
978,Mo Bistro,Steakhouse,Sharm El Sheikh,Naama Bay,34.323259,27.916979,https://res.cloudinary.com/dmochfrtr/image/upload/v1781203815/SmartEgypt_Restaurants/flu5lifprsfjglufndus.jpg,45,1550
979,Beano's,Cafe,Sharm El Sheikh,Nabq,34.314816,27.916517,https://res.cloudinary.com/dmochfrtr/image/upload/v1781203815/SmartEgypt_Restaurants/cz6gmp3jz6oz3dzgixcl.jpg,80,630
980,El Menoufy,Grill,Sharm El Sheikh,Naama Bay,34.332177,27.910116,https://res.cloudinary.com/dmochfrtr/image/upload/v1781203817/SmartEgypt_Restaurants/qmdvhpgcpnub08orjinl.jpg,25,5589
981,Gad,Egyptian Cuisine,Sharm El Sheikh,Naama Bay,34.348369,27.924204,https://res.cloudinary.com/dmochfrtr/image/upload/v1781203817/SmartEgypt_Restaurants/ucgnvivseyqzl98brgv1.jpg,11,210
982,Sizzler,Steakhouse,Sharm El Sheikh,Old Market,34.349572,27.911775,https://res.cloudinary.com/dmochfrtr/image/upload/v1781203818/SmartEgypt_Restaurants/m18hnba9vlwdejutaqus.jpg,60,800
983,Mori Sushi,Asian Cuisine,Sharm El Sheikh,Naama Bay,34.324874,27.921626,https://res.cloudinary.com/dmochfrtr/image/upload/v1781203819/SmartEgypt_Restaurants/mb08ceavvatpqmn9ikbi.jpg,42,1725
984,Arabiata,Egyptian Cuisine,Sharm El Sheikh,Nabq,34.325207,27.911168,https://res.cloudinary.com/dmochfrtr/image/upload/v1781203820/SmartEgypt_Restaurants/smxacb7t3wtehffkodrs.jpg,8,178
985,Gringo's,Mexican,Sharm El Sheikh,Naama Bay,34.337445,27.922712,https://res.cloudinary.com/dmochfrtr/image/upload/v1781203820/SmartEgypt_Restaurants/hgevzbtzikqwhdqohxp9.jpg,33,625
986,Koshary El Tahrir,Koshary,Sharm El Sheikh,Hadaba,34.338369,27.898236,https://res.cloudinary.com/dmochfrtr/image/upload/v1781203821/SmartEgypt_Restaurants/zm4ptuvds5d7h00beo9q.jpg,10,300
987,Mori Sushi,Asian Cuisine,Sharm El Sheikh,Sharks Bay,34.345082,27.902333,https://res.cloudinary.com/dmochfrtr/image/upload/v1781203822/SmartEgypt_Restaurants/hsphtxvm66lze0cgh54l.jpg,42,1725
988,Sizzler,Steakhouse,Sharm El Sheikh,Sharks Bay,34.339915,27.928844,https://res.cloudinary.com/dmochfrtr/image/upload/v1781203823/SmartEgypt_Restaurants/zw0hk0pt5njzuqdtawuu.jpg,60,800
989,Costa Coffee,Cafe,Sharm El Sheikh,Nabq,34.334209,27.929359,https://res.cloudinary.com/dmochfrtr/image/upload/v1781203823/SmartEgypt_Restaurants/e9b1mxkfqfdbuizs3svd.jpg,40,220
990,Qahwa,Cafe,Sharm El Sheikh,Nabq,34.341623,27.927742,https://res.cloudinary.com/dmochfrtr/image/upload/v1781203824/SmartEgypt_Restaurants/qdxtzvxvaro5i73tcraq.png,72,815
991,Butcher's Burger,Burgers,Sharm El Sheikh,Naama Bay,34.317891,27.93211,https://res.cloudinary.com/dmochfrtr/image/upload/v1781203824/SmartEgypt_Restaurants/hlkpudq92sdy6njxf8fm.jpg,40,450
992,Mori Sushi,Asian Cuisine,Sharm El Sheikh,Old Market,34.320158,27.928698,https://res.cloudinary.com/dmochfrtr/image/upload/v1781203825/SmartEgypt_Restaurants/cmph9qz96ezd7sgj1dut.jpg,42,1725
993,Butcher's Burger,Burgers,Sharm El Sheikh,Old Market,34.328042,27.928502,https://res.cloudinary.com/dmochfrtr/image/upload/v1781203825/SmartEgypt_Restaurants/ag3od8vqaay1k3ds7bzw.jpg,40,450
994,El Menoufy,Grill,Sharm El Sheikh,Hadaba,34.314894,27.919829,https://res.cloudinary.com/dmochfrtr/image/upload/v1781203826/SmartEgypt_Restaurants/xsudajuoyeppcj0k6dqq.jpg,25,5589
995,Lucille’s,American Diner,Sharm El Sheikh,Naama Bay,34.32736,27.919328,https://res.cloudinary.com/dmochfrtr/image/upload/v1781203827/SmartEgypt_Restaurants/s84clkcrr8ezrhbyzdxu.jpg,45,832
996,Indira,Asian Cuisine,Sharm El Sheikh,Hadaba,34.346422,27.906607,https://res.cloudinary.com/dmochfrtr/image/upload/v1781203827/SmartEgypt_Restaurants/q4q4hkcazlqmpo2ala7n.jpg,115,3575
997,Beano's,Cafe,Sharm El Sheikh,Old Market,34.313536,27.920561,https://res.cloudinary.com/dmochfrtr/image/upload/v1781203828/SmartEgypt_Restaurants/aofb94ldktccwlawytll.jpg,80,630
998,Mo Bistro,Steakhouse,Sharm El Sheikh,Nabq,34.325196,27.909512,https://res.cloudinary.com/dmochfrtr/image/upload/v1781203829/SmartEgypt_Restaurants/frqihuoqn1mpfg0syhks.jpg,45,1550
999,Makani,Grill,Sharm El Sheikh,Sharks Bay,34.31612,27.923648,https://res.cloudinary.com/dmochfrtr/image/upload/v1781203830/SmartEgypt_Restaurants/uajv6prnrag2avzzeb4a.png,15,320
1000,Lucille’s,American Diner,Sharm El Sheikh,Hadaba,34.319625,27.907188,https://res.cloudinary.com/dmochfrtr/image/upload/v1781203830/SmartEgypt_Restaurants/qgk25l0eg5v7bi2kfv7r.jpg,45,832
1001,Paul,Bakery,Sharm El Sheikh,Naama Bay,34.321946,27.917541,https://res.cloudinary.com/dmochfrtr/image/upload/v1781203831/SmartEgypt_Restaurants/wxmjhpbkjmgdmdzkleu4.jpg,39,1099
1002,Bazooka,Burgers,Sharm El Sheikh,Hadaba,34.344916,27.907607,https://res.cloudinary.com/dmochfrtr/image/upload/v1781203832/SmartEgypt_Restaurants/jqpbcmmi5qgypyve5owk.jpg,30,1020
1003,Makani,Grill,Sharm El Sheikh,Nabq,34.329407,27.934191,https://res.cloudinary.com/dmochfrtr/image/upload/v1781203832/SmartEgypt_Restaurants/xecnommjvoo8qebcnivo.png,15,320
1004,Butcher's Burger,Burgers,Sharm El Sheikh,Hadaba,34.311187,27.901587,https://res.cloudinary.com/dmochfrtr/image/upload/v1781203833/SmartEgypt_Restaurants/yoxpsks9etr51f18whqq.jpg,40,450
1005,Makani,Grill,Sharm El Sheikh,Old Market,34.319408,27.897502,https://res.cloudinary.com/dmochfrtr/image/upload/v1781203833/SmartEgypt_Restaurants/zrvy8vbffwfqxbe8dvhq.png,15,320
1006,Gaby’s,European,Sharm El Sheikh,Naama Bay,34.339384,27.934857,https://res.cloudinary.com/dmochfrtr/image/upload/v1781203834/SmartEgypt_Restaurants/wp9jce94u64xr5hkacjw.jpg,45,1083
1007,Kazouza,Egyptian Street Food,Sharm El Sheikh,Naama Bay,34.31748,27.899443,https://res.cloudinary.com/dmochfrtr/image/upload/v1781203835/SmartEgypt_Restaurants/sejg4jk4kycl7bkozjhg.jpg,17,280
1008,Caracas,Lebanese,Sharm El Sheikh,Sharks Bay,34.346831,27.927986,https://res.cloudinary.com/dmochfrtr/image/upload/v1781203835/SmartEgypt_Restaurants/skz0n2mqgzelalg3eh59.jpg,62,550
1009,Spectra,Casual Dining,Sharm El Sheikh,Old Market,34.323958,27.911223,https://res.cloudinary.com/dmochfrtr/image/upload/v1781203836/SmartEgypt_Restaurants/i2lu9dkfdcvr3o8c0hbw.jpg,80,1990
1010,Pier 88,Seafood,Sharm El Sheikh,Nabq,34.338132,27.922488,https://res.cloudinary.com/dmochfrtr/image/upload/v1781203836/SmartEgypt_Restaurants/ngid8z5uu8ghrp9u7mex.jpg,40,1000
1011,Mori Sushi,Asian Cuisine,Sharm El Sheikh,Old Market,34.318515,27.914547,https://res.cloudinary.com/dmochfrtr/image/upload/v1781203837/SmartEgypt_Restaurants/ti5gktbnsjsk7dglurol.jpg,42,1725
1012,Butcher's Burger,Burgers,Sharm El Sheikh,Nabq,34.31305,27.897369,https://res.cloudinary.com/dmochfrtr/image/upload/v1781203838/SmartEgypt_Restaurants/svtuplzybga6sypr117h.jpg,40,450
1013,Makani,Grill,Sharm El Sheikh,Old Market,34.326439,27.927666,https://res.cloudinary.com/dmochfrtr/image/upload/v1781203838/SmartEgypt_Restaurants/jvit2bosvnjdf4v6xbon.png,15,320
1014,Chicken Fil-A,Fried Chicken,Sharm El Sheikh,Naama Bay,34.338947,27.897057,https://res.cloudinary.com/dmochfrtr/image/upload/v1781203839/SmartEgypt_Restaurants/cmbfzmmzn6t6nbjbzog9.jpg,15,177
1015,Arabiata,Egyptian Cuisine,Sharm El Sheikh,Nabq,34.314092,27.927559,https://res.cloudinary.com/dmochfrtr/image/upload/v1781203839/SmartEgypt_Restaurants/xovkogrn3lmghjpdbkkt.jpg,8,178
1016,Fuddruckers,Burgers,Sharm El Sheikh,Naama Bay,34.314957,27.909497,https://res.cloudinary.com/dmochfrtr/image/upload/v1781203840/SmartEgypt_Restaurants/yjll5iqrhcqbj27ygjeh.jpg,30,1020
