Recipe_ID,Recipe Title,Description,Ingredients,Instructions,Serve,Categories,Min_EGP_Price,Max_EGP_Price,Price_State,image_url
ER_001,Mish Cheese | An Ancient Egyptian Salty Fermented Cheese,"Mish cheese is one of Egypt’s oldest and most distinctive foods — a salty, fermented cheese that captures the bold, rustic flavors of traditional Egyptian cuisine. Made by aging cheese in a rich, spiced brine for years, Mish develops a deep, slaty taste that’s both intense and addictive. Often enjoyed with fresh pita bread and sweet fruits like watermelon, this ancient delicacy is a true taste of Egyptian heritage.","For the Base: | whole milk | homemade morta (salty milk solids) | sea salt (must be extremely salty) | optional but traditional:a small amount of old base (khamira) | For the Cheese: | arish cheese, block form | domiati cheese, block form | optional:feta cheese, block form | For Serving: | 1 tomato, finely diced | 1 jalapeño, finely diced | olive oil, for drizzling | fresh pita bread | Optional pairing:Watermelon or another sweet fruit to balance the saltiness","Let’s Make Mish Cheese — The Old Egyptian Way | Mish is a traditional Egyptian cheese made by fermenting salty cheese for several years. Fair warning — this recipe takes one full year to complete! It’s a process rooted in Egyptian culture and passed down through generations. | Ferment the Milk | Start with whole milk. Pour it into a large bowl and cover it with plastic wrap. Let it sit at room temperature for a few days — this will allow the milk to ferment naturally. | Over time, a yogurt-like substance will form, and a yellowish liquid will separate from it. Carefully save all of the thick, yogurt-like part and discard the yellow water. What’s left is the fermented milk base that will be used to make your mish. | Prepare the Base | Now it’s time to prepare the mish base. To the fermented yogurt, add homemade morta — an Egyptian delicacy made from salty milk solids. Mix the morta thoroughly with the fermented yogurt until it turns into a light brown paste. This mixture is the foundation of mish cheese. To taste, adjust the salt — it must be extremely salty, as this high salt content helps preserve the cheese during fermentation. | For the most authentic flavor, it’s recommended to add a small amount of old base to the new mixture. This old base is called “khamira” in Egyptian culture and it helps develop the deep, aged flavor that mish is known for. | Add the Cheese | Traditionally, arish cheese and domiati cheese are used, but you can also use feta cheese as an alternative — just make sure the cheese you use is in block form, not crumbled. Avoid using crumbled cheese, as it will dissolve too quickly in the base. Cut the cheese blocks into blocks no smaller than a golf ball, and place them into a large mason jar. It’s very important that the cheese remains in block form so it holds its structure during fermentation. | Pour the mish base into the jar over the cheese blocks, then gently shake the jar to help the base seep between the pieces and fill in all gaps. Be careful not to leave any splash marks or residue on the sides or top of the jar — these spots can turn black and spoil the batch. Cleanliness is key to successful fermentation. Once the jar is filled, seal it tightly. | Ferment and Store | Store the sealed jar in a cool, dark corner for one year. During this time, the flavors will develop, and the cheese will transform into the rich, salty mish Egyptians love.","Since we’ll have to wait a year for the new batch, let’s enjoy some mish cheese that’s already ready to eat! Mash the mish cheese with a fork until it forms crumbled pieces. Add finely diced tomatoes and jalapeños, then drizzle with a bit of olive oil. Serve the mish with fresh pita bread — it’s a perfect match. Because mish is quite salty, it’s often paired with something sweet, such as watermelon, to balance the flavors.","Egyptian food, mish cheese",70,260,"Food prices change based on five simple things. First, Quality and Brand matter because better ingredients cost more money. Second, Weight and Portion Size play a big role, since a larger meal naturally costs more. The price also covers How it Serves, which is the effort used to cook and present the food, and the Service Experience, such as the packaging or staff help. Finally, Discounts or sales can bring the total price down.",https://i0.wp.com/greenfieldsstore.com/wp-content/uploads/2022/08/spicy-egyptian-cheese-extra.jpg?fit=1500%2C1500&ssl=1
ER_002,Egyptian Goulash | A Crispy & Savory Phyllo Meat Pie,"Egyptian-style goulash is a savory, comforting dish that layers spiced meat and crispy phyllo dough for a delightful contrast of textures. This version of goulash is made with seasoned ground beef or lamb, combined with aromatic spices like coriander and nutmeg, all wrapped in golden, flaky phyllo dough. The result is a deliciously rich and satisfying pie, perfect for sharing with family and friends. Whether served as a main dish or a side, Egyptian goulash offers a delicious taste of traditional Egyptian flavors and is sure to be a crowd-pleaser at any table.","For the Meat Filling: | 2 pounds 90% lean ground beef | 1 yellow onion, finely chopped | 6 garlic cloves, minced | ground coriander | ground nutmeg | sea salt | black pepper | For the Phyllo Layers: | 16 ounces phyllo dough sheets | 4 ounces unsalted butter (1 stick), melted | 1–2 tablespoons olive oil | For the Custard: | 3 eggs | 2 cups milk","Prepare the Filling | Start by finely chopping the onion and mincing the garlic. Heat olive oil in a skillet over medium heat and fry the onion until softened. Add the minced garlic and a pinch of oregano, stirring to combine. Once the onions begin to brown, add the ground beef to the skillet. Break up the meat with a spatula as it cooks, ensuring an even texture. Season the mixture with ground coriander, ground nutmeg, sea salt, and black pepper to taste. Continue cooking until the beef is browned, then remove the skillet from the heat and drain any excess fat. | Prepare the Phyllo Layers | Melt one stick of butter over low heat. Using a pastry brush, coat the bottom of a baking dish with a thin layer of melted butter. Begin layering the phyllo dough sheets, placing one or two sheets at a time and brushing each layer with melted butter. Repeat this process until half of the phyllo dough sheets are layered in the dish. | Assemble the Goulash | Once the first half of the phyllo layers is complete, spread the meat filling evenly over the top, ensuring it is level. Continue layering the remaining phyllo dough sheets over the filling, brushing butter between each layer. Before brushing butter on the final layer, use a sharp knife to cut the goulash into rectangles or squares. | Prepare the Custard and Bake | In a bowl, blend the milk and eggs until smooth, then mix in any leftover melted butter. Pour this mixture evenly over the goulash, ensuring it seeps into the cuts. Preheat your oven to 400°F (200°C) and bake the goulash for about 25 minutes, or until the top layer is crispy and golden brown.","Once baked, retrace the cuts with a knife to make serving easier. Serve the Egyptian goulash hot and fresh out of the oven. It should have crispy, golden layers on the top and bottom, with a soft and savory filling inside. Enjoy!","Egyptian food, lahma, phyllo meat pie, goulash",100,350,"Food prices change based on five simple things. First, Quality and Brand matter because better ingredients cost more money. Second, Weight and Portion Size play a big role, since a larger meal naturally costs more. The price also covers How it Serves, which is the effort used to cook and present the food, and the Service Experience, such as the packaging or staff help. Finally, Discounts or sales can bring the total price down.",https://www.munatycooking.com/wp-content/uploads/2024/02/Phyllo-Meat-Pie-Egyptian-Goulash-6.jpg
ER_003,Egyptian Besboussa | A Sweet Semolina Cake,"Egyptian besboussa is a classic Egyptian semolina cake that’s sweet, tender, and full of comforting flavor. It’s made with simple ingredients like semolina flour, yogurt, and clarified butter (semna), then soaked in fragrant vanilla-lemon syrup that gives it its signature moist texture and golden finish. The name besboussa charmingly translates to “just a kiss” in Arabic — a fitting description for a dessert that’s soft, delicate, and irresistibly sweet with every bite.","For the Besboussa Batter: | 3 cups semolina flour, coarse | ¾ cup sugar | 1 teaspoon baking powder | vanillin powder | 1 cup coconut flakes | 8 tablespoons clarified butter | about 3 cups plain yogurt | For the Simple Syrup: | 3 cups water | 3 cups sugar | juice of 1 lemon | vanillin powder","Preparing the Dry Ingredients | Start this recipe with the dry ingredients. Semolina flour is what gives besboussa its slightly coarse texture and golden, tender crumb. In a large bowl, combine semolina flour, sugar, baking powder, and vanillin. Add coconut flakes to a food processor and blend them until fine — like you. Mix the coconut flakes in with the dry ingredients. The coconut is optional, but it adds a nice touch of flavor and texture. | Mixing the Batter | Now add melted semna (clarified butter) and plain yogurt to the dry ingredients. Depending on the type of yogurt you use, the amount may vary slightly since some yogurts are thicker than others. The goal is to achieve a thick batter that holds its shape when lifted with a spoon, but still smooth enough to spread easily in the pan. | Mix everything really well, ensuring there are no clumps of dry batter left. The besboussa batter should have a dense, spoonable consistency — thicker than pancake batter but softer than dough. If it looks runny or pourable, you’ve added too much liquid. Be careful not to overmix, because semolina absorbs liquid quickly and can activate excess gluten, making the texture dense and tough once baked. | Preparing the Baking Dish | Brush melted semna across all sides of a baking dish to prevent sticking and enhance flavor. Pour the besboussa batter in, then gently shake the pan side to side to help spread it, and smack it down a few times on the countertop. This helps spread the batter evenly and push any air pockets to the surface. The batter should not be taller than 1 inch thick. | Before baking, carefully cut the besboussa into diamond shapes or squares. When making these cuts, do not press the knife all the way down — you’re only marking the surface to create guide lines. This makes it easier to trace over and cut cleanly after baking, once the besboussa has set and is ready to serve. | Baking the Besboussa | Bake the besboussa in the oven at 400°F for about 30 minutes. Once baked through, switch the oven to broil for a couple of minutes to develop a beautiful brown crust on top. | Making the Simple Syrup | While the besboussa is baking, prepare the simple syrup. Combine equal parts water and sugar in a pot, mix it well to help dissolve the sugar, and bring it to a boil. Let it cook until it begins to slightly reduce and thicken into a smooth, glossy syrup. Then add a squeeze of fresh lemon juice, stir in a pinch of vanillin powder for added aroma and flavor, and immediately turn off the heat.","When the besboussa comes fresh out of the oven, immediately pour the homemade simple syrup over it while it’s still hot. You should hear a satisfying sizzle(depending on the baking dish used) — that’s a good sign! Let it rest for about 15 minutes to allow the syrup to soak in. Cover the besboussa with foil to help retain its warmth and moisture as it rests. For the best results, let the besboussa rest for several hours so it can fully absorb all that sweetness and moisture.","Egyptian food, desserts, besboussa",225,625,"Food prices change based on five simple things. First, Quality and Brand matter because better ingredients cost more money. Second, Weight and Portion Size play a big role, since a larger meal naturally costs more. The price also covers How it Serves, which is the effort used to cook and present the food, and the Service Experience, such as the packaging or staff help. Finally, Discounts or sales can bring the total price down.",https://www.dishnthekitchen.com/wp-content/uploads/2017/10/Egyptian-Semolina-Cake-1024x683.jpg
ER_004,Stuffed Eggplant | Egyptian Mahshi Bitingan,"Mahshi bidingan, or Egyptian stuffed eggplant, is a beloved traditional dish made with tender eggplants filled with a fragrant mixture of rice, herbs, and tomato sauce. The eggplants are gently simmered in a seasoned tomato broth until the rice soaks up all the rich flavors. Each bite combines the softness of the eggplant with the freshness of parsley, cilantro, and dill, creating a comforting and flavorful meal that embodies the heart of Egyptian home cooking.","For the Mahshi Filling: | olive oil | 1 yellow onion, diced | 6 garlic cloves, minced | 3 tomatoes, diced | ground coriander | ground cumin | sea salt | black pepper | fresh parsley, chopped | fresh cilantro, chopped | fresh dill, chopped | 2 cups Egyptian rice, medium grain | For the Eggplant and Cooking Sauce: | 12 baby eggplants | 2-3 cups water | sea salt | 1 tablespoon tomato paste | juice of one lemon | fresh cilantro, chopped","Preparing the Mahshi Filling | Start this recipe by making the flavorful mahshi filling. In a large pot, heat olive oil and fry diced onions with minced garlic until fragrant. Once the aroma fills your kitchen, add diced tomatoes and season everything with ground coriander, ground cumin, sea salt, and black pepper. Mix it all together well, then use an immersion blender to transform the mixture into a smooth and velvety tomato sauce. Transfer this sauce to a large bowl, then add chopped parsley, chopped cilantro, fresh dill, and washed Egyptian rice. Stir everything until the herbs and rice are evenly coated in the sauce. | Preparing the Eggplants | Now onto the star of the dish — the eggplants. Long and skinny eggplants work best for making mahshi bitingan. Start by removing the stem, then slice the same end flat to create a stable base. Using a vegetable corer, carefully hollow out the inside of each eggplant to remove the guts. Place the scooped-out flesh in a bowl of water and lemon juice to prevent it from browning. Don’t throw away those eggplant guts! Fry them in olive oil for a few minutes, season with sea salt, and enjoy with some eish (Egyptian bread) as a tasty snack. | Stuffing and Cooking the Mahshi | Once your eggplants are hollowed, fill them all the way to the rim with the mahshi filling. Arrange the stuffed eggplants upright in the same pot you used for making the tomato sauce. In a separate container, mix water with sea salt and a small spoonful of tomato paste, then pour this mixture into the pot so it reaches at least halfway up the eggplants. Bring the pot to a boil, then reduce the heat to low. Cover with a lid and let it simmer gently for about 45 minutes until the eggplants are tender and the rice is perfectly cooked.","When ready, transfer the stuffed eggplants to a serving dish. Spoon some of the rich tomato juices from the pot over the top, drizzle with fresh lemon juice, garnish it with fresh cilantro, and serve warm. The result is a comforting Egyptian classic — perfectly tender eggplants filled with herbed rice and bursting with flavor.","Egyptian food, vegan, mahshi, eggplant",75,230,"Food prices change based on five simple things. First, Quality and Brand matter because better ingredients cost more money. Second, Weight and Portion Size play a big role, since a larger meal naturally costs more. The price also covers How it Serves, which is the effort used to cook and present the food, and the Service Experience, such as the packaging or staff help. Finally, Discounts or sales can bring the total price down.",https://forknbite.com/wp-content/uploads/2025/10/Flux_Schnell_Stuffed_eggplant_dish_with_filled_eggplants_and_i_0-1.jpg
ER_005,Stuffed Cabbage Rolls | Egyptian Mahshi Kromb,"Mahshi kromb, or stuffed cabbage rolls, is a beloved Egyptian comfort dish made of tender cabbage leaves filled with a flavorful mixture of rice, herbs, and spices, then simmered in a light tomato sauce until perfectly soft. Each roll is packed with aromatic flavors that melt together beautifully as they cook. This recipe celebrates simplicity and tradition — and it can be made fully vegan by simply opting out of the butter and using olive oil instead.","For the Cabbage: | 1 whole cabbage | water | sea salt | For the Mahshi Filling: | olive oil, for frying | 1 yellow onion, diced | 6 garlic cloves, minced | clarified butter, for frying | 3 pounds tomatoes, diced | ground coriander | ground cumin | sea salt | black pepper | fresh parsley, chopped | fresh cilantro, chopped | fresh dill, chopped | 2 cups rice, washed | For Cooking: | water | sea salt | 1 tablespoon tomato paste | For Reheating Leftovers: | olive oil | clarified butter","Preparing the Cabbage | Start this recipe by preparing the cabbage. Remove the core so that it is about a finger-length deep. Add sea salt to a large pot of water and bring it to a boil. Place the whole cabbage in the pot, core side down. The water level should rise just slightly above the halfway point of the cabbage. Rotate it every few minutes — this process requires patience. The outer layer leaf should peel off easily; if it does not, the cabbage is not yet ready. Submergethe peeled leaf and let it cook for a few more minutes until tender. Once ready, remove the cabbage and set it on a tray to cool. | Cutting the Leaves | Take one cabbage leaf and lay it flat on a cutting board. Cut out the thick stem in the center and save the extra cabbage pieces. You should be left with two halves. Depending on their size, cut them into two or three evenly sized pieces. The inner cabbage leaves will be thicker and more curled; these are optional and do not need to be used for rolling. | Making the Mahshi Filling | In a large pot, fry diced onion with minced garlic in olive oil until fragrant. Add a touch of samna for elevated flavor. When making the filling, use the same pot you plan to stack the mahshi in later. Once the onions and garlic are aromatic, add diced tomatoes and season with ground coriander, ground cumin, sea salt, and black pepper. Mix well, then blend with an immersion blender until the sauce is smooth. Turn off the heat and transfer the tomato sauce to a large bowl. Allow it to cool, then add chopped parsley, cilantro, fresh dill, and washed rice. Mix everything thoroughly until well combined. | Rolling the Mahshi | Lay a cabbage leaf flat with the lines facing left to right. Add a small spoonful of the filling to the center. Fold the side closest to you over the filling, then tuck and roll it tightly. You do not need to fold the ends like a burrito — if you hold it from one end and it stays together, it’s perfect. | Stacking and Cooking | In the same pot you used for the tomato sauce, add a single layer of the leftover cabbage scraps at the bottom. Begin stacking the rolled mahshi in one direction, keeping them tightly packed. For the next layer, alternate the direction and continue stacking until complete. Press everything down gently. Combine water with sea salt and a splash of tomato paste, then pour it over the mahshi just until it nearly covers the top layer. The cabbage will release water as it cooks, so do not overfill. Add one final layer of leftover cabbage pieces on top to help trap the steam. Bring the pot to a boil, then reduce the heat to medium-low and cover. Let it cook for about one hour. | The Grand Reveal | Once the mahshi is ready, it’s time for the dramatic reveal. Place a serving plate over the pot, hold them firmly together, and flip in one smooth, confident motion. Tap the bottom of the pot like a tabla — without burning your fingers — then gently lift the pot to unveil your beautiful Egyptian-style mahshi kromb.","If you have leftover mahshi kromb, here’s the best way to reheat it. Add olive oil and a touch of clarified butter to a pan over medium-high heat. Place the leftover mahshi in the pan and let it cook for several minutes on each side with the lid on. The rolls will develop a delicious brown crust — that’s called flavor, not burned.","Egyptian food, mahshi",150,320,"Food prices change based on five simple things. First, Quality and Brand matter because better ingredients cost more money. Second, Weight and Portion Size play a big role, since a larger meal naturally costs more. The price also covers How it Serves, which is the effort used to cook and present the food, and the Service Experience, such as the packaging or staff help. Finally, Discounts or sales can bring the total price down.",https://wilingga.com/wp-content/uploads/2025/10/Stuffed-Cabbage-Rolls.jpg
ER_006,Egyptian Moussaka | Baked Eggplant with Meat Sauce,"Egyptian moussaka is a rich, comforting dish made with layers of eggplant, spiced ground meat, and a flavorful tomato sauce. It’s baked until the ingredients meld together into a warm, savory blend of textures and aromas. Served with rice or baladi bread, this dish is a true taste of Egyptian home cooking — simple, hearty, and full of depth.","For the Eggplant: | 7 eggplants | sea salt | olive oil | For the Tomato Sauce: | olive oil | 1 yellow onion, diced | 4 garlic cloves, minced | 3 pounds tomatoes, diced | ground coriander | ground cumin | sea salt | black pepper | white vinegar (optional) | For the Meat Filling: | olive oil | 1 yellow onion, diced | 2 green bell peppers, diced | 4-6 garlic cloves, minced | 3 chilli peppers, sliced (optional) | 2 pounds 80% lean ground beef | ground coriander | ground nutmeg | sea salt | black pepper | water | For Garnish: | fresh cilantro, chopped","Prepare the Eggplant | Start this recipe by preparing the eggplant. Remove the stem and peel half of the skin so that the eggplant appears striped. Slice it into discs about ½ inch thick, then sprinkle a little sea salt over them. Let the slices rest for about 20 minutes — this helps draw out moisture and reduce any bitterness. | Next, heat a splash of olive oil in a pan over medium-high heat and fry the eggplant slices for a few minutes on each side until tender and golden brown. | Tip: Don’t add too much oil at once — eggplant absorbs oil quickly, making the pan seem dry. A small splash of oil at a time is all you need to get that perfect golden finish. | Make the Tomato Sauce | Now let’s prepare the tomato sauce. In a pan, fry diced onions with minced garlic for several minutes until fragrant. Add diced tomatoes and season with ground coriander, ground cumin, sea salt, and black pepper. Stir everything well, then use an immersion blender to create a smooth and rich tomato sauce. For a little tang, add a splash of white vinegar — it’s optional but adds a nice touch of brightness. | Prepare the Meat | In a separate pan, heat olive oil and sauté diced onions, diced green bell peppers, and minced garlic. For optional heat, add a few sliced chili peppers. Once fragrant, add the ground meat and start breaking it up while thinking happy thoughts. Season with ground coriander, ground nutmeg, sea salt, and black pepper. Mix everything together, then pour in the homemade tomato sauce along with a splash of water to bring the flavors together. | Assemble the Moussaka | To assemble, start by adding a layer of fried eggplant to a baking dish. Pour a layer of the meat sauce over it, then repeat the process — eggplant followed by sauce — until the dish is fully layered. Bake it in the oven at 400°F (200°C) for about 25 minutes until bubbly and aromatic.","Before serving Egyptian moussaka, garnish with freshly chopped cilantro for a burst of color and freshness. Serve it Egyptian style roz (rice), baladi bread, or simply enjoy it on its own.","Egyptian food, eggplant, baked eggplant",65,500,"Food prices change based on five simple things. First, Quality and Brand matter because better ingredients cost more money. Second, Weight and Portion Size play a big role, since a larger meal naturally costs more. The price also covers How it Serves, which is the effort used to cook and present the food, and the Service Experience, such as the packaging or staff help. Finally, Discounts or sales can bring the total price down.",https://amazingfoodanddrink.com/wp-content/uploads/2024/07/402.png
ER_007,Béchamel Burger | Inspired by Egypt's Macarona Béchamel,"Imagine biting into a thick, juicy burger topped with crunchy fried pasta and drenched in luscious bechamel sauce. It’s indulgent, nostalgic, and a little unexpected — inspired by the flavors of Egyptian macarona béchamel but reimagined as the ultimate comfort burger.","For the Béchamel Sauce: | 4 tablespoons clarified butter | ½ cup flour | 4 cups milk | ground nutmeg | sea salt | black pepper | For the Tomato Sauce: | olive oil | ½ yellow onion, diced | 4 garlic cloves, minced | 4 tomatoes, diced | ground coriander | ground cumin | sea salt | black pepper | For the Pasta: | 3 ounces penne pasta | water and sea salt, for cooking | neutral oil, for frying | ground coriander | For the Meat: | 1 pound 80% lean ground beef | olive oil | ½ yellow onion, thinly sliced | sea salt | black pepper","Make the Béchamel Sauce | Start this recipe by preparing a silky, flavorful béchamel sauce. In a saucepan over medium-high heat, melt a generous amount of samna (clarified butter). Once hot, whisk in flour and cook it until it thickens and takes on a light golden-brown color. Slowly pour in milk while whisking constantly to prevent clumps from forming. Season with ground nutmeg, sea salt, and black pepper, then let the sauce simmer over medium heat. Keep whisking frequently until it thickens and reduces to a smooth, creamy consistency. This whole process takes about 30 minutes. | Cook the Tomato Sauce | Next, make a simple yet rich tomato sauce. In a skillet, sauté diced onions with minced garlic for a few minutes until fragrant. Add diced tomatoes and season with ground coriander, ground cumin, sea salt, and black pepper. Let everything cook down until the sauce reduces and thickens. Transfer the mixture to a glass jar and use an immersion blender to blend it into a smooth, velvety sauce. | Fry the Pasta for a Crispy Crunch | To give this burger a playful nod to macarona béchamel, cook some penne pasta in boiling water two minutes longer than usual so it’s extra tender. Drain and let it rest briefly, then fry the pasta in neutral oil until it turns golden brown and crispy. Once fried, sprinkle it lightly with ground coriander for added flavor. | Prepare the Beef Patties | For the star of the burger — the lahma (meat) — portion your ground beef into ?-pound balls. Heat a cast-iron skillet with a splash of olive oil. Place the beef balls in the skillet and use parchment paper with a burger press to flatten them, keeping them thick and juicy. Season the first side with sea salt and black pepper, then top with thinly sliced onions and let it cook for a few minutes. Flip once, season the second side, and cook until done — but resist the urge to flip again to maintain the perfect sear.","Now it’s time to bring everything together. Start with a toasted brioche bun and spread a layer of the smooth tomato sauce on the bottom. Place the onions and juicy lahma patty on top, followed by a crunchy layer of fried pasta. Finish it all off with a generous spoonful of creamy bechamel sauce.","lahma, bechamel sauce, burger",150,420,"Food prices change based on five simple things. First, Quality and Brand matter because better ingredients cost more money. Second, Weight and Portion Size play a big role, since a larger meal naturally costs more. The price also covers How it Serves, which is the effort used to cook and present the food, and the Service Experience, such as the packaging or staff help. Finally, Discounts or sales can bring the total price down.",https://www.chocolatesandchai.com/wp-content/uploads/2022/02/Egyptian-Macarona-Bechamel-Featured.jpg
ER_008,Egyptian Style Stuffed Potatoes with Ground Beef & Tomato Sauce,"Stuffed potatoes are a comforting dish made by hollowing out potatoes, lightly frying them, and filling them with a savory meat mixture before baking them in a rich tomato sauce. The result is tender potatoes with a hearty, flavorful center that soak up the sauce beautifully. While variations of stuffed potatoes exist in different cuisines, this dish holds a special place in Egyptian culture, where it is especially popular for family gatherings and home-cooked meals.","For the Tomato Sauce: | 1 yellow onion, diced | 6 garlic cloves, minced | 3 pounds tomatoes, diced | ground coriander | ground cumin | sea salt | black pepper | water | For the Stuffed Potatoes: | 5 pounds russet potatoes | olive oil | 1 yellow onion, diced | 6 garlic cloves, minced | 2 pounds 80% lean ground beef | ground coriander | ground nutmeg | sea salt | black pepper | ½ cup tomato sauce, homemade | 6 jalapeños | fresh cilantro, chopped","Preparing the Tomato Sauce | Start this recipe by making the tomato sauce. Fry diced onions with minced garlic until fragrant, then add diced tomatoes. Season with ground coriander, ground cumin, sea salt, and black pepper. Add a splash of water and mix everything well before blending with an immersion blender. Blend until the sauce is smooth and velvety. | Preparing the Potatoes | Wash the potatoes thoroughly to remove any dirt. Peel them completely, then cut one end flat so each potato can stand upright. Trim the tops so all the potatoes are the same height. Using a vegetable corer, carefully hollow out the centers to create potato cups— it should look like little cylinders with hollow centers. Don’t throw away the potato tops or cores— save them for later. | Next, heat a pan with a little olive oil and fry the potato cups for a couple of minutes on each side. This will help them hold their shape during baking. Once they develop some golden color, remove them from the heat and immediately season with sea salt and black pepper. | Preparing the Ground Beef Filling | In the same pan used for the potatoes, fry diced onions with minced garlic in olive oil until fragrant. Add the ground beef (lahma) and break it up while cooking. Season with ground coriander, ground nutmeg, sea salt, and black pepper, then mix well. Once the beef has browned, turn off the heat and stir in a small amount of the homemade tomato sauce for extra flavor. | Stuffing the Potatoes | Fill each fried potato cup with the seasoned beef mixture, going all the way up to the rim. Arrange the stuffed potatoes in a large baking dish. Add the saved potato tops and cores to fill in the gaps between the potatoes. For optional added heat, you can also include jalapeños stuffed with the beef mixture. | Baking the Dish | Pour the homemade tomato sauce over the stuffed potatoes until it nearly reaches the top of the cups. If you prefer a thinner sauce, add a splash of water before pouring. Give the baking dish a gentle shake to help everything settle. Bake in a preheated oven at 400°F for at least 30 minutes, or until the potatoes are fork tender.","Once baked, remove the dish from the oven. Garnish the stuffed potatoes with fresh cilantro before serving. These golden, tender potato cups filled with savory beef and rich tomato sauce are now ready to enjoy.","Egyptian food, lahma, potatoes",70,353,"Food prices change based on five simple things. First, Quality and Brand matter because better ingredients cost more money. Second, Weight and Portion Size play a big role, since a larger meal naturally costs more. The price also covers How it Serves, which is the effort used to cook and present the food, and the Service Experience, such as the packaging or staff help. Finally, Discounts or sales can bring the total price down.",https://i.pinimg.com/736x/66/11/ba/6611ba1b800dff2f47709807aa46b0ab.jpg
ER_009,Stuffed Bell Peppers | Egyptian Mahshi Fil Fil,"Mahshi fil fil is a beloved Egyptian dish of bell peppers stuffed with rice, herbs, and a rich tomato sauce. Each bite is fresh, aromatic, and comforting, making it a staple at family gatherings and celebrations. Traditionally, this recipe is completely vegan, though in more recent times some variations include ground meat in the filling. This version honors the classic style, keeping it plant-based and true to its roots.","For the Tomato Sauce: | olive oil | 1 yellow onion, diced | 6 garlic cloves, minced | 4 tomatoes, finely diced | 1 tablespoon tomato paste | ground coriander | ground cumin | sea salt | black pepper | For the Mahshi Filling: | fresh parsley, chopped | fresh cilantro, chopped | fresh dill, chopped | 3 cups Egyptian rice (medium grain) | 8 bell peppers (green and red) | For Cooking: | water | 1 tablespoon tomato paste | sea salt","Preparing the Tomato Sauce | Start this recipe by heating a little olive oil in a pot and frying diced onions with minced garlic until fragrant. Once the aroma fills your kitchen, add diced tomatoes along with a spoonful of tomato paste. Season the mixture with ground coriander, ground cumin, sea salt, and black pepper. Let everything come together over medium heat until it reaches a light simmer, then turn off the heat. | To achieve that silky-smooth texture, bring in an immersion blender and blend the seasoned vegetables until you’ve got a rich, velvety tomato sauce. Transfer the sauce to a large bowl and allow it to cool before moving on to the next step. | Making the Mahshi Filling | Once the sauce has cooled, add in the fresh herbs— chopped parsley, chopped cilantro, and fresh dill. Add Egyptian-style roz (rice). For every 3–4 medium-sized bell peppers, you’ll need about 1 cup of rice. Mix everything together really well until the mahshi filling is evenly combined. | Preparing the Bell Peppers | For this dish, green bell peppers are most commonly used in Egyptian culture, followed by red bell peppers. To prepare them, carefully trace around the stem to remove the core and seeds, making sure the pepper is nice and clean inside. Gently stuff each bell pepper with the mahshi filling. Be careful not to overpack— leave a little room for the rice to expand as it cooks. | Cooking the Mahshi | Place the stuffed bell peppers back into the same pot you used for the sauce. Add enough water to come about two-thirds of the way up the peppers. Stir in a touch of tomato paste and a pinch of sea salt into the water for extra flavor. Once the pot comes to a boil, reduce the heat to low, cover with a lid, and let the peppers simmer gently for about 45 minutes.","When the bell peppers are tender and the rice is fully cooked, it’s time to serve. Transfer the mahshi fil fil to a serving dish and pour some of the seasoned cooking water over the bell peppers to bring all the flavors together. Enjoy this warm, comforting dish that’s a true staple of Egyptian home cooking.","Egyptian food, mahshi, stuffedbellpeppers",150,320,"Food prices change based on five simple things. First, Quality and Brand matter because better ingredients cost more money. Second, Weight and Portion Size play a big role, since a larger meal naturally costs more. The price also covers How it Serves, which is the effort used to cook and present the food, and the Service Experience, such as the packaging or staff help. Finally, Discounts or sales can bring the total price down.",https://jasonrecipes.com/wp-content/uploads/2025/06/Image_3-152.png
ER_010,Two Classic Egyptian Desserts: Rice Pudding vs. Milk Pudding,"Rice pudding and milk pudding are both beloved desserts that carry a sense of comfort and tradition in Egyptian culture. Rice pudding is made with soft, simmered rice that’s gently sweetened and enriched with milk until it becomes creamy and smooth. Milk pudding, on the other hand, is a silky dessert thickened with starch, creating a delicate and custard-like texture. Both puddings are often enjoyed at family gatherings, celebrations, and everyday meals as a sweet treat that brings people together.","For the Rice Pudding: | 1 cup Egyptian rice | about 3 cups water | rose water | 3 cups milk | 1 tablespoon corn starch | about 4 tablespoons sugar | vanillin powder | sea salt | For the Milk Pudding: | 2 cups milk | 4 tablespoons corn starch | 2-4 tablespoons sugar | vanillin powder | sea salt | For Garnish: | ground cinnamon | shredded coconut | golden raisins | pistachios, crushed","Cooking the Rice | Start by adding washed Egyptianriceto a pot. Use a little extra water than you normally would when cooking rice (about a 3 to 1 ratio) so the grains come out soft and wet. Add a splash of rose water for subtle fragrance. Once the mixture reaches a boil, reduce the heat to low, cover the pot, and let it cook for at least 12 minutes. | Mashing the Rice | When the cook time is up, use a wooden spoon to whip the rice around until it becomes mushy. This soft texture is exactly what you want— it forms the creamy base for the pudding. | Adding the Milk Mixture | Now stir in milk, cornstarch, sugar, vanillin powder, and a pinch of sea salt. Mix thoroughly, keeping the heat low to prevent the milk from rising and overflowing. Once it reaches a gentle boil, turn off the heat. | Serving and Garnishing | Immediately transfer the pudding into small serving dishes. Garnish with ground cinnamon, shredded coconut, and golden raisins— or whatever toppings you prefer. Allow the rice pudding to cool before serving so it sets into a thicker, creamier texture. | Preparing the Pudding Base | In a small saucepot, combine milk, cornstarch, sugar, vanillin powder, and a pinch of sea salt. Place over medium heat and whisk frequently until everything dissolves smoothly. Let it come to a light boil while continuing to whisk. | Thickening the Pudding | After 8–10 minutes of whisking, the mixture should thicken into a smooth, pudding-like consistency.","Transfer the milk pudding to individual serving dishes. Enjoy it plain, or garnish with a dusting of cinnamon or crushed pistachios. Like the rice pudding, let it cool before serving for the perfect creamy texture.","Egyptian food, desserts, rice pudding, milk pudding",20,130,"Food prices change based on five simple things. First, Quality and Brand matter because better ingredients cost more money. Second, Weight and Portion Size play a big role, since a larger meal naturally costs more. The price also covers How it Serves, which is the effort used to cook and present the food, and the Service Experience, such as the packaging or staff help. Finally, Discounts or sales can bring the total price down.",https://dirtydishesmessykisses.com/wp-content/uploads/2024/08/kheer-rice-pudding-recipe-1722471129.jpg
ER_011,Egyptian Sogo' | Beef Sausage,"Egyptian sausage, known as sogo’ is a flavorful street food staple made from spiced beef sausage cooked in a rich tomato-based sauce with onions, peppers, and garlic. It’s especially popular in Alexandria and Cairo, often served hot inside fino bread as a quick sandwich. At home, sogo’ can also be paired with roz bil shareya (rice with vermicelli) for a heartier meal, making it a versatile dish that captures the bold, savory flavors of Egyptian cuisine.","For the Sausage: | olive oil | one pound beef sausage | one yellow onion, sliced | 6 garlic cloves, minced | 2 green bell peppers | 2 chili peppers | 4 tomatoes, finely diced | white vinegar | ground coriander | ground cumin | sea salt | black pepper | fresh parsley, chopped | For the Vermicelli Rice: | clarified butter | 1 cup vermicelli | 1 cup Egyptian rice, medium grain | approximately 3 cups water","Preparing the Sausage | Begin by heating a pan over medium heat with a drizzle of olive oil. Fry the beef sausage for a few minutes on each side until lightly browned, but do not worry about fully cooking it yet. Once it develops some color, remove the sausage from the pan and set it aside. | Making the Sauce | In the same pan, add sliced onions and minced garlic, frying them for several minutes until fragrant. Next, add sliced green bell peppers, followed by chili peppers if you prefer extra heat. Allow the peppers to soften slightly before adding finely diced tomatoes and a splash of white vinegar. Season the mixture with ground coriander, ground cumin, sea salt, and black pepper. Add a splash of water, stir everything together well, and let the sauce simmer for 5–7 minutes until it begins to thicken. | Combining the Sausage and Sauce | Return the browned sausage to the pan and stir to coat it evenly in the sauce. Let everything cook together for 10–15 minutes, allowing the sausage to become fully cooked and tender while absorbing the rich flavors of the sauce. | Preparing Roz bil Shareya | Traditionally, sogo’ is eaten in fino bread as street food. Since we’re preparing it at home, we’ll serve it with roz bil shareya (rice with vermicelli). To make it, start by frying vermicelli in semna (clarified butter) for a few minutes, stirring frequently until the noodles turn golden brown. Add washed Egyptian medium-grain rice, mix well, and let it sit for about one minute. Pour in just enough water to cover the rice by no more than ½ inch. Once the pot reaches a boil, reduce the heat to low, cover with a lid, and let it cook for about 12 minutes. When finished, gently fluff the rice.","Once the sogo’ is ready, it should be coated in the flavorful sauce and tender to the bite. To serve, scoop a portion of roz bil shareya into a bowl, then pile the sogo’ on top. Garnish with freshly chopped parsley, and your Egyptian sogo’ with rice is ready to enjoy.","Egyptian food, lahma, vermicelli rice, beef sausage",80,395,"Food prices change based on five simple things. First, Quality and Brand matter because better ingredients cost more money. Second, Weight and Portion Size play a big role, since a larger meal naturally costs more. The price also covers How it Serves, which is the effort used to cook and present the food, and the Service Experience, such as the packaging or staff help. Finally, Discounts or sales can bring the total price down.",https://lh3.googleusercontent.com/ci/AL18g_QBztcCd435lHe4jSP7p6BIRTdn8r5hV2N85xMJGJEjuoZROLstbPYN2XIELFvXT-3cFPrlug=s1200
ER_012,Traditional Egyptian Breakfast: Ful wa Ta'ameya | Fava Beans and Falafel,"Ful wa ta’ameya is the ultimate traditional Egyptian breakfast, loved for its rich flavors and satisfying simplicity. Ful, slow-cooked fava beans, is creamy and hearty, often topped with tahina, olive oil, and fresh herbs. Ta’ameya, the Egyptian original form of falafel, is made from split fava beans blended with herbs and spices, then fried until brown and crispy on the outside with a fluffy and green inside. Served together with warm bread, salad, and tahina sauce, ful wa ta’ameya is a meal that has nourished generations across Egypt.","For the Ful Mudammas: | 1 cup dry fava beans | water, for soaking | 1 tablespoon tahina | ground cumin | sea salt | black pepper | olive oil | fresh lime juice | fresh cilantro, chopped | For the Egyptian Salad: | 1 red onion, finely diced | white vinegar | sea salt | 6 mini cucumbers, finely diced | 4 tomatoes, finely diced | 2 jalapenos, finely diced (for optional heat) | fresh parsley, chopped | sea salt | black pepper | juice from two limes | mint leaves, chopped | For the Tahina Sauce: | ½ cup tahina | fresh lime juice | fresh parsley, chopped | ground cumin | sea salt | water | For the Ta’ameya: | 1 cup dry split fava beans | water, for soaking | fresh cilantro | 1 yellow onion | 4-6 garlic cloves | ground coriander | ground cumin | sea salt | black pepper | ½ teaspoon baking soda | neutral oil, for deep frying","Preparing the Beans | Ful is traditionally made with whole fava beans, while ta’ameya is made with split fava beans. Begin by soaking both beans separately in water overnight. By the next morning, the beans will nearly double in size. Drain the water from the fava beans and transfer them to a bean pot. This style of pot is called a damassa in Arabic, which is where the name ful mudammas comes from. Add water and bring it to a boil, then reduce the heat to low and cover with a lid. The fava beans must cook low and slow for about six hours. Avoid stirring the beans as they cook. Be sure to check the water level every hour, adding boiled water when necessary to keep the beans submerged. | Making the Egyptian Salad (Salata Baladi) | While the fava beans are cooking, prepare a traditional Egyptian salad called salata baladi. In a large bowl, add finely diced red onions, white vinegar, and sea salt, mixing well. The vinegar and salt will help reduce the harshness of raw onions. Next, add finely diced cucumbers, tomatoes, and jalapeños (if you want some extra heat), along with fresh parsley, sea salt, and black pepper. Squeeze in fresh lime juice and mix everything thoroughly. For a final refreshing touch, add fresh mint leaves. | Preparing the Tahina Sauce | To make the tahina sauce, combine tahina with fresh lime juice in a bowl. Add chopped parsley, ground cumin, sea salt, and a splash of water. Mix thoroughly, adding water little by little until you reach a smooth, creamy consistency. This sauce will serve as a flavorful complement to the ta’ameya. | Making Ta’ameya (Egyptian Falafel) | Next, drain the soaked split fava beans and transfer them to a food processor. Add cilantro, roughly chopped yellow onion, fresh garlic, ground coriander, ground cumin, sea salt, and black pepper. Blend until the mixture has a texture similar to wet sand. Just before frying, mix in a touch of baking soda to help with fluffiness. | Use an ice cream scooper to portion the mixture into even balls. Deep fry the ta’ameya in a neutral oil over medium-high heat. Be careful not to overcrowd the oil, as this may cause the ta’ameya to fall apart. After a few minutes, the exterior should become brown and crispy. Remove them and place on a paper towel-lined bowl to absorb excess oil. The result should be ta’ameya that is crispy on the outside and soft and fluffy on the inside. | Ta’ameya originated in Egypt over 1,000 years ago, believed to have been created by Coptic Christians as a meat substitute during Lent. As the dish spread to other regions, some began mixing split fava beans with chickpeas (hummus), while others used only chickpeas. This regional variation became known as falafel. That’s why ta’ameya is considered the original form of falafel. | Finishing the Ful | Once the six-hour cook time is complete, the water in the pot will be a brownish color and the fava beans tender. Transfer the ful to a bowl and lightly mash with a fork. Add tahina, ground cumin, sea salt, and black pepper, then mix until combined. Drizzle olive oil on top, squeeze over fresh lime juice, and garnish with chopped cilantro.","Serve this traditional Egyptian breakfast with aish baladi or pita bread, alongside the fresh salad and tahina sauce. Together, these dishes create a hearty, authentic Egyptian meal full of flavor and tradition.","Egyptian food, breakfast, tahina sauce, salad, ful mudammas, ta'ameya, pita bread",20,70,"Food prices change based on five simple things. First, Quality and Brand matter because better ingredients cost more money. Second, Weight and Portion Size play a big role, since a larger meal naturally costs more. The price also covers How it Serves, which is the effort used to cook and present the food, and the Service Experience, such as the packaging or staff help. Finally, Discounts or sales can bring the total price down.",https://i.ytimg.com/vi/OMN6CJ7YWtA/maxresdefault.jpg
ER_013,Traditional Egyptian Dinner: Pasta & Chicken Cutlets,"A traditional Egyptian dinner of pasta with chicken benne is the kind of comforting, home-cooked meal many Egyptians grew up eating. The pasta, often ditalini, is tossed in a rich tomato sauce seasoned with warm spices like coriander and cumin, creating a simple yet deeply flavorful base. Chicken benne, meaning “chicken cutlets,” is made from thinly sliced chicken breast fillets, marinated in spices, breaded, and shallow-fried until golden brown. Served side by side, the crispy chicken and saucy pasta make a satisfying combination that is both hearty and full of nostalgia.","For the Chicken Marinade: | 2 chicken breast fillets | juice of one lemon | smoked paprika | ground coriander | ground cumin | sea salt | black pepper | For the Tomato Sauce: | olive oil | one yellow onion | 6 garlic cloves | 8 tomatoes | 1 tablespoon tomato paste | ground coriander | ground cumin | sea salt | black pepper | approximately one cup water | For the Pasta: | 8 ounces ditalini pasta | water | sea salt | For the Breading: | ½ cup flour | smoked paprika | ground coriander | ground cumin | sea salt | black pepper | 4 eggs | bread crumbs | For Garnish: | fresh parsley, chopped","Preparing the Chicken | Start this recipe by slicing chicken breast fillets into thin pieces lengthwise. Then tenderize the chicken until it’s nice and even. Transfer the tenderized fillets to a bowl and season with fresh lemon juice, smoked paprika, ground coriander, ground cumin, sea salt, and black pepper. Mix everything really well. Cover the seasoned chicken and let it marinate while you work on the pasta sauce. | Making the Pasta Sauce | In a pot, fry diced onions with minced garlic in olive oil until they begin to brown and become fragrant. Add diced tomatoes along with tomato paste, then season with ground coriander, ground cumin, sea salt, and black pepper. Stir everything well and let it cook for about five to seven minutes before adding a splash of water. Use an immersion blender to smooth out the sauce until it’s silky. Let it simmer and reduce until thickened. | Cooking the Pasta | Bring a pot of water to a boil and add a generous pinch of sea salt. Drop in the ditalini pasta and cook for about eight minutes. Once cooked, add the pasta to the tomato sauce along with a bit of pasta water to bring everything together. | Breading the Chicken | Prepare three bowls: one with flour seasoned just like the chicken, another with beaten eggs, and the last with bread crumbs. Lightly coat each chicken fillet in the seasoned flour, shaking off any excess. Dip into the beaten eggs, then press firmly into the bread crumbs so they stick well. | Frying the Chicken | In a large skillet, heat a neutral oil over medium heat for shallow frying. Cook the chicken for a few minutes per side, flipping only once, until golden brown and crispy.","To serve this traditional Egyptian dinner, plate the pasta alongside the fried chicken and garnish with fresh parsley. Enjoy immediately while it’s hot and crispy.","Egyptian food, chicken, fried chicken, pasta",150,820,"Food prices change based on five simple things. First, Quality and Brand matter because better ingredients cost more money. Second, Weight and Portion Size play a big role, since a larger meal naturally costs more. The price also covers How it Serves, which is the effort used to cook and present the food, and the Service Experience, such as the packaging or staff help. Finally, Discounts or sales can bring the total price down.",https://abookofdishes.com/wp-content/uploads/2016/01/12495004_1724964774402491_1911874597656073786_n.jpg
ER_014,Egyptian Freek | Young Wheat in Tomato Sauce with Eggs,"Egyptian freek (or freekeh) is an ancient grain made from young wheat that is harvested early, roasted, and then dried. It has a slightly smoky, nutty flavor and a chewy texture that soaks up sauces beautifully. In Egyptian cooking, freek is often used in hearty, comforting dishes— where it is simmered in tomato sauce and topped with eggs for a wholesome, satisfying meal that is both traditional and nourishing.","For the Tomato Sauce: | olive oil | 1 yellow onion, diced | 6 garlic cloves, minced | 4 tomatoes, finely diced | 1 tablespoon tomato paste | ground coriander | ground cumin | sea salt | black pepper | approximately 4 cups water | For the Freek and Eggs: | 2 cups whole grain young wheat, washed | water | 4 eggs | For Garnish: | fresh parsley, chopped | Start with the Tomato Sauce | Begin by heating a generous drizzle of olive oil in a large pan. Add finely diced onions and minced garlic, frying them together until the kitchen smells incredible and the onions start to soften and turn golden. This aromatic base sets the tone for a rich, flavorful sauce. | Next, stir in finely diced tomatoes and a small spoon of tomato paste to deepen the flavor. Season the mixture with ground coriander, ground cumin, sea salt, and black pepper. Mix it all thoroughly to coat the vegetables in those warm, earthy spices. Then, add water to the pan to loosen things up. | Now it is time to get smooth— introduce an immersion blender and blend the sauce until it reaches a silky, uniform consistency. This step brings everything together into a luscious tomato base that will soak beautifully into the freek. | Prepare the Freek | Before cooking the freek, give it a proper rinse in a bowl of water to remove any debris or dust. You can cook freek in one of two ways: on its own like rice, or directly in the tomato sauce for extra flavor. | Cook the Freek in the Tomato Sauce | Add the rinsed freek into your smooth tomato sauce, making sure it is fully covered. If needed, add a little more water— no more than ½ inch above the freek. Bring the pot to a boil, then lower the heat to a low simmer. Cover with a lid and let it cook for about 40 minutes, allowing the grains to soak up all that saucy goodness. | Time for the Eggs | Once the freek is tender, gently stir it, then use a spoon to form small craters on the surface. Crack one egg into each crater. If the sauce looks a bit dry, add a splash of water to help steam the eggs. Cover again and let it cook for a few more minutes until the eggs are just set. | Alternatively, you can transfer the cooked freek to a baking dish, make the egg craters there, and bake it in the oven until the eggs are done to your liking. Either method works— it just depends on your mood and whether you feel like turning on the oven. | Serve and Enjoy | Once done, your freek with eggs is ready to be garnished with fresh chopped parsley. It is rich, nourishing, and full of bold Egyptian flavor— perfect for sharing or keeping all to yourself. Enjoy!","Start with the Tomato Sauce | Begin by heating a generous drizzle of olive oil in a large pan. Add finely diced onions and minced garlic, frying them together until the kitchen smells incredible and the onions start to soften and turn golden. This aromatic base sets the tone for a rich, flavorful sauce. | Next, stir in finely diced tomatoes and a small spoon of tomato paste to deepen the flavor. Season the mixture with ground coriander, ground cumin, sea salt, and black pepper. Mix it all thoroughly to coat the vegetables in those warm, earthy spices. Then, add water to the pan to loosen things up. | Now it is time to get smooth— introduce an immersion blender and blend the sauce until it reaches a silky, uniform consistency. This step brings everything together into a luscious tomato base that will soak beautifully into the freek. | Prepare the Freek | Before cooking the freek, give it a proper rinse in a bowl of water to remove any debris or dust. You can cook freek in one of two ways: on its own like rice, or directly in the tomato sauce for extra flavor. | Cook the Freek in the Tomato Sauce | Add the rinsed freek into your smooth tomato sauce, making sure it is fully covered. If needed, add a little more water— no more than ½ inch above the freek. Bring the pot to a boil, then lower the heat to a low simmer. Cover with a lid and let it cook for about 40 minutes, allowing the grains to soak up all that saucy goodness. | Time for the Eggs | Once the freek is tender, gently stir it, then use a spoon to form small craters on the surface. Crack one egg into each crater. If the sauce looks a bit dry, add a splash of water to help steam the eggs. Cover again and let it cook for a few more minutes until the eggs are just set. | Alternatively, you can transfer the cooked freek to a baking dish, make the egg craters there, and bake it in the oven until the eggs are done to your liking. Either method works— it just depends on your mood and whether you feel like turning on the oven.","Once done, your freek with eggs is ready to be garnished with fresh chopped parsley. It is rich, nourishing, and full of bold Egyptian flavor— perfect for sharing or keeping all to yourself. Enjoy!","Egyptian food, eggs, freek, young wheat",100,300,"Food prices change based on five simple things. First, Quality and Brand matter because better ingredients cost more money. Second, Weight and Portion Size play a big role, since a larger meal naturally costs more. The price also covers How it Serves, which is the effort used to cook and present the food, and the Service Experience, such as the packaging or staff help. Finally, Discounts or sales can bring the total price down.",https://i.ytimg.com/vi/C5plV4nQXd4/maxresdefault.jpg
ER_015,Egyptian Fasolya | Green Beans & Beef Stew,"Egyptian fasolya is a traditional comfort dish made with green beans simmered in a rich tomato sauce, often cooked with tender beef for added depth. It's hearty, flavorful, and commonly served with vermicelli rice, making it a complete and satisfying meal. This dish is a staple in many Egyptian homes, especially during family gatherings, and showcases the warmth and simplicity of Egyptian home cooking.","For the Meat and Beef Broth: | 2 pounds beef chuck roast | clarified butter | one yellow onion | 6 cardamoms | 6 cloves | 4 dried bay leaves | sea salt | black pepper | one gallon water | For the Green Bean Stew: | 2 pounds fresh green beans | olive oil | one yellow onion, diced | 6 garlic cloves, minced | 4 tomatoes, diced | 1 tablespoons tomato paste | ground coriander | ground cumin | sea salt | black pepper | 6 cups beef broth | For the Vermicelli Rice: | clarified butter | 1 cup vermicelli | 2 cups Egyptian rice, medium grain | approximately 3 cups water | For Garnish: | fresh lemon juice | fresh parsley, chopped","Preparing the Meat and Beef Broth | Start by slicing beef chuck roast into strips, then into bite-sized cubes. In a deep pot, fry the lahma (meat) in samna (clarified butter) for a few minutes on each side until the lahma is nicely caramelized. This step adds deep flavor to the broth. Once browned, add whole yellow onion, whole cardamom pods, cloves, dried bay leaves, sea salt, black pepper, and enough water to fully cover the lahma and onion. Bring the pot to a boil and skim off any foamy substances that rise to the top. Lower the heat to medium and let the lahma simmer for about one hour per pound, allowing it to become tender and infuse the broth with flavor. | Prepping the Green Beans | While the lahma is simmering, it’s time to prepare the green beans. Start by washing them in a bath of water mixed with a little baking soda to remove any dirt or debris (zibala). Rinse well, then trim off both ends and cut the green beans into halves or thirds, depending on your preferred size. | Building the Tomato Sauce | In a separate pan, heat olive oil and sauté diced onion with minced garlic until fragrant. Add fresh diced tomatoes along with a spoonful of tomato paste to deepen the flavor. Season the mixture with ground coriander, ground cumin, sea salt, and black pepper. Mix well, then pour in the homemade lahma broth and add the tender lahma. Stir everything together to combine. | Cooking the Fasolya | Once the tomato sauce reaches a gentle simmer, stir in the prepared green beans. Cover the pot with a lid and let everything cook together for about 20 minutes, allowing the flavors to blend and the green beans to soften without overcooking. | Making Vermicelli Rice | To make the perfect bed for the fasolya, start by frying vermicelli noodles in samna until golden brown. Add washed Egyptian rice (roz), a medium-grain variety, and mix it well with the toasted vermicelli. Let it sit for a minute, then add just enough water to cover the roz by no more than ½ inch. Bring it to a boil, then reduce the heat to low, cover the pot, and let it cook for about 12 minutes. Once done, allow the roz to rest for a few minutes before fluffing it gently with a fork.","To serve, spoon a generous portion of vermicelli rice into a bowl and top it with a hearty ladle of fasolya. For a bright touch of flavor, squeeze fresh lemon juice over the top. Garnish with chopped fresh parsley, and your Egyptian green beans and beef stew is ready to enjoy.","Egyptian food, lahma, vermicelli rice, tomato sauce, stew, green beans",150,420,"Food prices change based on five simple things. First, Quality and Brand matter because better ingredients cost more money. Second, Weight and Portion Size play a big role, since a larger meal naturally costs more. The price also covers How it Serves, which is the effort used to cook and present the food, and the Service Experience, such as the packaging or staff help. Finally, Discounts or sales can bring the total price down.",https://www.fooddolls.com/wp-content/uploads/2023/01/Fasoliya10707.jpg
ER_016,Egyptian Kishk | A Creamy & Savory Porridge,"Egyptian kishk is a traditional savory porridge made with a creamy base of flour, milk, and rich chicken broth. It's gently simmered to a smooth, velvety consistency and topped with golden fried onions for added depth and flavor. Often served with fried chicken and fresh baladi bread, kishk is a comforting dish that brings the warmth of Egyptian village kitchens to the table.","For the Chicken Broth: | 1 whole chicken | 1 yellow onion | 4 dried bay leaves | 8 cardamoms | 8 cloves | sea salt | black pepper | approximately 1 gallon water | For the Kishk Porridge: | 8 tablespoons clarified butter (samna) | ¾ cup flour | 6 cups milk | sea salt | black pepper | 2-3 cups chicken broth | For the Fried Onions: | samna | 1 yellow onion, diced","Preparing the Chicken Broth | Start by placing one whole chicken in a large pot. Add a peeled yellow onion, a few dried bay leaves, whole cardamom pods, cloves, sea salt, and black pepper. Pour in enough water to completely cover the chicken. Bring the pot to a boil, then reduce the heat to medium-low. Partially cover the pot with a lid and let the chicken simmer gently for about 45 minutes. This will infuse the broth with rich flavor, which will be used later in the kishk. | Making the Creamy Kishk Base | While the chicken is simmering, begin preparing the creamy porridge. In a separate pot over medium heat, melt a generous amount of samna (clarified butter). Add flour and stir continuously for several minutes. Cook the mixture until it lightly browns and gives off a nutty aroma— this is called a roux, and it forms the base of the kishk. | Gradually pour in milk while whisking constantly to prevent clumps. Season with sea salt and black pepper. Let the mixture simmer gently while continuing to whisk, until it thickens into a creamy, béchamel sauce. | Finishing the Kishk | Once the béchamel sauce has thickened, slowly ladle in some of the homemade chicken broth you made earlier. Stir and allow the mixture to reach a low simmer again. Let it cook gently, giving it time to reduce and thicken into a porridge-like texture that is smooth and comforting. | Preparing the Chicken and Onions | After the chicken has simmered and is fully cooked, remove it from the broth. In a pan, heat some samna and fry the chicken until the skin turns golden and slightly crispy. This adds both color and flavor to the chicken. | In the same pan, fry diced yellow onions in samna over medium heat until they become golden brown and caramelized. These onions will be used as a garnish to enhance both the taste and look of the dish.","To serve, ladle the warm kishk into bowls. Top it generously with the golden fried onions. Serve the dish alongside the beautifully browned chicken and fresh pita or baladi bread for dipping. This comforting, creamy dish is perfect for sharing with family and enjoying the nostalgic flavors of Egyptian tradition.","Egyptian food, chicken, bechamel sauce, kishk",50,300,"Food prices change based on five simple things. First, Quality and Brand matter because better ingredients cost more money. Second, Weight and Portion Size play a big role, since a larger meal naturally costs more. The price also covers How it Serves, which is the effort used to cook and present the food, and the Service Experience, such as the packaging or staff help. Finally, Discounts or sales can bring the total price down.",https://egyptianrecipe.com/wp-content/uploads/2024/09/Kishk-Egyptian-Dish.jpg
ER_017,Egyptian Kamounia: Beef & Cumin Stew,"Egyptian kamounia is a rich and flavorful beef stew simmered in a cumin-forward tomato sauce. It's known for its deep, earthy aroma and tender beef that melts in your mouth. Served over vermicelli rice, kamounia is a comforting dish that brings bold spices and warm, home-cooked tradition to every bite.","For the Beef and Tomato Sauce: | 2 pounds beef sirloin roast | clarified butter | 1 yellow onion | 6 garlic cloves | 4 tomatoes | 1 tablespoon tomato paste | ground coriander | ground cumin | sea salt | black pepper | water | For the Vermicelli Rice: | samna | 1 cup vermicelli | 2 cups Egyptian rice | approximately 2 cups water | For Garnish: | fresh lemon juice | fresh parsley, chopped","Preparing the Lahma (Beef) | Start with a cut of beef chuck roast. Slice it into strips, then cut those into bite-sized cubes. In a large pot, heat samna (clarified butter) and sear the beef cubes (lahma) for a few minutes on each side until they are browned all over. Once browned, remove the lahma and set it aside. | Building the Tomato Base | In the same pot, add a little more samna. Fry diced yellow onions for a few minutes until they soften. Then stir in minced garlic and cook for a few more minutes until it becomes fragrant and lightly golden. Add finely diced tomatoes along with tomato paste. Season the mixture with ground coriander, ground cumin, sea salt, and black pepper. Ground cumin is especially essential for making authentic kamounia. | Mix everything thoroughly and let the tomato mixture cook for about 5–7 minutes until it thickens slightly. | Simmering the Kamounia | Return the seared lahma to the pot. Pour in enough hot water to just cover the meat. Turn the heat to low, place the lid partially on, and allow it to simmer gently— about one hour per pound of meat. Stir every 10–15 minutes and add more hot water if needed to maintain the level. The goal is tender beef and a thick, rich sauce. | Making the Vermicelli Rice (Roz bil Sha’riya) | While the kamounia simmers, begin preparing the vermicelli rice. In a separate pot, fry the vermicelli in samna, stirring frequently until it turns golden brown. Then add washed Egyptian rice, which is a medium-grain variety. Mix it well and let it toast for about a minute. | Add just enough water to cover the rice and vermicelli by no more than ½ inch. Once it reaches a boil, reduce the heat to low, cover the pot, and let it cook for around 12 minutes. Once done, let the rice rest for a few minutes before gently fluffing it.","Once the lahma is tender and the sauce has thickened, your kamounia is ready. To serve, create a bed of vermicelli rice on each plate. Spoon the beef and sauce over the top. For a bright finishing touch, squeeze some fresh lemon juice and garnish with chopped fresh parsley. Enjoy!","Egyptian food, lahma, vermicelli rice, tomato sauce, stew",150,420,"Food prices change based on five simple things. First, Quality and Brand matter because better ingredients cost more money. Second, Weight and Portion Size play a big role, since a larger meal naturally costs more. The price also covers How it Serves, which is the effort used to cook and present the food, and the Service Experience, such as the packaging or staff help. Finally, Discounts or sales can bring the total price down.",https://amazingfoodanddrink.com/wp-content/uploads/2024/11/thern-54.jpg
ER_018,Egyptian Kofta | Meatballs in Tomato Sauce,"Egyptian kofta is a beloved comfort food made from spiced ground beef shaped into oblong patties. Unlike meatballs, kofta is traditionally mixed with minced onions, herbs, and Egyptian rice for added texture and flavor. It’s seared for color, then gently simmered in a rich tomato sauce until tender. Served over fluffy vermicelli rice with a side of pickled vegetables, this hearty dish is a staple of home-style Egyptian cooking.","For the Tomato Sauce: | olive oil | 1 yellow onion, diced | 6 garlic cloves | 4 pounds tomatoes, roughly diced | ground coriander | ground cumin | sea salt | black pepper | approximately 2 cups water, hot | For the Kofta: | 1 cup Egyptian rice, washed and dried | 1 yellow onion | fresh parsley | 6 garlic cloves | 3 pounds 85% lean ground beef | ground coriander | ground nutmeg | smoked paprika | sea salt | black pepper | For the Vermicelli Rice: | clarified butter | 1 cup vermicelli | 2 cups Egyptian rice, washed | approximately 2 cups water","Prepare the Tomato Sauce | Start by preparing the rich tomato sauce that will simmer with the kofta. Heat olive oil in a large pot over medium-high heat, then sauté diced yellow onion for a few minutes until softened. Add minced garlic and continue cooking until the onions and garlic develop some color and release their aroma. Next, add roughly chopped tomatoes to the pot. Season the mixture with ground coriander, ground cumin, sea salt, and black pepper. Stir everything well, cover with a lid, and let it gently simmer over medium-low heat for about 45 minutes. Be sure to stir the sauce every 10 minutes to prevent sticking or burning. | Prepare the Lahma (Kofta Mixture) | While the tomato sauce simmers, it’s time to prepare the lahma— the seasoned meat mixture for the kofta. First, wash Egyptian rice (roz) and make sure it is completely dry. Add the rice to a food processor and pulse until it reaches a fine, powder-like texture. Transfer the blended rice to a large mixing bowl. | In the same food processor, add roughly chopped onions, fresh parsley, and garlic. Blend until the mixture is finely minced. Add this vegetable mixture to the bowl with the lahma (ground beef). Season with ground coriander, ground nutmeg, smoked paprika, sea salt, and black pepper. Mix everything thoroughly by hand, gradually incorporating the blended rice as you go. | For the perfect kofta texture, place the seasoned lahma back into the food processor and pulse for just one second. Be careful not to over-blend— this quick pulse helps bind the mixture without making it mushy. | Form and Sear the Kofta | To shape the kofta, take a small portion of the seasoned lahma and roll it between your palms to form a ball. Then, gently roll it up and down between your hands to create the traditional oval kofta shape. Once all the kofta are formed, sear them in a hot pan for a couple of minutes on each side. The goal is to give the kofta some color, not to fully cook them yet. | Finish the Tomato Sauce and Simmer the Kofta | By now, the tomato sauce should be soft and flavorful. Use an immersion blender to blend the sauce directly in the pot, adding a little hot water as needed to achieve a smooth, silky consistency. Once the sauce reaches a low simmer, carefully add the seared kofta. Gently stir to coat them completely in the sauce, cover the pot, and let it cook for about 15 minutes. | Prepare the Vermicelli Rice | While the kofta finish cooking, prepare the classic vermicelli rice. In a separate pot, fry vermicelli in clarified butter (samna) over medium heat, stirring constantly to prevent burning. Once the vermicelli turns golden brown, add washed Egyptian rice. Stir well and let it toast briefly for about one minute. Then, pour in enough water to cover the rice by no more than ½ inch. Bring the water to a boil, reduce the heat to low, cover the pot, and let it cook for about 12 minutes. Once the rice is done, turn off the heat and let it rest for a few minutes before fluffing with a fork.","To serve, arrange a bed of fluffy vermicelli rice on a platter. Place the kofta over the rice and spoon extra tomato sauce on top. Garnish with freshly chopped parsley for color and freshness. Serve alongside pickled lemons and pickled turnips for the perfect Egyptian meal.","Egyptian food, lahma, vermicelli rice, tomato sauce, kofta",35,400,"Food prices change based on five simple things. First, Quality and Brand matter because better ingredients cost more money. Second, Weight and Portion Size play a big role, since a larger meal naturally costs more. The price also covers How it Serves, which is the effort used to cook and present the food, and the Service Experience, such as the packaging or staff help. Finally, Discounts or sales can bring the total price down.",https://myplanetfood.com/wp-content/uploads/2025/06/kofta-720x620.jpg
ER_019,Egyptian Lobia | Black Eyed Beans in Tomato Sauce,"Egyptian-style black-eyed beans, known as loubia in Arabic, is a comforting, home-cooked staple found in many Egyptian kitchens. This simple yet flavorful dish features tender black-eyed beans simmered in a rich tomato sauce infused with warm spices like cumin and coriander. Often served over a bed of fluffy Egyptian rice with vermicelli, Loubia is hearty, wholesome, and perfect for an everyday meal. It’s a classic example of Egyptian comfort food, offering both nourishment and familiar, nostalgic flavors.","For the Tomato Sauce and Black-Eyed Beans: | olive oil | 1 yellow onion, diced | 8 garlic cloves | 4 pounds tomatoes, diced | ground coriander | ground cumin | sea salt | black pepper | 1-2 cups water, hot | 2 pounds dry black-eyed beans | For the Vermicelli Rice: | 2 tablespoons clarified butter (samna in Arabic) | 1 cup vermicelli | 1 cup Egyptian rice, medium grain | ~ 2 cups water | For Garnish: | fresh parsley, chopped | pickled lemons","Prepare the Tomato Sauce | Start this recipe by making the homemade tomato sauce. In a pot over medium-high heat, fry diced yellow onions in olive oil until they begin to soften. Add minced garlic and stir it well. Once the onions and garlic develop some color and become fragrant, toss in the diced tomatoes. | Season the sauce with ground coriander, ground cumin, sea salt, and black pepper. Ground cumin is the most important spice here— it brings that signature loubia flavor to life. Mix everything together well, then reduce the heat to a low simmer. Cover the pot with a lid and let it cook for about 45 minutes, stirring every 10 minutes to prevent sticking or burning. | Cook the Black-Eyed Beans | While the sauce simmers, it's time to prepare the black-eyed beans. This recipe uses dry black-eyed beans. The next step is often debated— whether to soak the beans or not. For best results, skip the soaking process. Unlike other types of beans, soaking dry black-eyed beans can actually cause them to take longer to cook and can negatively affect their texture. | In a pot of boiling water seasoned with sea salt, add the dry black-eyed beans. Do not stir the beans while they boil— stirring can cause the skins to fall off and increase cooking time. Partially cover the pot with a lid and let the beans simmer over medium heat for about 30 minutes. The water will turn cloudy and dark, which is completely normal. Once the beans are tender, drain and rinse them thoroughly, then set them aside. | Prepare the Egyptian Rice (Roz) | While the beans are cooking, you can prepare the Egyptian rice, known as roz in Arabic. Start by frying vermicelli in samna (clarified butter) over medium heat. Keep a close eye on it and stir frequently— vermicelli can burn quickly. Once the vermicelli turns golden brown, add in the washed Egyptian rice. This rice is a medium-grain variety perfect for soaking up all the flavors. | Mix the rice and vermicelli well, letting them sit for no more than one minute. Then, pour in enough water to cover the rice, but no more than ½ inch above the rice level. Bring the pot to a boil, then reduce the heat to low, cover with a lid, and let it simmer for about 15 minutes. Once cooked, turn off the heat and let the rice rest for five minutes before gently fluffing it with a fork. Note: this rice is not vegan due to the use of samna. | Combine the Loubia | By now, your tomato sauce should be rich and ready. Use an immersion blender to blend the sauce until smooth. Add a splash of hot water to thin it to your preferred stew consistency. Once the sauce is ready, add the cooked black-eyed beans and bring everything to a gentle simmer. As soon as the stew reaches a simmer, turn off the heat— be careful not to overcook the beans, or they’ll become mushy.","To serve, start by forming a bed of Egyptian rice on each plate. Spoon the loubia stew generously over the rice. Garnish with fresh parsley and serve with a side of pickled lemons for a burst of tangy flavor. Enjoy your comforting, traditional Egyptian meal!","Egyptian food, vegan, vermicelli rice, tomato sauce, stew, black eyed beans",30,200,"Food prices change based on five simple things. First, Quality and Brand matter because better ingredients cost more money. Second, Weight and Portion Size play a big role, since a larger meal naturally costs more. The price also covers How it Serves, which is the effort used to cook and present the food, and the Service Experience, such as the packaging or staff help. Finally, Discounts or sales can bring the total price down.",https://i.ytimg.com/vi/vdEW0nLokJQ/maxresdefault.jpg
ER_020,Egyptian Style Chicken Shawarma,"Chicken shawarma is a beloved Middle Eastern street food made by stacking marinated chicken on a vertical skewer and roasting it until tender and juicy. It's known for its bold spices, smoky aroma, and thin slices of flavorful meat. Typically served in warm pita bread with garlic sauce, tahina, pickled turnips, and fries, chicken shawarma delivers a perfect balance of savory, tangy, and creamy flavors in every bite.","For the Chicken Marinade: | 4 pounds chicken thighs | 4 tablespoons Greek yogurt | olive oil | fresh garlic, minced | ground coriander | ground cumin | smoked paprika | allspice | turmeric | sea salt | black pepper | white pepper | For the Garlic Sauce: | 2 ounces fresh garlic | canola oil (or any other neutral oil) | juice of one lemon | sea salt | For the Tahina Sauce: | ½ cup tahini | juice of two limes | ground cumin | sea salt | fresh parsley, chopped | water | For Assembling the Sandwich: | pita bread | pickled turnips | fries | fresh parsley, chopped","Marinate the Chicken | Start this recipe by marinating boneless, skinless chicken thighs. In a large bowl, add Greek yogurt, olive oil, minced garlic, ground coriander, ground cumin, smoked paprika, allspice, turmeric, sea salt, black pepper, and white pepper. Mix everything really well until the chicken is fully coated. | Assemble the Skewer | You will need a vertical skewer for this part. Start by placing half of a yellow onion at the base. Drizzle it with olive oil, then carefully layer the marinated chicken thighs over it. Once you have stacked the chicken, place the second half of the yellow onion on top and drizzle again with olive oil. | Bake the Chicken Shawarma | Place the assembled skewer in the oven at 425°F covered with foil and bake for 1 hour. After that, remove the foil and continue baking for another 15 minutes, or until the chicken is browned and slightly crispy on the outside. | Make the Garlic Sauce | While the chicken is baking, prepare the garlic sauce. In a glass jar, combine fresh garlic with neutral oil. Add enough oil to cover the garlic, then squeeze in fresh lemon juice and a bit of sea salt. Use an immersion blender to blend everything together until the sauce becomes smooth and creamy. | Make the Tahina Sauce | Now let’s move on to the tahina sauce. In a bowl, mix tahina with fresh lime juice, ground cumin, sea salt, chopped parsley, and a splash of water. Keep adding water slowly while mixing until the sauce reaches a smooth, pourable consistency. | Slice and Assemble the Sandwich | Once the chicken is out of the oven, it should look golden and juicy. Choose one side of the stack and begin slicing the chicken very thin. | To assemble your sandwich, start with fresh pita bread. Spread a generous amount of homemade garlic sauce on it. Add sliced tomatoes and season them with sea salt and black pepper. Then, pile on the sliced chicken, followed by pickled turnips along the side. Add crispy fries on top of the chicken, then drizzle everything with the tahina sauce. Garnish with fresh parsley for the final touch.","Fold the sandwich tightly, wrap it in foil, and give it a nice toast to warm through and crisp the outside. Slice it in half, and just like that, your homemade Egyptian-style chicken shawarma is ready to serve!","Egyptian food, chicken, chicken shawarma",40,100,"Food prices change based on five simple things. First, Quality and Brand matter because better ingredients cost more money. Second, Weight and Portion Size play a big role, since a larger meal naturally costs more. The price also covers How it Serves, which is the effort used to cook and present the food, and the Service Experience, such as the packaging or staff help. Finally, Discounts or sales can bring the total price down.",https://ourbigescape.com/wp-content/uploads/2022/09/25.-Chicken-Shawarma-With-Yogurt-Sauce.jpg
ER_021,Egyptian Lift | Pickled Turnips,"Pickled turnips are a staple in many Middle Eastern and Mediterranean kitchens, known for their vibrant pink color and tangy, slightly spicy flavor. They get their signature hue from the addition of beets during the pickling process. Crunchy, refreshing, and full of zing, these pickles are often served alongside grilled meats, shawarma sandwiches, or simply enjoyed on their own as a snack. They add a burst of color and flavor to any meal.",3 pounds turnips | 1 pound beets | 3 cups water | 6 cups vinegar | 2 tablespoons sea salt | ½ teaspoon sugar | about 24 whole black peppercorns,"Preparing the Turnips | Start this recipe by prepping your turnips. Begin by cutting off the ends and peeling the skin. In some Egyptian villages (the ballad), the skin is usually left on, but removing it is a personal choice for better texture and appearance. Once peeled, slice the turnips into discs that are at least ¼ inch thick, then cut those discs into matchstick-like pieces. After cutting, give the turnips a good rinse to remove any debris or dirt before pickling. | Preparing the Beets | You will need one beet for every 2–3 turnips. Cut off the ends, peel the skin, and give the beet a good wash. Slice it into ¼ inch thick discs, then cut those into matchsticks just like the turnips. This will give your pickles their signature color and subtle sweetness. | Making the Pickle Brine | To make the brine, combine water, white vinegar, sea salt, and sugar. Mix thoroughly to ensure the salt and sugar are completely dissolved. It is important to keep this brine cold— this prevents the turnips from cooking and helps them stay nice and crunchy throughout the pickling process. | Assembling the Pickles | In a clean glass jar, begin layering the turnips and beets. Fill the jar all the way to the top. Add whole black peppercorns to infuse the pickles with a subtle spicy flavor. Pour the cold brine over the vegetables, making sure everything is completely submerged. Seal the jar tightly and refrigerate for at least 5–7 days to allow the pickling process to complete.","After a week in the fridge, the turnips will be ready. You will notice the brine has turned a deep purple, and the turnips have taken on a bright pink or fuchsia hue. You can enjoy them straight from the jar like The Egyptian Cook, or serve them alongside your favorite lahma dish or inside a shawarma sandwich. Either way, they add a vibrant, tangy crunch to any meal.","Egyptian food, vegan, pickled turnips",5,100,"Food prices change based on five simple things. First, Quality and Brand matter because better ingredients cost more money. Second, Weight and Portion Size play a big role, since a larger meal naturally costs more. The price also covers How it Serves, which is the effort used to cook and present the food, and the Service Experience, such as the packaging or staff help. Finally, Discounts or sales can bring the total price down.",https://www.themediterraneandish.com/wp-content/uploads/2022/04/pickled-turnips-recipe-3.jpg
ER_022,Egyptian Fattah & Lamb Shank,"Egyptian fattah with lamb shank is a traditional celebratory dish made with layers of crispy pita bread, aromatic rice, and a tangy garlic-vinegar sauce called ta’leya. Topped with tender, slow-cooked lamb shank and soaked in rich, flavorful broth, this dish is often served during Eid and other special occasions. It brings together bold flavors and textures in a way that’s deeply comforting and uniquely Egyptian.",For the Lamb Broth: | 4 lamb shanks | samna (clarified butter) | 1 yellow onion | 4 dried bay leaves | 8 cardamoms | 8 cloves | sea salt | black pepper | one gallon water | For the Crispy Pita: | 6 pita breads | For the Roz (Rice): | 3 cups Egyptian rice (washed) | 2 cups water | 2 cups lamb broth | For the Ta'leya (Garlic Vinegar Sauce): | 2 ounces fresh garlic | samna | 4 cups broth | ½ cup white vinegar,"Preparing the Lamb (Lahma) | The recipe begins with lamb shank, which becomes melt-in-your-mouth tender when slow-cooked. In a pot over high heat, samna (clarified butter) is melted, and the lamb shanks are seared for a few minutes on each side until well browned. | Once browned, whole yellow onion, dried bay leaves, cardamom, cloves, sea salt, and black pepper are added. Water is then poured in to fully cover the lahma. Bring the pot to a boil, then reduce to medium-low heat. Skim off any foam that rises to the surface for a clearer broth. Cover with a lid and let it simmer for at least two hours, or until the lamb is fork-tender. | Drying the Pita Bread | Pita bread serves as the base layer of this traditional fattah dish. To dry it properly, place fresh pita in a 400°F oven for two minutes. Turn off the oven and allow the bread to sit inside, directly on the racks, for about 10 minutes until dry and crispy. Once cooled, break into small chips and set aside. | Cooking the Roz (Rice) | For the rice layer, combine washed Egyptian rice, water, and a portion of the lamb broth. Bring the mixture to a boil, then reduce the heat to low and cover. Let it cook for 12 to 15 minutes, then turn off the heat and allow it to rest for five minutes before gently fluffing with a fork. | Making the Ta’leya (Garlic-Vinegar Sauce) | Ta’leya, a signature garlic and vinegar mixture, brings bold flavor to the dish. Begin by mincing fresh garlic, then fry it in samna over medium heat while stirring frequently. Once the garlic turns a rich golden brown, pour in some lahma broth and white vinegar, mixing well. This mixture is traditionally poured over the rice layer to infuse the dish with a tangy, aromatic finish. | Assembling the Fattah | To assemble, add a layer of dried pita chips to the bottom of a deep serving or baking dish. Ladle enough broth to soak the bread. Spread the cooked rice evenly over the soaked bread. Pour the prepared ta’leya over the rice, allowing it to absorb into each layer. Finish by placing the tender lamb shanks on top.",This dish— Egyptian fattah with lamb shank—is a celebration of flavor and tradition. Best served hot and enjoyed with family and friends. It brings warmth to the table and memories to the heart with every bite.,"Egyptian food, lahma, rice, lamb, fattah, lamb shank",400,1600,"Food prices change based on five simple things. First, Quality and Brand matter because better ingredients cost more money. Second, Weight and Portion Size play a big role, since a larger meal naturally costs more. The price also covers How it Serves, which is the effort used to cook and present the food, and the Service Experience, such as the packaging or staff help. Finally, Discounts or sales can bring the total price down.","https://cdn.apartmenttherapy.info/image/upload/f_auto,q_auto:eco,c_fill,g_center,w_730,h_913/k/Photo/Recipes/2023-01-Fattah/07-FATTAH-039"
ER_023,Egyptian Style Pickled Lemons,"Egyptian-style pickled lemons, or lemon mikhallal, are a bold and tangy staple in many Egyptian kitchens. These lemons are brined in a flavorful mix of vinegar, sea salt, and spices, then left to develop their deep, zesty flavor over time. They add a punch of citrus and a touch of nostalgia to any meal—whether served alongside koshari, ful, or your favorite meat dishes. This traditional preserve is not only delicious but also a beautiful way to keep the bright flavor of lemon on hand year-round.",2 pounds lemons | 6 cups white vinegar | 3 cups water | ¼ cup sugar | ¼ cup sea salt | about 24 whole black peppercorns | (White vinegar to water is a 2:1 ratio in favor of vinegar.),"Prep the Lemons | Start this recipe with fresh whole lemons, baking soda, and water. Give the lemons a good wash using the baking soda and water to remove any dirt or impurities. Once they are nice and clean, drain the dirty water and rinse the lemons thoroughly under clean water. | Blanch the Lemons | In a large pot, add water and stir in a generous amount of sea salt. Bring the salted water to a boil, then gently add the washed whole lemons. Let them cook for about 15–20 minutes—this helps soften the peel and begin the flavoring process. | Soak the Lemons | Once the lemons are done boiling, drain the water and refill the pot with fresh, cool water. Place the lemons back in and let them soak. This soaking process should go on for at least five consecutive days. Make sure to drain and refill the water with fresh water twice a day. This crucial step helps remove bitterness from the lemon peels and gives you that perfect tangy-yet-smooth flavor. | Make the Pickle Brine | Now it’s time to create the brine that will transform these lemons into something magical. In a separate pot, combine white vinegar with water at a 2:1 ratio in favor of vinegar, then add a touch of sugar, sea salt, and whole black peppercorns. Bring this mixture to a boil to help all the flavors come together. | Jar the Lemons | Place the soaked lemons into a clean glass jar. Once your brine has come to a boil, pour it carefully over the lemons, making sure they are fully submerged. Let everything cool down naturally to room temperature before sealing the jar.","Once sealed, place the jars in the refrigerator. Let them sit for a couple of days to allow the flavors to develop. After that, your Egyptian-style pickled lemons are ready to enjoy! Before serving, slice the lemons and remove the seeds for the best texture and flavor. Serve them with your favorite Egyptian dishes, or just snack on them when you’re craving that bold, citrusy bite.","Egyptian food, sides, pickled lemons, lemons",20,100,"Food prices change based on five simple things. First, Quality and Brand matter because better ingredients cost more money. Second, Weight and Portion Size play a big role, since a larger meal naturally costs more. The price also covers How it Serves, which is the effort used to cook and present the food, and the Service Experience, such as the packaging or staff help. Finally, Discounts or sales can bring the total price down.",https://encrypted-tbn0.gstatic.com/images?q=tbn:ANd9GcRF2xp6yBUGnqo68DZ2aoTnrTJX_WgZ6-eG9Q&s
ER_024,Egyptian Spinach in Tomato Sauce,"Egyptian spinach, known assabanikhin Arabic, is a comforting and flavorful dish made with tender spinach simmered in a spiced tomato sauce infused with garlic, coriander, and fresh herbs. It’s a popular home-cooked meal across Egypt, often served with vermicelli rice. While traditionally made with meat or broth, this vegan version delivers all the rich, savory flavors using only plant-based ingredients—perfect for a nourishing and satisfying meal.","For the Tomato Sauce: | olive oil | 1 yellow onion, diced | 4–6 garlic cloves, minced | 2 pounds tomatoes, diced | ground coriander | sea salt | black pepper | 1 cup water (or vegetable broth) | For the Vermicelli Rice: | olive oil | 1 cup vermicelli | 2 cups Egyptian rice (medium grain), rinsed | about 2½ cups water | For the Greens: | 24 ounces spinach | parsley, chopped | cilantro, chopped | For the Garlic and Coriander Topping: | olive oil | 4–6 garlic cloves, minced | ground coriander","Make the Tomato Sauce | Start by frying diced onions in olive oil over medium heat. After a few minutes, the onions will become translucent. Push them to the side of the pan and add minced garlic into the open spot. Once the garlic becomes fragrant, stir in the diced tomatoes. | Season the mixture with ground coriander, sea salt, and black pepper. Mix everything well, cover with a lid, and let it simmer over medium heat for about 45 minutes. Be sure to stir the sauce every 10 minutes to prevent sticking or burning. | Prepare the Vermicelli Rice | While the tomato sauce is cooking, begin preparing the vermicelli rice. To keep it vegan, fry the vermicelli in olive oil instead of clarified butter. Stir frequently, and after a few minutes, the vermicelli will turn golden brown. At that point, add washed Egyptian medium-grain rice. Mix thoroughly and let it sit for about one minute before pouring in water. | The water should be just ½ inch above the level of the rice. Bring it to a boil, then immediately reduce the heat to low and cover with a lid. Let it simmer gently for 12–15 minutes, allowing the rice to absorb the water fully. Once done, turn off the heat and let the rice rest for about five minutes before fluffing with a fork. | Blend and Adjust the Sauce | Once the tomato sauce has simmered long enough, use an immersion blender to blend it until smooth. Add liquid gradually to thin out the sauce—you can use water or opt for vegetable broth for added flavor. Egyptian spinach (sabanikh) calls for a lighter, more fluid consistency, so adjust until it reaches your preferred texture. | Add the Greens | Now it’s time to introduce the spinach. Be warned— spinach only needs 2 to 5 minutes of cook time. Add the spinach to the sauce along with freshly chopped parsley and cilantro. Keep the heat on low to gently wilt the greens. | Flavor with Garlic and Coriander | While the greens are simmering, quickly fry minced garlic in olive oil in a separate pan. Once the garlic begins to brown, add a pinch of ground coriander and give it a quick stir. Immediately add this seasoned garlic mixture to the spinach and tomato sauce. Mix everything well, then turn off the heat.","To serve sabanikh, start with a layer of vermicelli rice in a bowl or plate. Spoon the sabanikh generously over the top. It can also be served separately from the vermicelli rice, depending on your preference.","Egyptian food, vegan, vermicelli rice, tomato sauce, stew, spinach",30,384,"Food prices change based on five simple things. First, Quality and Brand matter because better ingredients cost more money. Second, Weight and Portion Size play a big role, since a larger meal naturally costs more. The price also covers How it Serves, which is the effort used to cook and present the food, and the Service Experience, such as the packaging or staff help. Finally, Discounts or sales can bring the total price down.",https://amazingfoodanddrink.com/wp-content/uploads/2024/11/Untitled-design-9-2.jpg
ER_025,Egyptian Bufteek | Fried Beef Steak,"Egyptian bufteek is a crispy, golden-fried beef steak that is both tender and flavorful. Thin slices of beef are marinated with onion juice and aromatic spices, then coated in a seasoned flour, egg, and bread crumb mixture before being shallow-fried to perfection. This dish is a popular home-cooked favorite in Egypt, often served with rice, fries, or a fresh salad. With its crunchy coating and juicy interior, bufteek is a delicious and satisfying meal that brings warmth and tradition to the table.","For the Meat: | 4 pounds eye of round roast or beef mock tender, thinly sliced | juice of 3-4 yellow onions | ground coriander | paprika | sea salt | black pepper | For Breading: | ½ cup flour | ground corainder | paprika | sea salt | black pepper | 6 eggs, beaten | breadcrumbs | For the Salad: | 3-4 yellow onions, finely minced (from above) | splash of white vinegar | 12 mini cucumbers, diced | 12 tomatoes, diced | fresh parsley, chopped | juice of 2 lemons | sea salt | black pepper | white pepper | For Garnish: | fresh parsley, chopped","Preparing the Beef Fillets | Start this recipe with some lahma— lahma is the Arabic word for meat! Use the eye of round roast, which is a lean, flavorful cut taken from the rear leg of the cow. Slice the it into thin fillets, no more than ½ inch thick. Grab a meat mallet and pound each fillet to further tenderize it. Once all the fillets are nice and tender, transfer the lahma to a large mixing bowl. | Making the Onion Marinade | Next, roughly chop some onions and add them to a food processor. Blend until the onions are finely minced. Transfer the blended onions into a strainer, or wrap them in cheesecloth, and squeeze out all their juices directly over the lahma. This onion juice is key to creating that authentic Egyptian bufteek flavor. Don’t discard the onion solids because we will turn them into a delicious salad shortly! | Seasoning the Lahma | Now, it’s time to season the lahma. Add ground coriander, paprika, sea salt, and black pepper. Mix everything together really well, ensuring the lahma is fully coated in seasoning and onion juices. Let the mixture marinate for a couple of hours to allow all those wonderful flavors to infuse into the lahma. | Preparing the Egyptian Salad | While the lahma marinates, let’s make our Egyptian-style salad. Take the shredded onions you saved earlier and place them into a large bowl. Add a good pinch of sea salt and a splash of vinegar, mixing thoroughly. The vinegar helps mellow out the sharp raw onion flavor. Next, add diced cucumbers, diced tomatoes, chopped parsley, fresh lemon juice, and a touch more sea salt, black pepper, and white pepper. Give everything a good mix. You just created a refreshing, vibrant variation of an Egyptian salad, and it is the perfect companion to bufteek! | Setting Up the Breading Stations | Now let’s set up three breading stations. In the first bowl, combine flour with the same seasonings used on the lahma: ground coriander, paprika, sea salt, and black pepper. The second bowl will hold beaten eggs. In the third bowl, add your breadcrumbs. | Start by dredging each piece of lahma in the seasoned flour, making sure it’s lightly but evenly coated. Shake off any excess flour. Then, dip the lahma into the beaten eggs, ensuring full coverage. Finally, coat the lahma with breadcrumbs, pressing firmly so the breadcrumbs adhere well. Gently shake off any excess breadcrumbs before frying. | Frying the Bufteek | Heat oil in a cast iron skillet over high heat for shallow frying. Once hot, add the lahma and fry for about 3–4 minutes per side. Be careful— you only want to flip the lahma once to maintain a crispy crust. When done, the bufteek should have a golden-brown coating. | Transfer the fried bufteek to a plate lined with paper towels to absorb any excess oil.","To serve, garnish the bufteek with fresh parsley. Add a side of Egyptian-style pickled lemons, and a generous spoonful of the Egyptian salad you prepared earlier. Enjoy every crispy, juicy bite!","Egyptian food, lahma, salad, fried beef steak",150,500,"Food prices change based on five simple things. First, Quality and Brand matter because better ingredients cost more money. Second, Weight and Portion Size play a big role, since a larger meal naturally costs more. The price also covers How it Serves, which is the effort used to cook and present the food, and the Service Experience, such as the packaging or staff help. Finally, Discounts or sales can bring the total price down.",https://recipewise.net/wp-content/uploads/2023/05/9f1adaebbd25e2dce70acf0ca328f786.jpg
ER_026,Kosheri | Egypt's National Dish,"Egyptian kosheri is more than just a flavorful, hearty dish—it’s Egypt’s national comfort food. This beloved vegan recipe brings together layers of rice, brown lentils, and pasta, topped with a bold, spiced tomato sauce and a generous handful of crispy fried onions. Each bite is a perfect blend of texture and flavor, seasoned with warm, aromatic spices that reflect the heart of Egyptian cooking. Completely plant-based and deeply satisfying, kosheri is a must-try for anyone wanting to experience the soul of Egyptian cuisine—whether you're exploring it for the first time or reconnecting with the tastes of home.","For the Chickpeas: | 1 cup dry chickpeas | splash of white vinegar | sea salt | black pepper | For the Tomato Sauce: | 2 tablespoons olive oil | 1 yellow onion, diced | 2 jalapeños, sliced (with seeds) | 6–8 garlic cloves, minced | 3 pounds tomatoes, diced (or crushed) | ground coriander | paprika | crushed red pepper | sea salt | black pepper | For the Kosheri Base: | 2 tablespoons olive oil | 1 yellow onion, diced | sea salt | black pepper | 1½ cups long-grain rice | 1½ cups dry brown lentils | ground cumin | For the Pasta: | 8 ounces elbow macaroni | For the Crispy Fried Onions: | 2 yellow onions, thinly diced (or sliced) | ¼ cup flour (for coating) | olive oil, for frying | For Garnish: | fresh parsley, chopped","Preparing the Chickpeas | Start by placing dry chickpeas in a large bowl and covering them with plenty of water. Let them soak overnight—by the next day, they should have nearly doubled in size. Drain the water, rinse the chickpeas, and transfer them to a pot. Add fresh water and a pinch of sea salt, then bring it to a boil. Once boiling, reduce the heat to medium, partially cover the pot with a lid, and simmer for about two hours, or until the chickpeas are fork tender. Be careful not to stir them during cooking. | Once tender, transfer the chickpeas to a bowl. Add a splash of white vinegar, sea salt, and black pepper. This simple step adds brightness and enhances their flavor, making them the perfect topping for your kosheri. | Making the Tomato Sauce | While the chickpeas are cooking, let’s move on to the flavorful tomato sauce. Heat some olive oil in a pan, then add diced onions, sliced jalapeños (with seeds for a bit of heat), and minced garlic. Let this mixture cook until it becomes aromatic and golden. Now, stir in diced tomatoes and season with ground coriander, paprika, crushed red pepper, sea salt, and black pepper. Mix it all really well and let the sauce simmer over medium heat for about 45 minutes. Once the veggies are nice and soft, blend them with an immersion blender to create a smooth, delicious sauce. | Preparing the Kosheri Base | To make the hearty kosheri base, start by frying diced onions in olive oil over medium heat. Once they turn translucent, season them with sea salt and black pepper. Add long-grain rice to the pan and mix it well. Let it sit for no more than one minute to absorb the flavors before adding water—the water should rise about ¼ inch above the rice level. Add dry brown lentils and a sprinkle of ground cumin. Give everything a gentle stir, then bring it to a boil. Once boiling, reduce the heat to low, cover with a lid, and simmer for about 40 minutes. Around the 30-minute mark, give it a gentle mix to ensure even cooking. | Cooking the Pasta | Kosheri is not complete without pasta! Cook elbow macaroni according to the instructions on the package of your choice. Once done, drain and set aside. | Crispy Fried Onions (The Best Part!) | Now for The Egyptian Cook's absolute favorite part—crispy fried onions! Toss diced onions in flour, then fry them until golden and crispy. These will add a signature crunch and depth of flavor to your kosheri. Personally, The Egyptian Cook loves his extra, extra onions!","Time to bring it all together! Start with a base layer of the rice and brown lentils. Add a scoop of the cooked macaroni on top. Pour a generous amount of the tomato sauce over the pasta, then top it off with a spoonful of the seasoned chickpeas. Finally, crown the dish with those golden crispy onions. For a fresh touch, garnish with chopped parsley.","Egyptian food, tomato sauce, kosheri",25,350,"Food prices change based on five simple things. First, Quality and Brand matter because better ingredients cost more money. Second, Weight and Portion Size play a big role, since a larger meal naturally costs more. The price also covers How it Serves, which is the effort used to cook and present the food, and the Service Experience, such as the packaging or staff help. Finally, Discounts or sales can bring the total price down.",https://encrypted-tbn0.gstatic.com/images?q=tbn:ANd9GcRApDUrTqWLweavFZg4KO7rp9rO7WnpBWSTpw&s
ER_027,Egyptian Pot Kebab | Beef & Onion Stew,"Egyptian pot kebab is a comforting and flavorful dish made with tender cubes of beef sirloin simmered with onions, garlic, and aromatic spices like coriander and nutmeg. The slow cooking process allows the meat to absorb the rich flavors, creating a melt-in-your-mouth experience. As the onions cook down, they form a savory gravy that perfectly complements the beef, making this dish incredibly satisfying. Traditionally served with vermicelli rice, Egyptian pot kebab is a hearty meal that showcases the depth of Egyptian cuisine and its love for bold, comforting flavors.","For the Pot Kebab: | 2 pounds beef sirloin roast | 2 pounds yellow onions, diced | 3 tablespoons clarified butter | 6 garlic cloves, minced | ground coriander | ground nutmeg | sea salt | black pepper | fresh parsley (for garnish) | For the Vermicelli Rice: | 1 tablespoon clarified butter | 1 cup vermicelli | 1 cup long grain rice | approximately 2 cups water","Browning the Meat | Start by slicing the beef sirloin roast into cubes. Heat samna (clarified butter in Arabic) in a pot and fry the lahma cubes until they are browned and caramelized— lahma is meat in Arabic. Be sure not to overcrowd the pot during this step to ensure that the lahma browns evenly. | Adding the Onions and Seasoning | Once the lahma is browned, add the diced onions and minced garlic to the pot. Mix well and season the mixture with ground coriander, ground nutmeg, sea salt, and black pepper. Stir everything together to combine the flavors. | Simmering for Tenderness | Reduce the heat to medium-low and cover the pot with a lid. Stir the contents every 15 minutes. The onions will gradually break down, forming a delicious gravy, while the lahma absorbs all the rich flavors. Allow the pot kebab to simmer for about one hour per pound of lahma or until it becomes fork tender. | Cooking the Vermicelli Rice | In a separate pot, melt samna and fry the vermicelli until it turns golden brown and fragrant. Add washed long-grain rice, stirring it in for about 30 seconds. Let it sit for no more than one minute before adding the water. | Pour in the water and bring the mixture to a boil. Once boiling, reduce the heat to a low simmer, cover the pot, and cook for 40 minutes. At the 30-minute mark, gently stir the rice and check if additional water is needed. If it seems dry, add a little more water. If it is too moist, remove the lid for a couple of minutes to allow excess steam to escape.","To serve this dish, begin by laying down a generous bed of vermicelli rice as the base. Next, pile the rich and flavorful kebab halih over the rice, letting the sauce gently soak into the grains. For a fresh and vibrant finish, garnish the top with chopped parsley. Serve it alongside a few slices of Egyptian-style pickled lemons for a tangy contrast that perfectly balances the deep, savory flavors of the stew.","Egyptian food, lahma, vermicelli rice, stew, pickled lemons",100,800,"Food prices change based on five simple things. First, Quality and Brand matter because better ingredients cost more money. Second, Weight and Portion Size play a big role, since a larger meal naturally costs more. The price also covers How it Serves, which is the effort used to cook and present the food, and the Service Experience, such as the packaging or staff help. Finally, Discounts or sales can bring the total price down.",https://i.pinimg.com/originals/20/fa/5d/20fa5d29a7ce21b3e1e9195d5b8af172.jpg
ER_028,Egyptian Kahk el-Eid | Date Filled Shortbread Cookies,"Kahk el-Eid is a beloved Egyptian cookie traditionally made to celebrate Eid al-Fitr, marking the end of Ramadan. These buttery, melt-in-your-mouth cookies are often filled with dates (agwa), walnuts, or agameya (honey-nut filling) and dusted with powdered sugar for a perfectly sweet finish. Kahk has been a festive staple for generations, bringing families together to bake and share them as a symbol of joy and togetherness. Whether enjoyed with a cup of tea or gifted to loved ones, kahk el-Eid is an essential part of the holiday celebration!",For the Dough: | 32 ounces clarified butter (samna in Arabic) | 12 cups flour | pinch of salt | 1 tablespoon sugar | about 5 cups milk | 1 tablespoon yeast | vanillin | The flour-to-clarified butter ratio should be 3:1 for the best texture and flavor balance. | For the Filling: | 16 ounces dates (pitted) | vanillin | water,"Preparing the Dough | Start by preparing the dough. Melt samna (clarified butter) over medium-low heat. While that melts, sift the flour through a strainer into a large bowl to remove any lumps. Once the samna is melted, pour it into the flour along with a pinch of salt and sugar. | Mix everything well—start with a spoon since the samna is very hot. After a few minutes, use your hands to fold and squeeze the dough. Continue this motion for about five minutes until the dough has a smooth and crumbly consistency. | Activating the Yeast | Warm up some milk over medium heat, stirring frequently. Be careful not to set the temperature too high to prevent it from overflowing. Once the milk is warm, save a little portion to the side. | Take the warm milk you set aside and add yeast to it, along with a pinch of sugar. Mix well, cover it, and let it activate for a few minutes. Once the yeast is ready, slowly pour the remaining warm milk over the dough. Continue the folding and squeezing method while adding vanillin (vanilla flavoring). Incorporate the activated yeast into the dough and mix until everything is well combined. | Cover the dough directly with plastic wrap and place a towel on top to keep it warm. Be careful not to place the towel directly on the dough, as it will absorb the samna. Let the dough rest for 45 minutes. | Making the Date Filling (Agwa) | In Arabic, dates are called ""belah"". Make sure your dates are pitted before starting. Add them to a pot over medium heat along with samna and a little water. Mash the dates as they soften, adding more water gradually to help with the texture. | Once the dates are fully mashed, add vanillin and continue stirring until the mixture is smooth. Let the filling cool to room temperature before using it. While kahk can be filled with walnuts, agameya, or dates, many agree that date-filled kahk is the best! | Shaping and Filling the Cookies | Now that the dough is ready, take a small piece and roll it into a ball. Flatten it slightly to form a pancake-like shape. Place a small portion of the date filling in the center, then fold the sides over and roll it gently in your hands to seal it. | To shape the cookies, use a baking crimper (monkosh in Arabic)—a special tool used to pinch the top of the dough, creating a decorative pattern. Do your best to avoid exposing the filling. | Baking the Kahk | Place the cookies on a baking tray, ensuring they have some space between them. Bake at 350°F (175°C) for about 20 minutes until they develop a light golden color. If baking two trays at the same time, rotate them halfway through the baking time for even cooking.","Fresh out of the oven, these cookies are light, buttery, and irresistibly delicious with a beautiful light golden color! Once baked, allow the cookies to cool completely at room temperature before serving. This helps them set properly and enhances their texture. For the final touch, generously dust them with powdered sugar to achieve that signature Egyptian kahk look.","Egyptian food, desserts, Ramadan, cookies, kahk el-Eid",130,565,"Food prices change based on five simple things. First, Quality and Brand matter because better ingredients cost more money. Second, Weight and Portion Size play a big role, since a larger meal naturally costs more. The price also covers How it Serves, which is the effort used to cook and present the food, and the Service Experience, such as the packaging or staff help. Finally, Discounts or sales can bring the total price down.",https://www.egypttoday.com/siteimages/Larg/202205020231593159.jpg
ER_029,Egyptian Olas | Taro Root Soup,"Egyptian taro root soup, known asolas(?????), is a beloved comfort dish made with tender chunks of taro root simmered in a rich homemade broth and infused with a vibrant green mixture of swiss chard, parsley, cilantro, and garlic fried in samna. This hearty soup is especially popular in Egyptian homes during the colder months and is often prepared with beef for extra depth and nourishment. With its earthy flavor, silky texture, and garlicky aroma, olas is more than just a soup — it’s a taste of tradition passed down through generations.","For the Meat and Broth: | 2 ½ pounds beef chuck roast | sea salt | black pepper | 1 yellow onion | 6 cardamoms | 6 cloves | 4 dried bay leaves | 8 cups water | For the Ggreen Mixture: | swiss chard (green leaves only) | parsley | cilantro | 4-6 garlic cloves | samna (clarified butter or ghee) | ground coriander | For the Final Step: | 3 pounds taro root, peeled and cubed","Prepare the Meat and Broth | Start this recipe by preparing the lahma (meat in Arabic) to make a fresh, flavorful broth. Slice the beef chuck roast into small cubed pieces, then season it with sea salt and black pepper. Sear the meat on all sides until browned — this step adds a deep, rich flavor to your broth. | Once the lahma is nicely seared, add in one whole yellow onion, along with cardamom, cloves, dried bay leaves, a bit more sea salt and black pepper, and water. Bring everything to a boil. Once it reaches a boil, lower the heat to medium and let it simmer with the lid on for at least 30 minutes. This is your base, your foundation — and it’s going to taste amazing. | Blend the Greens | While the broth is simmering, it’s time to prepare the greens — the heart of this dish. The most important of the three greens is swiss chard. This recipe uses only the green leafy part, so be sure to cut off any of the thick stems. Add the green leaves to a food processor along with fresh parsley and cilantro. Blend the greens until they are finely chopped and well mixed. | Make the Garlic-Coriander Mixture | Now mince some garlic and fry it in samna (clarified butter or ghee in Arabic). Once the garlic turns golden brown and becomes fragrant, add ground coriander. Give it a good stir, then add the finely blended greens. Let the mixture cook for a few minutes until the color deepens and the aroma fills your kitchen. Then, pour in the homemade lahma broth — don’t forget to add back the tender chunks of lahma too. | Prepare the Taro Root | The final ingredient is taro root, or as we call it in Arabic, olas. First, peel the taro root carefully — it can be a bit slippery and tough to handle, so take your time. Cut it into bite-sized cubes and soak them in a bowl of cold water. Give it a good wash, then add the taro root to the soup. It will take about 10 to 15 minutes to become fork tender.","Once the taro is cooked through, the soup is ready. Pour it into bowls, serve it warm, and enjoy this comforting, nostalgic taste of Egypt — a dish that’s been passed down for generations.","Egyptian food, lahma, soup, taro root soup",100,350,"Food prices change based on five simple things. First, Quality and Brand matter because better ingredients cost more money. Second, Weight and Portion Size play a big role, since a larger meal naturally costs more. The price also covers How it Serves, which is the effort used to cook and present the food, and the Service Experience, such as the packaging or staff help. Finally, Discounts or sales can bring the total price down.",https://2.bp.blogspot.com/-9ACS0zXDkO8/WOT92CckcZI/AAAAAAAANjQ/QkDtivMy7Gghs2yTD8AGBlxjEwCdsftDQCLcB/w1200-h630-p-k-no-nu/IMG_6616.jpg
ER_030,Egyptian Feteer Meshaltet Made in the Village  in Egypt,"Fateer meshaltet is one of Egypt’s most treasured traditional pastries — a flaky, buttery, multi-layered creation that has been passed down through village families for generations. What makes this version special is that it comes straight from the ballad, where fateer is still made the old-school way: by hand, with teamwork, and with the kind of skill that only develops through decades of practice. In the villages of Egypt, fateer isn’t just food; it’s hospitality, celebration, and heritage all in one. This recipe brings that authentic village technique to your kitchen, step by step, just as it’s done in Saft Gedam.","For the Dough: | flour | salt | sugar | vanillin powder | water | For Layering: | melted ghee | For the Topping: | ishta (clotted cream) | eggs | vanillin powder | A Note on Ballad-Style Cooking: | In the ballad, ingredients are not always measured in the traditional sense. Instead, everything is made “bil barakah” — Arabic for “with blessings.” This means cooking by intuition, experience, and feel rather than precise measurements. It reflects trust in the hands preparing the food and the blessings that bring each fateer together perfectly, just as generations before have done.","Preparing the Dough | The process begins by shaking flour through a strainer into a large bowl. This important step breaks up any lumps and ensures a smooth, even dough. Salt, sugar, and vanillin powder — a classic village addition — are mixed in. | Water is added slowly until the dough starts to form. Kneading at this stage often becomes a shared task, with extra hands helping to bring the dough together. If the dough sticks, it simply needs a bit more water. Properly kneaded fateer dough should stretch easily and then return to its original shape, indicating the perfect consistency. | Portioning and Resting | A large tray is dusted with flour, and the dough is divided into smaller portions. Each piece is shaped, lightly smacked to flatten, arranged on the tray, covered, and allowed to rest for about 30 minutes. Resting relaxes the gluten, making the dough much easier to stretch. | Rolling and Stretching | After resting, each dough ball is flattened by hand and then rolled out further using a rolling pin. The next step showcases a signature village technique. The dough is lifted and stretched by hand, waved gently like a thin blanket, until it becomes so translucent that light can pass through it. This part is often done with teamwork and skill passed down through generations, transforming the dough into what looks like a giant tablecloth. | Layering and Folding | Melted ghee is spread generously across the entire sheet of dough. One side is folded over carefully, ensuring no air pockets remain. More ghee is added, and the process continues — folding, brushing, and layering — until the dough returns to roughly the size of the original dough ball. As the dough becomes thicker again, less ghee is needed. | The folded dough is placed inside a circular baking tray and allowed to rest once again for about 30 minutes. | Final Shaping | After resting, the dough is gently spread out to reach all edges of the baking tray. This helps ensure even baking and consistent layering throughout the fateer. | Preparing the Topping | A mixture of ishta — Arabic for ""clotted cream""— eggs, and vanillin powder is prepared. This topping gives the fateer a beautiful golden color and rich flavor. The mixture is spread over the top, coating every part evenly. | Baking in the Forn Baladi | The traditional forn baladi — a handmade clay oven — is fired up before baking. These ovens are unique to the villages of Egypt and are known for producing exceptional flavor and texture, far superior to modern ovens. The fateer is placed inside and baked for about 20 minutes, with occasional rotation to ensure even browning. | Inside the clay oven, the layers puff and crisp, developing the signature flaky, golden-brown top that fateer meshaltet is known for.","Once fully baked, the fateer is removed and cut into quarters. The interior reveals multiple flaky layers — soft, buttery, and steaming hot. This is fateer meshaltet as it has been made in the ballad for generations: by hand, with patience, tradition, and the unmistakable flavor of rural Egypt. Fateer can be enjoyed plain, drizzled with honey, dipped in black honey (molasses) with tahina, or served with cream and cheese.","Egyptian food, fateer, fateer meshaltet",70,200,"Food prices change based on five simple things. First, Quality and Brand matter because better ingredients cost more money. Second, Weight and Portion Size play a big role, since a larger meal naturally costs more. The price also covers How it Serves, which is the effort used to cook and present the food, and the Service Experience, such as the packaging or staff help. Finally, Discounts or sales can bring the total price down.",https://cdn1.matadornetwork.com/blogs/1/2023/02/Feteer-meshaltet_2248779069-600x315.jpg
ER_031,Tea the Egyptian Way; Mint Tea vs. Milk Tea,"Egyptian tea is more than just a drink — it’s a cherished part of daily life and hospitality. Whether shared among friends, served after a meal, or enjoyed alone during a quiet moment, tea holds a special place in Egyptian culture. It’s a symbol of warmth, connection, and tradition, reflecting the country’s deep appreciation for simple pleasures. From the refreshingshay bil nahnah(mint tea) to the creamyshay bil laban(milk tea), each cup tells a story of comfort, conversation, and community.",fine black Egyptian tea (¼–½ teaspoon per cup) | sugar (to taste) | boiling water | fresh mint leaves (for shay bil nahnah) | hot milk (for shay bil laban),"Step 1: Add the Tea | Start by adding fine black Egyptian tea to your cup. You only need about ¼ teaspoon, as this tea is naturally strong in flavor. If you prefer your tea even stronger, use ½ teaspoon for a 16-ounce cup. | Step 2: Add Sugar | Next, add sugar according to your taste preference. Some Egyptians like their tea quite sweet, while others prefer it mildly sweetened — or even no sugar at all for a more natural, robust tea flavor. It’s entirely up to you. | Step 3: Add Boiling Water | Bring water to a full boil, then carefully pour it over the tea. Give it a good mix to help the tea leaves steep evenly and release their rich aroma. The tea stays directly in the cup — no bag, no strainer. After stirring, the leaves naturally settle at the bottom, giving the tea its traditional Egyptian character. | Step 4: Choose Your Style | Here’s where the difference comes in: | One cup is served with fresh mint leaves, known in Egypt as “shay bil nahnah” (tea with mint). | The other cup is made with hot milk, known as “shay bil laban” (tea with milk). | When making shay bil laban, it’s important to heat the milk before adding it to your tea. This keeps the temperature consistent, allowing the flavors to blend smoothly without cooling down the tea. The result is a creamy, comforting cup that’s rich and full-bodied — a favorite in Egyptian homes, especially during cooler months.","Serve in small clear glasses: The transparent glass highlights the tea's amber color. | Include fresh mint: A few fresh mint leaves or a small sprig are typically placed directly in the glass for aroma and visual appeal. | Offer sugar separately (optional): While traditional recipes often call for sugar to be brewed with the tea, many modern hosts serve sugar cubes or a sugar bowl on the side, allowing guests to sweeten to their preference. | Pour from a height: Traditionally, the tea is poured from the teapot into the glasses from a slight height, which helps aerate the tea and enhance its fragrance. | Serve with accompaniments: The tea can be enjoyed on its own, or with traditional cookies or pastries like Basbousa or Baklava. ","Egyptian drink, tea, tea with mint, tea with milk",10,70,"Food prices change based on five simple things. First, Quality and Brand matter because better ingredients cost more money. Second, Weight and Portion Size play a big role, since a larger meal naturally costs more. The price also covers How it Serves, which is the effort used to cook and present the food, and the Service Experience, such as the packaging or staff help. Finally, Discounts or sales can bring the total price down.",https://amazingfoodanddrink.com/wp-content/uploads/2025/02/imresizer-1738410276356.jpg
ER_032,Egyptian Helba | Fenugreek Tea,"Fenugreek tea, known in Egypt as helba, is one of the most comforting and traditional hot drinks in Egyptian culture. It’s earthy, soothing, and packed with natural benefits.  Helba is especially loved during the colder months, after meals, or whenever someone needs something warm and gentle on the stomach. Its naturally nutty aroma fills the kitchen as it boils, bringing a sense of nostalgia to many Egyptian homes. Whether you’re making it for relaxation, digestion, or simply for the taste of home, this simple recipe brings that classic Egyptian comfort right to your cup.","1 tablespoon fenugreek seeds, washed | 16 ounces water | honey (optional) | sugar (optional)","Prepare the Fenugreek Seeds | Before cooking, start with whole fenugreek seeds. Place them in a bowl and wash them thoroughly under cold water to remove any dust or impurities. This helps keep the flavor clean and prevents any bitterness from lingering in the final cup. After washing, drain the water completely so the seeds are ready for boiling. | Boil the Fenugreek Seeds | In a small pot, add the washed fenugreek seeds along with fresh water. Place the pot over medium-high heat and bring it to a full boil. Important: only allow the mixture to boil for one minute. Fenugreek seeds release color and flavor very quickly — boiling them for longer will darken the tea and make it taste noticeably bitter. One minute is the sweet spot for a smooth, golden, balanced cup. | Strain and Pour | Once the minute is up, remove the pot from the heat. Place a strainer over your cup and pour the tea through it, catching all the fenugreek seeds. You should now have a hot, clear, golden-colored helba ready to enjoy.","Traditionally, Egyptians like to add a touch of sweetness. Squeeze in a splash of honey or stir in sugar — it’s completely up to your preference. Honey gives it a warm, floral sweetness, while sugar keeps the flavor more classic and simple.","Egyptian drink, tea, fenugreek tea",20,150,"Food prices change based on five simple things. First, Quality and Brand matter because better ingredients cost more money. Second, Weight and Portion Size play a big role, since a larger meal naturally costs more. The price also covers How it Serves, which is the effort used to cook and present the food, and the Service Experience, such as the packaging or staff help. Finally, Discounts or sales can bring the total price down.",https://www.inside-egypt.com/img/thumbs/crop/w527h395q85/news/f48d0e0df30a9779dd01.webp
ER_033,Egyptian Bechamel Rice,"Egyptian béchamel rice is a rich and comforting baked dish that combines layers of creamy béchamel sauce, seasoned ground beef, and fluffy Egyptian rice. The velvety béchamel binds the layers together, creating a deliciously smooth texture with every bite. A hint of nutmeg in the sauce enhances the warm, savory flavors, while a quick broil at the end gives the top a golden finish. This dish is a favorite in Egyptian households, often served as a hearty main course for family gatherings and special occasions.",For the Béchamel Sauce: | 6 tablespoons unsalted butter | ¾ cup flour | 6 cups milk | ground nutmeg | sea salt | black pepper | For the Rice: | 1 tablespoon unsalted butter | 1½ cups Egyptian rice | approximately 3 cups water | For the Filling: | olive oil | 1 yellow onion | 2 pounds 80% lean ground beef | ground coriander | sea salt | black pepper | white pepper | ¼ cup tomato sauce | 2 cups peas | ground cumin,"Preparing the Béchamel Sauce | Melt butter over medium-high heat and whisk in flour to create a roux. Continue whisking until the mixture develops a light brown color. Slowly add milk, whisking continuously to prevent any clumps from forming. Season with ground nutmeg, sea salt, and black pepper. Keep whisking frequently for about 30 minutes until the béchamel sauce thickens and becomes smooth. | Cooking the Rice | Melt butter in a pot and mix in washed Egyptian rice. Add water and bring it to a boil. Once boiling, reduce the heat to low, cover the pot with a lid, and let it simmer for about 30 minutes until fully cooked. | Preparing the Filling | In a pan, fry diced yellow onions until they become translucent. Add the ground beef, breaking it up as it cooks. Season with ground coriander, sea salt, black pepper, and white pepper. Once the meat is browned, mix in tomato sauce, peas, and a pinch of ground cumin. Stir everything together and remove the pan from the heat. | Assembling the Dish | In a baking dish, start with a layer of béchamel sauce at the bottom. Add half of the cooked rice as the next layer, followed by the seasoned meat filling. Spread the remaining rice over the filling and finish with a generous layer of the remaining béchamel sauce on top. | Baking the Béchamel Rice | Preheat the oven to 400°F and bake the dish for about 20 minutes. Then, switch to the broil setting for 2-3 minutes to give the top layer a golden color.","Once out of the oven, let the dish rest for about 15 minutes or longer before cutting into slices. This resting period helps the layers set, preventing the dish from falling apart when served. Enjoy this creamy and hearty Egyptian béchamel rice dish!","Egyptian food, lahma, rice, bechamel sauce",100,400,"Food prices change based on five simple things. First, Quality and Brand matter because better ingredients cost more money. Second, Weight and Portion Size play a big role, since a larger meal naturally costs more. The price also covers How it Serves, which is the effort used to cook and present the food, and the Service Experience, such as the packaging or staff help. Finally, Discounts or sales can bring the total price down.",https://encrypted-tbn0.gstatic.com/images?q=tbn:ANd9GcQQRQ1XDPACt01UoVuFRbNjIvFCGbQ6_cKl7Q&s
ER_034,Egyptian Belila | Wheat Berries,"Egyptian belila is a comforting and nourishing dish made from soft white wheat berries simmered until tender and infused with warm, lightly sweet flavors. Traditionally enjoyed as a breakfast or dessert, belila is cooked with milk, lightly sweetened with honey or sugar, and fragranced with a touch of rose water. It is commonly garnished with toasted almonds and shredded coconut, adding a delightful crunch and depth of flavor. This wholesome dish has been cherished for generations in Egypt, offering a perfect balance of warmth, sweetness, and texture in every spoonful.",For the Wheat Berries: | 1 cup soft white wheat berries | water (for soaking) | approximately 3 cups milk | rose water | 1 tablespoon sugar | raw honey | For Garnish: | toasted almond slices | shredded coconut,"Preparing the Wheat Berries | Start by soaking the soft white wheat berries overnight in water. By the next morning, they should have nearly doubled in size, becoming plumper and softer. Drain the soaking water before proceeding to the next step. | Cooking the Wheat Berries | Transfer the drained wheat berries to a pot and add fresh water. Turn on the heat and keep it at a medium-low simmer for about 30 minutes, allowing the grains to cook and soften further. Once cooked, drain the water again. | Adding Milk and Flavorings | Pour milk into the pot with the cooked wheat berries. Stir in rose water, sugar to your taste, and a drizzle of raw honey. Stir frequently to ensure even mixing and prevent the milk from sticking to the bottom of the pot. Allow the mixture to reach a light boil, but be careful not to let it overflow. | Serving the Belila | Once the belila is thick and creamy, transfer it to a serving bowl. Garnish with toasted almond slices and shredded coconut for a delightful texture and added flavor. Serve warm and enjoy this comforting Egyptian breakfast! | Vegan-Friendly Tips | To make belila completely vegan, replace dairy milk with plant-based options like almond milk, coconut milk, or oat milk. These alternatives will still create a creamy texture while adding subtle nutty or sweet flavors.","To transform belila from a wholesome breakfast into a delightful dessert, simply enhance its sweetness and richness. Increase the amount of honey or sugar to create a more indulgent flavor, and consider adding a splash of sweetened condensed milk for extra creaminess. For added texture and taste, top it with a generous sprinkle of toasted nuts, shredded coconut, and even a drizzle of date syrup or caramel. You can also mix in dried fruits like raisins or chopped dates for natural sweetness. Served warm or chilled, this dessert-style belila makes for a comforting and satisfying treat.","Egyptian food, wheat berries, belila",15,40,"Food prices change based on five simple things. First, Quality and Brand matter because better ingredients cost more money. Second, Weight and Portion Size play a big role, since a larger meal naturally costs more. The price also covers How it Serves, which is the effort used to cook and present the food, and the Service Experience, such as the packaging or staff help. Finally, Discounts or sales can bring the total price down.",https://encrypted-tbn0.gstatic.com/images?q=tbn:ANd9GcR82Xud2mV_KOWyuP_WPhauUQsd8VbxtThjfA&s
ER_035,Veganize Egyptian Kofta with Tahina Sauce and Salad,"Veganizing Egyptian kofta allows plant-based eaters to enjoy the rich, smoky flavors of this beloved dish while staying true to their dietary choices. In Egypt, nearly 10% of the population consists of Coptic Christians, who follow a plant-based diet during religious fasting periods. This vegan adaptation of kofta pays homage to their traditions, offering a delicious and satisfying alternative without compromising on taste. By using plant-based meat, infused with authentic spices and a signature smoky flavor, this dish keeps the essence of Egyptian cuisine alive in a fully vegan form.","For the Vegan Kofta: | 24 ounces plant-based meat | ½ yellow onion, finely diced | fresh parsley, chopped | smoked paprika | allspice | sea salt | rainbow peppercorns | vegan butter | cherry tomatoes | For the Tahini Sauce: | ½ cup tahini | juice of 2 limes | 2 tablespoons water | ground cumin | sea salt | parsley | For the Egyptian Salad: | ½ yellow onion | white vinegar | sea salt | 3 mini cucumbers | 3 tomatoes | juice of 2 limes | fresh parsley, chopped | black pepper | white pepper","Preparing the Vegan Kofta Mixture | In a large bowl, add plant-based meat as the base for this vegan kofta. Finely dice onions and chop fresh parsley, then mix them into the vegan meat. Season generously with smoked paprika, allspice, sea salt, and crushed rainbow peppercorns. Mix well until all the ingredients are fully incorporated. | Infusing a Smoky Flavor | To achieve an authentic smoky taste, create a small hole in the center of the seasoned vegan meat. Line the hole with foil to form a small bowl that fits snugly. Place a spoonful of vegan butter and coconut charcoal inside the foil bowl. Immediately cover the entire bowl to trap the smoke. Let it infuse for about 2-5 minutes before carefully removing the foil bowl with the butter and charcoal. Give the seasoned vegan meat another good mix to evenly distribute the flavor. | Skewering the Vegan Kofta | Soak mini wooden skewers in water to prevent them from burning during the baking process. Once ready, begin assembling the vegan kofta by threading a cherry tomato onto the end of each skewer. Take a portion of the seasoned vegan meat, roll it into a ball, then shape it into a traditional kofta form. Secure each piece onto a skewer and set it on an oven-safe baking pan with grill lines. | Baking the Kofta | Preheat the oven to 375°F. Bake the vegan kofta for about 30 minutes, flipping them halfway through to ensure even cooking. The result will be a beautifully browned and flavorful plant-based kofta. | Making the Tahini Sauce | While the kofta bakes, prepare a creamy tahini sauce for dipping. In a bowl, combine tahini with fresh lime juice, water, ground cumin, sea salt, and finely chopped parsley. Stir the mixture thoroughly, adding more water little by little if needed to achieve a smooth consistency. | Preparing the Egyptian-Style Salad | For a refreshing side, make a traditional Egyptian-style salad. Start by combining diced onions with white vinegar and sea salt—this helps reduce the harsh raw onion taste. Then, add diced cucumbers, diced tomatoes, fresh lime juice, chopped parsley, black pepper, and white pepper. Mix everything well to create a vibrant and tangy salad.","Plate the baked vegan kofta alongside the creamy tahini sauce and fresh Egyptian-style salad. This well-balanced meal brings the traditional flavors of Egyptian kofta in a fully plant-based way. Enjoy this smoky, savory, and satisfying vegan meal!","Egyptian food, vegan, tahina sauce, salad, kofta",35,250,"Food prices change based on five simple things. First, Quality and Brand matter because better ingredients cost more money. Second, Weight and Portion Size play a big role, since a larger meal naturally costs more. The price also covers How it Serves, which is the effort used to cook and present the food, and the Service Experience, such as the packaging or staff help. Finally, Discounts or sales can bring the total price down.",https://www.ahealthysliceoflife.com/wp-content/uploads/2018/03/Vegetarian-Kofta-and-Lemon-Tahini-Sauce-3-of-4.jpg
ER_036,Egyptian Kibda | Beef Liver,"Egyptian beef liver, also known as kibda, is a popular and flavorful dish in Egyptian cuisine, known for its tender texture and rich taste. The liver is marinated in a tangy blend of lemon, lime, and spices like paprika and cumin, then sautéed with onions and bell peppers. The result is a savory dish that pairs perfectly with warm pita bread, offering a satisfying combination of flavors. Kibda is often enjoyed as a quick and delicious meal, cherished for both its simplicity and depth of taste.","For the Marinade: | 2 ¾ pounds beef liver | juice of 1 lemon | juice of 1 lime | white vinegar | 6-9 garlic cloves, minced | paprika | ground cumin | sea salt | black pepper | For Sautéing: | 2 tablespoons unsalted butter | olive oil | 1 yellow onion | 1 green bell pepper | 1 red bell pepper","Preparing the Beef Liver | Start by slicing the beef liver into thin pieces; the thinner, the better, as this will help it cook more evenly. Marinate the beef liver with lemon juice, lime juice, a splash of white vinegar, minced garlic, paprika, ground cumin, sea salt, and black pepper. Mix everything well to ensure the liver is fully coated with the marinade. Let it marinate for a few hours to allow the flavors to soak in. | Cooking the Beef Liver | In a skillet, sauté the sliced onions in a combination of butter and olive oil. Cook until the onions are translucent, which will enhance their sweetness and flavor. Once the onions are ready, add the marinated beef liver to the pan. Stir to combine, then immediately add the sliced green and red bell peppers. Mix everything together and let it simmer for about 10 minutes, allowing the liver to cook through while soaking up the flavors from the peppers and onions.","Once cooked, serve your Egyptian-style kibda with fresh pita bread on the side. Enjoy this delicious, savory dish as part of a flavorful meal!","Egyptian food, lahma, kibda, beef liver",60,400,"Food prices change based on five simple things. First, Quality and Brand matter because better ingredients cost more money. Second, Weight and Portion Size play a big role, since a larger meal naturally costs more. The price also covers How it Serves, which is the effort used to cook and present the food, and the Service Experience, such as the packaging or staff help. Finally, Discounts or sales can bring the total price down.",https://theodehlicious.com/wp-content/uploads/2024/03/Kebda-eskandarani-1024x768.jpg
ER_037,Egyptian Fried Chicken Cutlets | Chicken Pané,"Egyptian fried chicken is a crispy, flavorful dish that is marinated with a blend of warm spices, then coated in a perfectly seasoned crust before being fried to golden perfection. The combination of paprika, coriander, and cumin infuses the chicken with rich, aromatic flavors, while the crispy bread crumb coating adds a satisfying crunch. This dish is a favorite in Egyptian homes, offering a delicious balance of tender, juicy chicken with a bold and well-seasoned crust.",For the Chicken Marinade: | 2 chicken breasts | olive oil | juice of 1 lemon | paprika | ground coriander | ground cumin | sea salt | black pepper | For the Breading: | ½ cup flour | 4 egg | ¼ cup bread crumbs | For Frying and Garnish: | canola oil (for frying) | fresh parsley (for garnish),"Preparing the Chicken | Start by slicing the chicken breasts into thin fillets, aiming for 3-4 fillets per breast. Use a meat mallet to tenderize each piece, ensuring even thickness for consistent cooking. | Marinating the Chicken | In a bowl, marinate the chicken fillets with olive oil, lemon juice, paprika, ground coriander, ground cumin, sea salt, and black pepper. Mix well to ensure each fillet is evenly coated. Let the chicken marinate for a few hours to absorb the flavors fully. | Preparing the Breading Stations | Set up three separate bowls for breading. The first bowl will contain flour, seasoned with the same spices used in the marinade, along with optional bread crumbs for extra texture. In the second bowl, whisk the eggs. The third bowl will be for bread crumbs. | Breading the Chicken | Take each marinated chicken fillet and first roll it in the seasoned flour, tapping off any excess. Next, dip it into the whisked eggs, making sure it's fully coated. Finally, press it firmly into the bread crumbs, ensuring an even and well-adhered layer. Tap off any excess before frying. | Frying to Perfection | Heat canola oil in a pan over medium-high heat. Shallow fry each breaded chicken fillet for about 3-4 minutes per side, flipping only once. The goal is to achieve a crispy golden-brown crust while keeping the inside tender and juicy.","Once fried, place the chicken on a paper towel to absorb any excess oil. Garnish with fresh parsley and serve immediately. In Egyptian culture, this crispy and flavorful fried chicken is often enjoyed alongside red sauce pasta, creating a delicious and comforting meal.","Egyptian food, chicken, fried chicken",275,400,"Food prices change based on five simple things. First, Quality and Brand matter because better ingredients cost more money. Second, Weight and Portion Size play a big role, since a larger meal naturally costs more. The price also covers How it Serves, which is the effort used to cook and present the food, and the Service Experience, such as the packaging or staff help. Finally, Discounts or sales can bring the total price down.",https://recipewise.net/recipe/egyptian-chicken-panne-breaded-fried-chicken-breasts/e9db8b3847e5c69afa2af6c696138150.jpg
ER_038,Egyptian Fish's Rice | Roz el Samak,"Egyptian fish’s rice, known for its deep, rich flavor, is a staple seafood dish in Egyptian cuisine. The rice is infused with golden-browned onions, tomato paste, and warm spices like cumin and coriander, giving it a distinct color and aromatic taste. It is traditionally paired with any perfectly seasoned fish, creating a balanced and satisfying meal. A final touch of fresh lemon juice and parsley enhances the flavors, making this dish both refreshing and hearty. Enjoyed by seafood lovers across Egypt, this dish is a comforting and flavorful way to savor the taste of the sea.","For the Fish's Rice: | olive oil | 1 yellow onion, diced | 1 tablespoon tomato paste | 1 ½ cups long grain rice, washed | approximately 2 cups water | ground coriander | ground cumin | sea salt | black pepper | For the Salmon: | 1 pound Atlantic salmon fillet | pink Himalayan salt | black pepper | white pepper | 4-6 garlic cloves, minced | yellow mustard | For Garnish: | juice of one lemon | fresh parsley, chopped","Prepare the Fish's Rice | Begin by frying diced yellow onions in olive oil until they are golden brown and fragrant. Once the onions are cooked, add tomato paste and washed long grain rice. Mix it well and let it rest for about 30 seconds. After the rice has rested, add water to the pot, then season with ground coriander, ground cumin, sea salt, and black pepper. Gently mix everything together. Bring the mixture to a boil, then reduce the heat to low and cover. Let it simmer on low for 45 minutes, ensuring the rice is fully cooked and tender. | Prepare the Salmon | Note: The rice recipe is traditionally Egyptian, while the salmon preparation is not an Egyptian recipe. It is simply a flavorful pairing option. | While the rice is cooking, slice the salmon into fillets and pat them dry with a paper towel. Season the fillets with pink Himalayan salt, black pepper, white pepper, minced garlic, and yellow mustard. Massage the seasonings and mustard into the salmon fillets to ensure they are evenly coated. Once seasoned, air fry the fillets at 400°F for 15 minutes until they are cooked through and slightly crispy on the outside.","Before serving, squeeze fresh lemon juice over both the salmon and the rice for an extra burst of flavor. Garnish with fresh parsley to add color and a fresh touch. Enjoy your delicious Egyptian fish's rice meal!","Egyptian food, rice, fish's rice",40,100,"Food prices change based on five simple things. First, Quality and Brand matter because better ingredients cost more money. Second, Weight and Portion Size play a big role, since a larger meal naturally costs more. The price also covers How it Serves, which is the effort used to cook and present the food, and the Service Experience, such as the packaging or staff help. Finally, Discounts or sales can bring the total price down.","https://img.sndimg.com/food/image/upload/q_92,fl_progressive,w_1200,c_scale/v1/img/recipes/22/82/86/picxeqdTa.jpg"
ER_039,Egyptian Yansoon | Anise Seed Tea,"Egyptian anise seed tea, also known as yansoon, is a soothing, aromatic drink enjoyed for its distinct sweet and slightly licorice-like flavor. It's traditionally made by boiling anise seeds in water and sweetening with honey, creating a comforting beverage that is both flavorful and healing. Anise seed tea is known for its many health benefits, including supporting digestion, easing bloating, and promoting a healthy immune system. It is also rich in antioxidants, which help protect the body from free radicals. Whether you enjoy it for its taste or its wellness properties, Egyptian yansoon is a delightful and beneficial drink.",1 teaspoon anise seeds | 2 cups water | raw honey (to taste),"Prepare the Tea | Start by combining water with anise seeds in a small pot. Bring it to a boil, but be careful not to let it boil for more than 30 seconds. If you allow it to boil too long, the drink will become darker and lose some of the benefits of the anise seeds. Aim for a vibrant golden-brown color, which is ideal for preserving the flavors and health benefits. | Strain and Serve | Once the water has boiled, remove it from the heat. Set a strainer over your cup and carefully pour the hot tea into it, ensuring that only the clear, aromatic liquid passes through.","Add raw honey to taste, stirring well to mix it in. This will not only sweeten the drink but also enhance its soothing properties.","Egyptian drink, tea, yansoon",20,50,"Food prices change based on five simple things. First, Quality and Brand matter because better ingredients cost more money. Second, Weight and Portion Size play a big role, since a larger meal naturally costs more. The price also covers How it Serves, which is the effort used to cook and present the food, and the Service Experience, such as the packaging or staff help. Finally, Discounts or sales can bring the total price down.",https://cdn.shopify.com/s/files/1/0191/6439/7668/files/Fresh_Aniseed_Tea.jpg?v=1722626907
ER_040,Egyptian Shakshuka | Poached Eggs in Tomato Sauce,"Egyptian shakshuka is a flavorful and hearty dish made with poached eggs in a spiced tomato sauce. It’s a comforting blend of onions, garlic, bell peppers, and warm spices like cumin and coriander. Often enjoyed for breakfast, shakshuka is served with warm pita bread to soak up the rich, savory sauce. This dish is not only delicious but also versatile, making it a perfect addition to any meal.","olive oil | 1 yellow onion, diced | 6 garlic cloves, minced | 1 red bell pepper, diced | 2 jalapeños, diced (optional for heat) | ground coriander | ground cumin | 1 tablespoon tomato paste | 2 tomatoes, diced | 1 cup water | oregano leaves | paprika | sea salt | black pepper | white pepper | 6 eggs | fresh parsley, chopped for garnish","Preparing the Shakshuka Base | Start by heating olive oil in a skillet over medium heat. Add diced onions and minced garlic, frying them until they become fragrant and slightly golden. Once the onions and garlic are fragrant, add diced red bell peppers and sliced jalapeños (if you're using them for a bit of heat). Stir well to combine. Next, season the vegetables with ground coriander and ground cumin. The ground cumin is an essential spice in shakshuka, contributing a deep, earthy flavor that makes this dish unique. | Adding the Tomato Sauce | Once the vegetables have softened, add tomato paste, diced tomatoes, and water to the skillet. Season the sauce with oregano leaves, paprika, sea salt, black pepper, and white pepper. Stir the mixture and bring it to a simmer. Allow the sauce to cook for a few minutes, so the flavors meld together, creating a rich, flavorful base. | Cooking the Eggs | Once the sauce is simmering, use a spoon to create little craters in the sauce. Crack one egg into each crater, being careful not to break the yolks. Cover the skillet with a lid and cook for 4-5 minutes, or until the eggs are cooked to your desired texture. For runny yolks, aim for less time; for firmer yolks, let it cook a bit longer. | Final Seasoning and Garnishing | Season the eggs with a pinch of sea salt, black pepper, and white pepper. Garnish the shakshuka with freshly chopped parsley to add color and freshness.","Serve the shakshuka hot with warm pita bread or crispy pita chips on the side. It's a perfect, hearty dish to enjoy for breakfast or any time of the day!","Egyptian food, breakfast, eggs, shakshuka",150,600,"Food prices change based on five simple things. First, Quality and Brand matter because better ingredients cost more money. Second, Weight and Portion Size play a big role, since a larger meal naturally costs more. The price also covers How it Serves, which is the effort used to cook and present the food, and the Service Experience, such as the packaging or staff help. Finally, Discounts or sales can bring the total price down.",https://cookandairies.com/wp-content/uploads/2025/08/0admin01_httpss.mj_.run05JtDgsFBR4_Mid-range_shot_of_a_plated__0aad1a46-e5e9-45da-94fb-f93f493f12c7_2.png
ER_041,Egyptian Besilla | Peas & Carrots Stew,"Egyptian besilla is a comforting vegan stew made with tender peas, carrots, and a blend of aromatic spices. The dish features sautéed onions and garlic, seasoned with paprika, cumin, and coriander, creating a rich, flavorful base. The addition of tomato paste and fresh tomatoes adds depth, while a squeeze of lemon juice at the end gives it a refreshing tang. Typically served over vermicelli rice, besilla is a simple yet satisfying dish that highlights the vibrant flavors of Egyptian cuisine.","For the Sauce: | olive oil | 1 yellow onion, chopped | 6 garlic cloves, minced | paprika | ground coriander | ground cumin | sea salt | black pepper | white pepper | 1 tablespoon tomato paste | 1 tomato, chopped | 3 cups water | For the Stew: | 2 carrots, diced | 16 ounces peas | For Serving: | fresh lemon juice","Prepare the Sauce | Start by heating olive oil in a pot over medium heat. Add diced onions and fry them until they become soft and translucent. Then, add minced garlic and cook until fragrant and golden brown. | Season the mixture with paprika, ground coriander, ground cumin, sea salt, black pepper, and white pepper. Stir it well to coat the onions and garlic evenly with the spices. | Add the tomato paste and diced tomatoes to the pot. Mix everything together thoroughly, then pour in the water. Bring the mixture to a medium-low simmer and let it cook for about 15 minutes to allow the flavors to meld together. | Build the Stew | Add fresh diced carrots to the pot. Let them cook for about 10 minutes, or until they become fork-tender. Once the carrots are cooked, stir in the peas and allow the stew to reach a simmer. Let the peas cook for a few more minutes until tender and heated through.","Serve the delicious besilla over vermicelli rice. Finish by squeezing fresh lemon juice on top to enhance the flavors, and enjoy this comforting vegan dish!","Egyptian food, tomato sauce, stew, peas and carrots stew, besilla",80,200,"Food prices change based on five simple things. First, Quality and Brand matter because better ingredients cost more money. Second, Weight and Portion Size play a big role, since a larger meal naturally costs more. The price also covers How it Serves, which is the effort used to cook and present the food, and the Service Experience, such as the packaging or staff help. Finally, Discounts or sales can bring the total price down.",https://www.yumlista.com/storage/recipes/oeRsQvudlkO2J0NMDmsrdsOpFBeV2Hqn19Uza0eK.jpg
ER_042,Egyptian Kawareh | Beef Hooves,"Egyptian beef hooves, also known as kawareh, is a rich and flavorful dish that plays a key role in Egyptian cuisine. The beef hooves are slowly simmered with aromatic spices such as cardamom, cloves, and bay leaves, resulting in a tender, gelatinous texture that melts in your mouth. The broth, full of savory depth, is a key ingredient in other traditional dishes like fattah and molokhia, enhancing their flavors with its hearty richness. Kawareh is not only a comforting and nourishing meal but also a dish tied to cultural traditions, especially during festive occasions.",6 pounds beef hooves | 1 yellow onion | 4 dried bay leaves | 8 cardamoms | 4 cloves | sea salt | black pepper | 1 gallon water,"Preparing the Beef Hooves | Start by thoroughly washing the beef hooves to remove any impurities. Place them in a large pot and add a yellow onion, dried bay leaves, cardamom, cloves, sea salt, black pepper, and white pepper. These aromatic spices help develop the deep and savory flavor that kawareh is known for. | Simmering for Maximum Flavor | Pour enough water into the pot to fully submerge the beef hooves. Bring the pot to a boil over high heat, skimming off any foam that rises to the top. Once the broth has cleared, reduce the heat to medium-low and allow the hooves to simmer for about four hours. This slow cooking process is essential, as it allows the collagen-rich hooves to become incredibly tender while infusing the broth with a deep, meaty flavor. | Rich Broth for Egyptian Cuisine | Once fully cooked, the beef hooves should be soft and gelatinous, offering a rich, melt-in-your-mouth texture. The broth itself becomes thick and full-bodied, making it an essential ingredient in many Egyptian dishes. It is traditionally used to prepare fattah, adding depth to the layered dish of rice, crispy pita, and garlic-infused broth. Additionally, it is commonly used to enhance molokhia, a popular jute leaf soup, as well as other Egyptian soups and stews.","Egyptian kawareh has a unique texture—gelatinous yet tender, with a deep, savory richness from the slow cooking process. The broth, infused with warm spices and beef essence, delivers a comforting and hearty taste. Whether eaten on its own or incorporated into other dishes, kawareh is a beloved part of Egyptian culinary tradition.","Egyptian food, lahma, kawareh, beef hooves",200,400,"Food prices change based on five simple things. First, Quality and Brand matter because better ingredients cost more money. Second, Weight and Portion Size play a big role, since a larger meal naturally costs more. The price also covers How it Serves, which is the effort used to cook and present the food, and the Service Experience, such as the packaging or staff help. Finally, Discounts or sales can bring the total price down.",https://i.ytimg.com/vi/nyoZ-uWeNG0/maxresdefault.jpg
ER_043,Egyptian Bamya | Okra & Beef Stew,"Egyptian bamya is a rich and hearty okra stew made with tender beef, fragrant spices, and a savory tomato-based sauce. This traditional dish is slow-cooked to allow the flavors to develop, resulting in a comforting and deeply flavorful meal. The fresh okra adds a unique texture, while the aromatic blend of spices enhances the richness of the stew. Served over buttery vermicelli rice, Egyptian bamya is a beloved staple in Egyptian cuisine, enjoyed for its warmth, depth of flavor, and satisfying heartiness.","For the Okra Stew: | 2 pounds beef chuck roast | olive oil (for sautéing) | 3 yellow onions, chopped | 8 garlic cloves, minced | ground nutmeg | ground coriander | sea salt | black pepper | white pepper | 6 cups tomato sauce | approximately 2 cups water | 2 pounds fresh okra | For Garnish: | fresh parsley, chopped | For the Vermicelli Rice: | 2 tablespoons unsalted butter | 1 cup vermicelli | 1 cup long grain rice, washed | approximately 3 cups water","Preparing the Beef | Start by slicing the beef chuck roast into small cubes. In a large pot, heat some olive oil and fry the beef on each side for a few minutes until it develops a deep caramelized color. Season the meat with ground nutmeg, ground coriander, sea salt, black pepper, and white pepper. Mix well to ensure all the flavors are evenly distributed. | Cooking the Base | Add diced onions and minced garlic to the pot with the beef. Stir well, allowing the onions and garlic to release their flavors. Cover the pot with a lid and let it simmer on medium-low heat for at least 90 minutes. Stir every 10 to 15 minutes to prevent sticking. The beef will take approximately an hour per pound to become fork-tender. During this slow cooking process, the onions will break down, creating a rich onion-based gravy that the meat will absorb, enhancing its flavor. | Preparing the Okra | While the beef is cooking, wash the fresh okra under cool water. Spread it on a towel and pat it dry. Trim the stems, but be careful not to cut too deep and expose the seeds, as this can lead to a slimier texture in the final dish. | Simmering the Stew | After 90 minutes of cooking, add tomato sauce and water to the beef. Bring the mixture to a gentle boil before adding the prepared okra. Let the stew cook for about 15 minutes, or until the okra becomes fork-tender. | Cooking the Vermicelli Rice | In a separate pot, melt butter and fry the vermicelli until it turns golden brown and fragrant. Add washed long-grain rice, stirring it in for about 30 seconds. Pour in the water and bring the mixture to a boil. Once boiling, lower the heat to a simmer, cover the pot, and cook for 45 minutes. At the 35-minute mark, gently stir the rice and check if additional water is needed. If it seems dry, add a little more water. If it is too moist, remove the lid for a couple of minutes to allow excess steam to escape.","Once the okra stew and rice are ready, serve the Egyptian bamya over a generous portion of vermicelli rice. Garnish with fresh parsley and enjoy this comforting, flavorful dish!","Egyptian food, lahma, stew, okra, bemya",150,420,"Food prices change based on five simple things. First, Quality and Brand matter because better ingredients cost more money. Second, Weight and Portion Size play a big role, since a larger meal naturally costs more. The price also covers How it Serves, which is the effort used to cook and present the food, and the Service Experience, such as the packaging or staff help. Finally, Discounts or sales can bring the total price down.",https://www.allrecipes.com/thmb/RdtIuCOhFZiT_wbF5gzzc06V2aw=/1500x0/filters:no_upscale():max_bytes(150000):strip_icc()/273005-Bamya-Bil-Lahme-Gamila-Salem-1x1-1-2d84c43708014ff5b5eb63a25052aff7.jpg
ER_044,Egyptian Mint Lemonade,"Egyptian mint lemonade, known as “laymun bil nahnah,” is one of the most iconic and refreshing drinks in Egypt. It’s a vibrant blend of bright citrus, fresh mint, and natural sweetness that instantly cools you down—especially during the hot summer months. Unlike regular lemonade, this version combines whole limes, fragrant mint leaves, and freshly peeled lemons, creating a bold, zesty flavor with a cooling herbal finish. Simple, uplifting, and incredibly delicious, it’s a staple in Egyptian homes and a must-try for anyone who loves fresh, invigorating drinks.",4 lemons | 6 limes | mint leaves | ½ cup sugar | 6 cups water | ice,"Prepare the Ingredients | Start by getting your citrus and mint ready for blending. Peel the lemons completely to avoid bitterness, but keep the lime peels on and simply cut the limes into quarters. For the mint, pick the leaves off the stems so only the fresh, fragrant leaves go into the drink. This preparation ensures the perfect balance of brightness, freshness, and natural mint flavor. | Blend the Mint Lemonade | Add the peeled lemons, quartered limes, mint leaves, sugar, and water to a blender. Blend just until everything breaks down smoothly — do not over-blend. Over-blending can cause the lime peels to release excessive bitterness, which can overpower the refreshing citrus-mint flavor. Blend briefly, taste, and adjust the sugar and mint levels to your liking. | Strain and Adjust | Pour the blended mixture through a fine strainer to remove pulp and any peel remnants. After straining, taste the drink again and adjust with a bit more water or sugar if needed until it reaches your preferred sweetness and intensity.",Serve the “laymun bil nahnah” over plenty of ice for the ultimate refreshing experience. This chilled Egyptian mint lemonade is best enjoyed immediately for maximum freshness and flavor.,"Egyptian drink, lemonade, mint lemonade",35,100,"Food prices change based on five simple things. First, Quality and Brand matter because better ingredients cost more money. Second, Weight and Portion Size play a big role, since a larger meal naturally costs more. The price also covers How it Serves, which is the effort used to cook and present the food, and the Service Experience, such as the packaging or staff help. Finally, Discounts or sales can bring the total price down.",https://recipesfire.com/wp-content/uploads/2025/07/louimediateam_httpss.mj_.runbuzsJnxwCAI_Closeup_zoomed-in_Amat_d41cbfb2-3248-4369-932f-05af734e9c85_0.png
ER_045,Chicken Shawarma in the Oven,"Chicken shawarma is a flavorful and aromatic dish that is beloved in Egyptian culture and across the Middle East. Made by marinating chicken in a blend of warm spices, garlic, and yogurt, it is then stacked on a vertical skewer and roasted to perfection. The result is tender, juicy chicken with a slightly crispy exterior, thinly shaved and wrapped in soft pita bread with garlic sauce, pickles, and fries. Whether enjoyed as a street food favorite or a homemade meal, chicken shawarma is a delicious and satisfying dish packed with bold, savory flavors.","For the Chicken Shawarma Marinade: | 8 chicken thighs, boneless and skinless | 1 tablespoon Greek yogurt | 1 tablespoon garlic sauce | juice of 1 lemon | oregano leaves | ground coriander | harissa seasoning | paprika | ground cumin | ground nutmeg | sea salt | black pepper | white pepper | 1 yellow onion, sliced thick | olive oil | For the Wrap: | pita bread | garlic sauce | chicken shawarma | pickles | fries","Marinate the Chicken | Start by marinating boneless, skinless chicken thighs to infuse them with rich flavors. In a large bowl, combine Greek yogurt, garlic sauce, fresh lemon juice, oregano leaves, ground coriander, harissa seasoning, paprika, ground cumin, ground nutmeg, sea salt, black pepper, and white pepper. Mix well to ensure the chicken is evenly coated. Let it marinate for a few hours to develop deep, authentic flavors. | Stack and Bake the Shawarma | Prepare a vertical skewer by placing half of a yellow onion at the base. Drizzle olive oil over the onion, then begin stacking the marinated chicken thighs on top. Once all the chicken is stacked, place the second half of the yellow onion on top to help retain moisture and add flavor. Cover the skewer with foil and bake at 425°F for one hour. After an hour, remove the foil and bake uncovered for another 20 minutes to develop a crispy, golden exterior. | Shave the Shawarma | Once the chicken is fully cooked, pick a side and use a sharp knife to thinly shave off layers of juicy, roasted chicken and onions. This is the traditional method of serving shawarma, mimicking the classic rotating spit-roast technique. | Assemble the Wrap | To build the perfect shawarma wrap, start by spreading a generous layer of garlic sauce on warm pita bread. Pile on the shaved chicken, then add pickles and crispy fries for extra crunch and flavor. Roll the wrap tightly to secure all the ingredients.","For an extra layer of flavor and texture, wrap the shawarma in foil and toast it over an open burner for a few seconds on each side until lightly charred. Cut it in half and serve immediately. Enjoy it as is or with a side of garlic sauce or hummus for dipping.","Egyptian food, chicken, chicken shawarma",50,500,"Food prices change based on five simple things. First, Quality and Brand matter because better ingredients cost more money. Second, Weight and Portion Size play a big role, since a larger meal naturally costs more. The price also covers How it Serves, which is the effort used to cook and present the food, and the Service Experience, such as the packaging or staff help. Finally, Discounts or sales can bring the total price down.",https://www.recipesbyscarlett.com/wp-content/uploads/2025/12/drervgfph0ekqfqnnxdr.webp
ER_046,Garlic Dip,"Garlic dip is a smooth, creamy spread made from fresh garlic, lemon juice, and oil, creating a bold and flavorful addition to your meals. It has a rich, velvety texture that complements a variety of dishes, from warm pita bread to grilled meats and salads. The combination of garlic's natural pungency and the brightness of lemon makes it a perfect condiment to elevate any savory dish. This easy-to-make dip is versatile and can be stored for up to two weeks in the fridge, making it a convenient go-to for your meals.",8 ounces garlic cloves | canola oil | juice of 2 lemons | sea salt (to taste) | 2 tablespoons plain yogurt (optional),"Preparing the Garlic | Start by peeling fresh garlic and placing it in a large mason jar. You’ll need enough garlic to create a flavorful base for your dip. | Blending the Ingredients | To a mason jar, add canola oil (or any other neutral oil). Add enough oil to completely cover the garlic. Using a neutral oil is important because it maintains the natural garlic flavor and prevents any unwanted color changes. Next, add fresh lemon juice and sea salt to taste. | Using an immersion blender, blend the mixture in an up-and-down motion until the garlic transforms into a smooth, white, creamy consistency. If you prefer a milder garlic taste, you can blend in 1–2 tablespoons of plain yogurt at this stage. It softens the sharpness of the garlic while keeping the dip creamy. The dip is ready when it reaches this smooth, fluffy texture.","Once prepared, keep the garlic dip to an airtight container. It will keep for about two weeks in the refrigerator. Serve this creamy garlic dip with fresh pita bread for a tasty, savory treat. It also pairs wonderfully with shawarma, meats, salads, rice, or any other dishes that could use a burst of garlicky flavor!","garlic sauce, garlic dip",20,150,"Food prices change based on five simple things. First, Quality and Brand matter because better ingredients cost more money. Second, Weight and Portion Size play a big role, since a larger meal naturally costs more. The price also covers How it Serves, which is the effort used to cook and present the food, and the Service Experience, such as the packaging or staff help. Finally, Discounts or sales can bring the total price down.",https://rouxtinerecipes.com/GreekSkordalia(garlicdip).jpg
ER_047,Hummus | Chickpea Dip,"Hummus is a creamy, flavorful dip made from blended chickpeas, tahini, garlic, and lemon juice, creating a smooth and rich texture. This vegan dish is packed with protein and healthy fats, making it a delicious and nutritious addition to any meal or snack. The combination of earthy chickpeas and the nutty flavor of tahini is perfectly balanced by the brightness of lemon and garlic. Hummus is perfect for dipping fresh vegetables, pita bread, or as a spread on sandwiches.","10 ounces dry chickpeas | water (for soaking and cooking) | 2 tablespoons tahini | 4 garlic cloves, minced | juice of 1 lemon | ground cumin | sea salt | black pepper | For Garnish: | olive oil | fresh parsley, chopped","Preparing the Chickpeas | Start by soaking the dry chickpeas in water for one day. The chickpeas will nearly double in size. Once soaked, drain the water and rinse the chickpeas thoroughly until the water runs clear. Transfer the chickpeas to a pot and add fresh water to cover them. | Cooking the Chickpeas | Bring the water to a boil, then skim any foam off the top. Lower the heat to medium and let the chickpeas simmer for two hours with the lid partially open. Avoid stirring the chickpeas during cooking. By the end of the cook time, the chickpeas should be tender and fully cooked. | Blending the Hummus | Once cooked, transfer the chickpeas to a blender, and save the chickpea water air it will help you with blending. Add tahini, fresh garlic, lemon juice, ground cumin, sea salt, and black pepper to the chickpeas in the blender. Pulse until the ingredients start to combine. Gradually add the reserved chickpea water until the hummus reaches your desired smooth consistency.","Once blended, transfer the hummus to a serving dish. Create a small crater in the middle and drizzle olive oil into it. Garnish with fresh parsley for an added burst of color. Serve the hummus with fresh pita bread for dipping.","vegan, sides, hummus, chickpea dip",60,210,"Food prices change based on five simple things. First, Quality and Brand matter because better ingredients cost more money. Second, Weight and Portion Size play a big role, since a larger meal naturally costs more. The price also covers How it Serves, which is the effort used to cook and present the food, and the Service Experience, such as the packaging or staff help. Finally, Discounts or sales can bring the total price down.",https://www.cheftariq.com/wp-content/uploads/2021/01/hummus-2.jpg
ER_048,Egyptian Mesa'a'ah | Baked Eggplant in Tomato Sauce,"Egyptian baked eggplant is a rich and flavorful vegan dish that highlights the natural sweetness of roasted eggplant, paired with a fragrant tomato sauce and sautéed onions and peppers. The eggplant is lightly fried before being baked to perfection, allowing it to soak up the delicious blend of spices and sauce. Served with vermicelli rice and warm pita bread, this comforting and hearty meal is a staple in Egyptian cuisine. Packed with bold flavors and wholesome ingredients, this dish is a must-try for anyone looking to enjoy a plant-based taste of Egypt.","For the Eggplant Dish: | olive oil (for sautéing) | 1 yellow onion | 1 red bell pepper, diced | 2 jalapeños, diced (optional for heat) | 2 chili peppers, diced (optional for extra spice) | 4 garlic cloves, minced | 2 eggplants, sliced | sea salt | black pepper | white pepper | 16 ounces tomato sauce | 1 cup water | fresh parsley, chopped (for garnish) | For the Vermicelli Rice: | 2 tablespoons unsalted butter (or vegan substitute) | ½ cup vermicelli | 1 cup long grain rice, washed and drained | approximately 2 ½ cups water | For Serving: | pita bread","Preparing the Vegetables | Thinly slice the onions and red bell pepper. If you prefer a spicier dish, also thinly slice the jalapeños and chili peppers. Heat olive oil in a pan and fry the onions and peppers until they soften. Add minced garlic and sauté until fragrant. Once ready, remove the vegetables from the heat and transfer them to a separate dish. | Prepping and Cooking the Eggplant | Remove the stems from the eggplants. Peel them partially, creating long vertical stripes for a balance of texture. Slice the eggplants into ¼-inch-wide discs, making some of them half circles for even layering. | Heat a pan over medium heat and lightly fry the eggplant slices for a few minutes on each side until softened and golden brown. Once cooked, season the eggplant with sea salt, black pepper, and white pepper. | TIP:Be cautious with oil—eggplant absorbs oil quickly, so avoid adding too much at once. | Baking the Eggplant | In a baking dish, layer the fried eggplant with the sautéed onions and peppers. In a separate bowl, mix the tomato sauce with water and pour it over the eggplant, ensuring the liquid covers everything. Bake in a 400°F oven for 30 minutesuntil the flavors meld and the sauce thickens. | Preparing the Vermicelli Rice | While the eggplant bakes, prepare the vermicelli rice. Heat butter (or vegan substitute) over medium heat, then fry the vermicelli until golden brown and fragrant. Add the washed long-grain rice and mix for 30 seconds. Pour in the water and bring it to a boil. Lower the heat and let it simmer for 45 minutes with the lid on. At the 35-minute mark, check the rice—if dry, add a bit of water; if too moist, leave the lid off for a few minutes to let excess moisture escape.","Once the baked eggplant is ready, garnish it with fresh parsley. Serve it alongside vermicelli rice and warm pita bread for an authentic Egyptian meal. | The Egyptian Cook’s Favorite Way to Enjoy It | For an even richer flavor, try eating the baked eggplant cold the next day.  | The flavors deepen overnight, making it even more delicious when paired with vermicelli rice and warm pita bread!","Egyptian food, vegan, eggplant, baked eggplant, mesa'a'ah",100,400,"Food prices change based on five simple things. First, Quality and Brand matter because better ingredients cost more money. Second, Weight and Portion Size play a big role, since a larger meal naturally costs more. The price also covers How it Serves, which is the effort used to cook and present the food, and the Service Experience, such as the packaging or staff help. Finally, Discounts or sales can bring the total price down.",https://img.delicious.com.au/CC6fvRCq/w1200/del/2021/05/eggplant-mesaaah-egyptian-spiced-eggplant-152239-2.jpg
ER_049,Egyptian Fried Cauliflower with Tahina Sauce,"Egyptian fried cauliflower, or arnabeet, is a simple yet flavorful dish that transforms humble cauliflower into a crispy, golden delight. The florets are lightly boiled until tender, then coated in a spiced batter and shallow-fried to perfection. Served with a creamy, tangy tahini sauce, this dish is a popular appetizer or side in Egyptian cuisine. With its crunchy texture and bold flavors, fried cauliflower is a delicious and satisfying addition to any meal!","For the Cauliflower: | 1 cauliflower, cut into florets | water (for boiling) | sea salt | For the Batter: | 4 eggs | ¼ cup flour | paprika | garlic powder | onion powder | ground coriander | ground cumin | black pepper | baking soda, just a pinch | For Frying: | vegetable oil (for deep frying) | For the Tahini Sauce: | ½ cup tahini | juice of 1 lemon | 4 garlic cloves, minced | sea salt (to taste) | 2-4 tablespoons water (adjust for desired consistency)","Preparing the Tahini Sauce | In a small bowl, combine tahini with fresh lemon juice, minced garlic, sea salt, and a splash of water. Mix well until smooth, adding more water as needed to reach your desired consistency. This creamy, tangy sauce perfectly complements the crispy fried cauliflower. | Cooking the Cauliflower | Break the head of cauliflower into bite-sized florets. In a large pot, bring water to a boil and season it with sea salt. Add the cauliflower florets and cook them just until they become fork-tender, which takes approximately 10 minutes. Be careful not to overcook them, as they should remain firm enough for frying. | Preparing the Batter & Frying | In a bowl, whisk together eggs and flour to form a smooth batter. Season with paprika, garlic powder, onion powder, ground coriander, ground cumin, black pepper, and baking soda, ensuring an even distribution of spices. Dip each cauliflower floret into the seasoned batter, coating it completely. | Heat vegetable oil in a pan over medium heat. Shallow fry the battered cauliflower for a couple of minutes per side until crispy and golden brown. Once fried, transfer the florets to a plate lined with paper towels to absorb any excess oil.","Serve the crispy fried cauliflower hot, paired with the homemade tahini sauce for dipping. This flavorful dish is perfect as an appetizer, side, or even a light meal, bringing a delicious Egyptian touch to your table!","Egyptian food, tahina sauce, sides, fried cauliflower, cauliflower",70,150,"Food prices change based on five simple things. First, Quality and Brand matter because better ingredients cost more money. Second, Weight and Portion Size play a big role, since a larger meal naturally costs more. The price also covers How it Serves, which is the effort used to cook and present the food, and the Service Experience, such as the packaging or staff help. Finally, Discounts or sales can bring the total price down.",https://scarfgalfood.com/wp-content/uploads/2015/06/img_1985.jpg
ER_050,Egyptian Rice Pudding | Roz bil Laban,"Egyptian rice pudding, or roz bil laban, is a rich and creamy dessert enjoyed across Egypt. Made with soft, slow-cooked rice, milk, and fragrant rose water, this comforting treat is lightly sweetened and thickened to a velvety consistency. It is traditionally garnished with ground cinnamon, shredded coconut, and golden raisins, adding layers of flavor and texture. Served warm or chilled, Egyptian rice pudding is a nostalgic dish often enjoyed at family gatherings, celebrations, and during Ramadan. Its simple ingredients and smooth, indulgent taste make it a timeless favorite in Egyptian cuisine.",For the Rice Base: | 1 cup long-grain rice | 3 cups water | rose water | For the Creamy Pudding: | 3 cups milk | 1 tablespoon corn starch | sugar | vanillin with sugar | sea salt | For Garnish: | ground cinnamon | shredded coconut | golden raisins,"Cooking the Rice Base | In a pot, combine long-grain rice with water, ensuring the water level is higher than usual to create a soft, mushy texture. Add a splash of rose water for a delicate floral aroma. Turn the heat to high and bring the mixture to a boil. Once boiling, reduce the heat to low, cover the pot with a lid, and let it simmer for 45 minutes. | Mashing and Preparing the Pudding | When the cook time is up, use a spatula to mix and mash the rice, leaving some texture for a rich consistency. Add the milk, corn starch, sugar, vanillin with sugar, and a pinch of sea salt. Stir the mixture over medium-low heat, ensuring the ingredients are well combined. Adjust the sugar to taste, depending on how sweet you prefer your pudding.","Once the milk reaches a light boil, turn off the heat. Scoop the creamy rice pudding into serving dishes. Garnish with a sprinkle of ground cinnamon, shredded coconut, and golden raisins for extra flavor and texture. Let the pudding cool before serving, as this will allow it to thicken to the perfect consistency. Enjoy this comforting and traditional Egyptian dessert! | Vegan-Friendly Tips | To make this Egyptian rice pudding completely plant-based, simply substitute the milk with your favorite non-dairy milk, such as almond, coconut, or oat milk. You can also replace the corn starch with a vegan-friendly thickener like arrowroot powder for the perfect creamy texture. The rest of the recipe remains the same, allowing you to enjoy a delicious, vegan-friendly version of this traditional dessert! | Prepare the rice pudding in advance and store it in the fridge for a few hours. This will allow the flavors to meld together and the pudding to thicken to the perfect consistency. When it's time to break your fast, simply serve it chilled or reheat it gently on the stove for a comforting, refreshing treat to enjoy after a long day of fasting.","Egyptian food, desserts, rice pudding",20,70,"Food prices change based on five simple things. First, Quality and Brand matter because better ingredients cost more money. Second, Weight and Portion Size play a big role, since a larger meal naturally costs more. The price also covers How it Serves, which is the effort used to cook and present the food, and the Service Experience, such as the packaging or staff help. Finally, Discounts or sales can bring the total price down.",https://encrypted-tbn0.gstatic.com/images?q=tbn:ANd9GcSaC7NzwGRpa3C_O1DFE3FbLIcSYVS6XgbXSQ&s
ER_051,Licorice Root Drink Called Erk Sous,"Licorice root drink, known as ""erk sous"" in Egyptian culture, is a traditional beverage commonly enjoyed during Ramadan in Egypt and other parts of the Middle East. Known for its bold, earthy flavor and natural sweetness, it is often served to quench thirst and refresh after a long day of fasting. While beloved by many for its unique taste, Erk Sous is undeniably polarizing—some find it irresistible, while others find its flavor too strong or distinctive. Despite its divisive nature, it remains a cherished part of Ramadan traditions.","¼ cup licorice root, coarse | ¼ teaspoon baking soda | 2-3 cups water (adjust based on desired strength for the drink)
","Preparing the Licorice Root | Begin by combining coarse licorice root with baking soda in a bowl. Add a small splash of water, just enough to moisten the mixture. Massage the mixture with your fingers to evenly distribute the baking soda throughout the licorice root. Leave the bowl as is and allow it to rest for a few hours. | Watching the Transformation | During the resting period, you’ll notice the licorice root change color from a vibrant brown to a deep black. This is completely normal and signals that the preparation is on track. Once the licorice root has darkened, it’s ready for the next step. | Straining the Licorice Root | Transfer the blackened licorice root to a strainer. Slowly run fresh water through it to extract the licorice flavor, letting the liquid collect in a bowl or pitcher below. For a traditional touch, pour the drink from a high distance to create foam on the surface. Your erk sous is now ready to serve.","To enjoy erk sous during Ramadan, prepare the licorice root early in the day so it has ample time to rest and develop its flavor. Strain and pour the drink just before sunset, ensuring a fresh and foamy drink ready to break your fast. | The Egyptian Cook’s Thoughts on Licorice Root Drink | Licorice root drink, or erk sous, is a polarizing beverage. | Some people adore its bold and unique flavor, while others might not enjoy it at all. | The Egyptian Cook humorously comments, “Drinking this will make you want to keep fasting,” and reassures you with, “You don’t have to try this drink. | ” Whether you love it or leave it, erk sous remains a staple of traditional Egyptian culture.","vegan, Ramadan, drinks, licorice root",20,70,"Food prices change based on five simple things. First, Quality and Brand matter because better ingredients cost more money. Second, Weight and Portion Size play a big role, since a larger meal naturally costs more. The price also covers How it Serves, which is the effort used to cook and present the food, and the Service Experience, such as the packaging or staff help. Finally, Discounts or sales can bring the total price down.",https://egyptianrecipe.com/wp-content/uploads/2024/09/Erk-Sous-Licorice-Drink.jpg
ER_052,Egyptian Atayef | Sweet Dumpling,"Atayef is a beloved Egyptian sweet dumpling, traditionally enjoyed during Ramadan. These delicate, pancake-like pastries are naturally vegan, made without dairy or eggs, and filled with a mixture of nuts, coconut, raisins, and cinnamon. They are then folded into a half-moon shape before being fried to golden perfection. Once crispy, they are soaked in fragrant simple syrup, giving them a deliciously sweet and slightly crunchy texture. Atayef can be served plain, stuffed with cream or nuts, and even baked instead of fried for a lighter version. This iconic dessert is a staple in Egyptian households, bringing warmth and sweetness to special gatherings.",For the Syrup: | 1 cup water | 1 cup sugar | juice of ½ lemon | vanillin with sugar | For the Filling: | walnuts | shredded coconut | golden raisins | ground cinnamon | For the Batter: | 1 cup flour | ½ teaspoon salt | ½ teaspoon sugar | 1 teaspoon baking powder | approximately 1 ½ cups water,"Preparing the Simple Syrup | Start by combining equal parts water and sugar in a pot. Bring the mixture to a low simmer while whisking continuously to help dissolve the sugar. Squeeze in fresh lemon juice and continue stirring. Once the syrup has slightly thickened, turn off the heat and add vanillin with sugar for extra flavor. Let the syrup cool down to room temperature before using it in the recipe. | Making the Filling | In a bowl, combine chopped walnuts, shredded coconut, golden raisins, and ground cinnamon. Mix everything together until well incorporated. This will be the delicious spiced filling for the atayef. | Preparing the Batter | In another bowl, combine flour, salt, sugar, baking powder, and water. Whisk the ingredients together until a smooth batter forms. The consistency should be similar to pancake batter but slightly thinner. | Cooking the Atayef Pancakes | Over medium-low heat, melt a little butter in a pan and add a scoop of the batter. Let it cook without flipping. After several minutes, the surface will form bubbles, and the top will no longer look wet. Once this happens, remove the pancake from the heat and set it aside. | Assembling the Atayef | Place a small scoop of the prepared filling in the center of the pancake, on the bubbly side. Fold the pancake in half and pinch the edges together to seal it, forming a half-moon shape. Repeat this process for the remaining pancakes. | Frying and Serving | Heat oil in a pan for shallow frying. Once hot, fry the filled atayef for a couple of minutes on each side until they turn crispy and golden brown. Remove them from the oil and place them on a paper towel to absorb any excess oil. Immediately roll the hot atayef in the prepared simple syrup, ensuring they are well coated. Serve them hot and crispy for the best taste.","Heat oil in a pan for shallow frying. Once hot, fry the filled atayef for a couple of minutes on each side until they turn crispy and golden brown. Remove them from the oil and place them on a paper towel to absorb any excess oil. Immediately roll the hot atayef in the prepared simple syrup, ensuring they are well coated. Serve them hot and crispy for the best taste. | Ramadan Tip | For easy preparation during Ramadan, make the simple syrup, filling, and shape the atayef ahead of time while fasting. Save the shallow frying and syrup coating for 10–15 minutes before serving. This ensures that the atayef is served fresh, hot, and crispy—the best way to enjoy it!","Egyptian food, vegan, desserts, Ramadan, atayef, sweet dumpling",50,150,"Food prices change based on five simple things. First, Quality and Brand matter because better ingredients cost more money. Second, Weight and Portion Size play a big role, since a larger meal naturally costs more. The price also covers How it Serves, which is the effort used to cook and present the food, and the Service Experience, such as the packaging or staff help. Finally, Discounts or sales can bring the total price down.",https://www.faskitchen.com/wp-content/uploads/2025/02/atayef-dish-a-beautifully-plated-serving-of-atayef.jpg
ER_053,Lentil Soup,"Lentil soup is a warm, comforting, and nutritious dish that is popular in Egyptian culture and enjoyed across the Middle East. This vegan recipe is packed with protein, fiber, and essential nutrients, making it a wholesome meal for any time of the year. It is especially favored during the month of Ramadan, as it provides a nourishing way to break your fast, replenishing energy while being gentle on the stomach. With its rich flavor and hearty texture, lentil soup is a satisfying and healthy choice for both everyday meals and special occasions.",4-6 carrots | 1 yellow onion | 2 tomatoes | 1 ½ cups red lentils | 6 cups water | ground cumin | ground turmeric | sea salt | black pepper | 1 cup orzo (optional) | fresh lemon juice (optional),"Preparing the Vegetables | Start by preparing the vegetables for the lentil soup. Wash the carrots and tomatoes thoroughly to remove any dirt. Trim off the ends of the carrots, then peel them. Next, remove the stem and pit from the tomatoes. Peel the onion and roughly chop both the carrots and onion into chunks to ensure even cooking. | Cooking the Lentils and Vegetables | Once the vegetables are prepared, transfer them to a large pot. Add the red lentils and enough water to fully cover the ingredients. Place the lid on the pot and bring it to a boil. Once boiling, reduce the heat to medium and keep the lid partially covered to prevent the mixture from bubbling over. Allow the soup to simmer for about 20 minutes, or until the vegetables are fork-tender and the red lentils have softened. | Blending for a Smoother Texture | For a creamy and smooth lentil soup, transfer all the ingredients to a blender. Season with ground cumin, ground turmeric, sea salt, and black pepper before blending until smooth. Once blended, return the soup to the pot. | If you prefer a soup with more texture, skip adding the red lentils to the blender—they will naturally mash as you stir. An immersion blender can also be used directly in the pot for a semi-smooth consistency. | Enhancing the Lentil Soup with Orzo (Optional) | For an extra hearty version, consider adding orzo to the soup. After transferring the blended soup back to the pot, stir in dry orzo along with about 1 ½ cups of water. Stir frequently to prevent the orzo from sinking to the bottom or clumping together. The orzo will take around 10 minutes to cook. Keep in mind that when first added, the orzo may seem to disappear—avoid adding more and trust the process, as it will expand while cooking.","Once the lentil soup is ready, serve it warm with fresh lemon slices. Squeeze lemon juice into your bowl as desired for added brightness and flavor. Enjoy your delicious and comforting lentil soup!","vegan, soup, lentil soup",95,290,"Food prices change based on five simple things. First, Quality and Brand matter because better ingredients cost more money. Second, Weight and Portion Size play a big role, since a larger meal naturally costs more. The price also covers How it Serves, which is the effort used to cook and present the food, and the Service Experience, such as the packaging or staff help. Finally, Discounts or sales can bring the total price down.",https://letsfoodie.com/wp-content/uploads/2025/01/Greek-Lentil-Soup.png
ER_054,Amar el Deen,"Amar el Deen, meaning ""the moon of religion,"" is a beloved apricot drink that originated in Syria and quickly became a cherished tradition in Egyptian culture. This vibrant, tangy drink is made from apricot paste soaked and blended into a smooth, refreshing beverage. Its name reflects its importance in Islamic culture, as it is a staple during Ramadan, served to break the fast at sunset. Rich in natural sugars and nutrients, Amar el Deen is not only delicious but also replenishing, making it an essential part of Ramadan meals across the Middle East.",7 ounces dried apricot paste (also called apricot leather) | 2 cups water,"Preparing the Apricot Base | Start by cutting the apricot paste into small, manageable pieces and placing them in a bowl. Add water to the bowl, ensuring the paste is fully submerged. Set the bowl in the refrigerator and let it sit for eight hours. This allows the apricot paste to soften and infuse the water with its rich, tangy flavor. | Blending the Apricot Drink | After eight hours, remove the bowl from the refrigerator. You'll notice that the apricot paste has softened significantly, and the water has taken on a vibrant apricot hue. Transfer the mixture to a blender and blend until smooth. Once blended, pour the apricot drink into a pitcher, and it's ready to serve.","For those observing Ramadan, prepare this apricot drink at dawn. Allow it to rest in the refrigerator during the day, so it’s ready to be blended just before sunset. This way, you can enjoy its sweet and tangy flavor as a refreshing treat to break your fast.","vegan, Ramadan, drinks, apricot drink, Syrian drink",30,80,"Food prices change based on five simple things. First, Quality and Brand matter because better ingredients cost more money. Second, Weight and Portion Size play a big role, since a larger meal naturally costs more. The price also covers How it Serves, which is the effort used to cook and present the food, and the Service Experience, such as the packaging or staff help. Finally, Discounts or sales can bring the total price down.",https://i.ytimg.com/vi/pI8v_oURvbo/maxresdefault.jpg
ER_055,Egyptian Khoshaf | Dried Fruit Compote,"Egyptian khoshaf is a refreshing and naturally sweet dessert made with dried fruits soaked in milk or a plant-based alternative. This simple yet flavorful recipe combines dates, apricots, and raisins with a splash of rose water, creating a drinkable treat that’s both nourishing and satisfying. Garnished with toasted nuts and coconut flakes, khoshaf is a popular choice for Ramadan, offering a light and energizing snack after a day of fasting. Its versatility as a vegan-friendly and customizable dish makes it a timeless favorite in Egyptian households.",For the Khoshaf: | dates | dried apricots | golden raisins | milk | rose water | For Garnish: | toasted almond slices | coconut flakes | pistachios,"Preparing the Fruit Base | Begin by removing the seeds from the dates and cutting them into small, bite-sized pieces. Transfer the chopped dates into a cup, followed by cutting dried apricots into similar small pieces and adding them to the mix. Lastly, add golden raisins to complete the base of the khoshaf. These dried fruits provide natural sweetness and a delightful texture. | Adding Liquid and Mixing | Pour milk over the fruit mixture until the cup is nearly full, then add a splash of rose water to enhance the aroma and flavor. If you're lactose intolerant or prefer a vegan option, substitute the milk with a plant-based alternative such as almond, oat, or coconut milk. Water can also be used for a lighter version. Mix the ingredients well to ensure the fruits are evenly distributed in the liquid.","Place the cup in the refrigerator and let it sit for at least eight hours. During this time, the milk absorbs the sweetness and flavors of the dates, apricots, and raisins, creating a naturally sweet and flavorful drink. When ready to serve, garnish the khoshaf with toasted almond slices, coconut flakes, and crushed pistachios for added crunch and a hint of nutty flavor. | Ramadan Tip | Khoshaf makes for an ideal late-night snack during Ramadan. To have it ready for iftar, prepare the dish in the early morning hours before dawn. Allow it to chill and develop its flavors in the refrigerator throughout the day. By sunset, your khoshaf will be perfectly infused, cool, and ready to enjoy after breaking your fast.","Egyptian food, breakfast, Ramadan, khoshaf, dates, dried fruit compote",40,350,"Food prices change based on five simple things. First, Quality and Brand matter because better ingredients cost more money. Second, Weight and Portion Size play a big role, since a larger meal naturally costs more. The price also covers How it Serves, which is the effort used to cook and present the food, and the Service Experience, such as the packaging or staff help. Finally, Discounts or sales can bring the total price down.",https://rubyskitchendotblog.files.wordpress.com/2021/05/screen-shot-2021-05-12-at-7.24.43-am.png
ER_056,Egyptian Sahleb | Orchid Root Drink,"Sahleb is a beloved drink in Egyptian culture that’s especially popular during the colder months. This creamy and comforting beverage is made with milk and sahleb powder, a unique blend derived from orchid tubers mixed with cornstarch and vanilla. It’s lightly flavored with cinnamon and rose water, then garnished with toasted almonds and coconut for a touch of texture and sweetness. Sahleb can also be made into a pudding by increasing the powder, creating a versatile treat that’s perfect for any time of the day.",For the Sahleb Drink: | 2 cups milk | 1 tablespoon sahleb powder | ground cinnamon | rose water | For Garnish: | toasted almond slices | coconut flakes,"Preparing the Sahleb Drink | To start, add milk to a small pot and mix in sahleb powder. This unique powder is made from the orchid tuber and blended with corn starch and vanilla to create its signature texture and flavor. Stir in ground cinnamon for warmth and add a splash of rose water for a fragrant touch. | Heating the Milk | Turn the heat to medium and allow the mixture to come to a light boil. Be sure to stir it frequently to prevent lumps and ensure even cooking. | TIP: | Keep an eye on the pot as the milk heats up; if it overheats, it can rise quickly and overflow.","Once the sahleb drink is ready, transfer it to a serving cup. Garnish with toasted almond slices and coconut flakes for added flavor and a bit of crunch. | Optional Pudding Variation | If you’d like to transform this drink into a creamy pudding, increase the amount of sahleb powder in the recipe. After mixing all the ingredients and heating the milk, transfer it to a serving dish and let it cool. As it rests, it will thicken and set into a delightful pudding.","desserts, Egyptian drink, orchid root drink, shaleb",30,75,"Food prices change based on five simple things. First, Quality and Brand matter because better ingredients cost more money. Second, Weight and Portion Size play a big role, since a larger meal naturally costs more. The price also covers How it Serves, which is the effort used to cook and present the food, and the Service Experience, such as the packaging or staff help. Finally, Discounts or sales can bring the total price down.",https://amazingfoodanddrink.com/wp-content/uploads/2024/06/What-is-Traditional-Egyptian-Sahlab.jpg
ER_057,Egyptian Sahleb | Orchid Root Drink,"Ful mudammas is a beloved Egyptian dish made from slow-cooked fava beans, traditionally enjoyed as both street food and a hearty breakfast. Known for its creamy texture and rich, earthy flavor, it is typically served with a drizzle of olive oil, a hint of tahini, and garnished with fresh cilantro. This vegan recipe is a cornerstone of Egyptian culture, offering a nutritious and satisfying meal often accompanied by pita bread, Egyptian salad, and ta’ameya. Ful mudammas holds a special place in Egyptian culinary heritage, uniting families and communities over its simple yet flavorful preparation.",1 cup dry fava beans | 2 tablespoons tahini | ground cumin | sea salt | black pepper | olive oil | fresh cilantro,"Preparing the Fava Beans | Begin by soaking the dry fava beans in water for one full day. Once soaked, drain the water and rinse the beans thoroughly until the water runs clear. This ensures the beans are clean and ready for cooking. | Cooking the Fava Beans | Transfer the rinsed fava beans to a traditional bean pot, called a ""dammasa"" in Egyptian culture. Add enough water to fully cover the beans and bring the pot to a boil. Once boiling, reduce the heat to low and allow the beans to simmer gently for six hours, or until fork tender, with the lid on. Be sure to check the water level every hour to ensure the beans remain submerged. The water should always be well above the beans. | TIP:If the water level drops, boil fresh water separately and add it to the pot to maintain consistent cooking. | TIP:Avoid stirring the beans during the cooking process to preserve their texture. | Final Preparation | Once the beans are fully cooked, transfer them to a serving dish. Use a fork to lightly mash the beans, leaving some texture intact for a traditional feel. Add tahini, ground cumin, sea salt, and black pepper to the mashed beans, then mix everything together until well combined.","Drizzle olive oil over the prepared ful mudammas and garnish with fresh cilantro for a burst of color and flavor. Serve the dish warm alongside fresh pita bread. Ful mudammas also pairs wonderfully with Egyptian salad and ta’ameya, making it a hearty and satisfying meal.","Egyptian food, vegan, breakfast, ful mudammas",15,55,"Food prices change based on five simple things. First, Quality and Brand matter because better ingredients cost more money. Second, Weight and Portion Size play a big role, since a larger meal naturally costs more. The price also covers How it Serves, which is the effort used to cook and present the food, and the Service Experience, such as the packaging or staff help. Finally, Discounts or sales can bring the total price down.",https://upload.wikimedia.org/wikipedia/commons/a/af/Salep_drink.jpg
ER_058,Egyptian Ta'ameya | The Original Falafel,"Ta'ameya, also known as Egyptian falafel, is a delicious and traditional vegan dish made from split fava beans, fresh herbs, and aromatic spices. This crispy fried delight has a vibrant green center that’s soft and fluffy, making it a perfect addition to any meal. Paired with Egyptian salad, tahini sauce, and pita bread, ta'ameya is a flavorful, satisfying dish that showcases the rich taste of Egypt’s culinary heritage. It’s not only vegan but also packed with protein, making it a wholesome, plant-based treat.","1 cup dry split fava beans | 1 bunch fresh cilantro | 1 yellow onion | 4 garlic cloves | ground coriander | ground cumin | sea salt | black pepper | baking soda, just a pinch","Preparing the Fava Beans | Start by soaking the dry split fava beans in water for one day. Once soaked, drain the water and wash the beans thoroughly until the water runs clear. | Blending the Mixture | Add the soaked split fava beans to a food processor. Next, add fresh cilantro, yellow onion, and fresh garlic to the mix. Season the mixture with ground coriander, ground cumin, sea salt, and black pepper. Blend all of these ingredients together until they form a thick grain like paste. You may need to pause occasionally to scrape the sides of the food processor to ensure an even texture and consistency. | Shaping the Ta’ameya | Just before forming the ta’ameya into ball-like shapes, add a pinch of baking soda to the mixture. Using your hands or an ice cream scoop, form the ta’ameya into small balls. Immediately deep fry them in hot oil. Fry the ta’ameya for just a few minutes, until they turn a deep brown color.","Once the ta’ameya is deep brown on the outside, remove it from the oil and place it on paper towels to drain the excess oil. Serve the ta’ameya with Egyptian salad, tahini sauce, pita bread, and ful mudammas. The outside should be crispy and brown, while the inside remains a vibrant green, soft, and fluffy.","Egyptian food, vegan, breakfast, ta'ameya",10,300,"Food prices change based on five simple things. First, Quality and Brand matter because better ingredients cost more money. Second, Weight and Portion Size play a big role, since a larger meal naturally costs more. The price also covers How it Serves, which is the effort used to cook and present the food, and the Service Experience, such as the packaging or staff help. Finally, Discounts or sales can bring the total price down.","https://static.wixstatic.com/media/a27d24_54b6c21efa5e4fb183478c5b974723e4~mv2.jpg/v1/fill/w_1000,h_963,al_c,q_90,usm_0.66_1.00_0.01/a27d24_54b6c21efa5e4fb183478c5b974723e4~mv2.jpg"
ER_059,Egyptian Salata Baladi | Tomato & Cucumber Salad,"Egyptian salad is a refreshing and vibrant dish that captures the essence of Egyptian cuisine. This salad is a staple in many Egyptian meals, often served alongside dishes like molokhia or kebab. The combination of fresh vegetables, including cucumbers, tomatoes, and red onions, is enhanced with a tangy dressing made of white vinegar, lime juice, and a touch of dried mint. It's known for its bright, crisp flavors, and in Egypt, it's affectionately referred to as the country's ""national salad.""",1 red onion | sea salt | white vinegar | 6 mini cucumbers | 3-4 tomatoes | 2 jalapenos (optional) | fresh parsley | juice of 3 limes | black pepper | dried mint leaves,"Preparing the Onion | Start by finely dicing the red onion. Transfer it to a bowl and sprinkle with sea salt. Pour white vinegar over the onions, just enough to halfway cover them. Mix well to ensure the flavors start to blend. The combination of sea salt and vinegar will help reduce the harsh raw onion taste, making it more flavorful and mild. | Assembling the Salad | Next, dice the mini cucumbers and tomatoes, then add them to the bowl with the onions. For some extra heat, finely dice the jalapenos and add them as well. Chop fresh parsley and toss it in with the rest of the ingredients. Squeeze in the juice of three limes and season with black pepper for an extra zing. | Adding the Final Touches | For the final touch, add the dried mint leaves. Roll them between your hands to release their oils before adding them to the salad. Once everything is in the bowl, give it a good mix to combine all the flavors. | The Salad ""Whiskey"" | This salad will create a pinkish dressing as it sits. In Egyptian culture, it's called “salad whiskey.” You can either pour it into a cup to enjoy separately or keep it in the bowl and sip it as a refreshing drink!","Serve the salad in a large bowl and allow guests to help themselves. It pairs exceptionally well with grilled meats, kebabs, and barbecued seafood, as its fresh, acidic bite cuts through rich, heavy flavors.","Egyptian food, vegan, salad",60,230,"Food prices change based on five simple things. First, Quality and Brand matter because better ingredients cost more money. Second, Weight and Portion Size play a big role, since a larger meal naturally costs more. The price also covers How it Serves, which is the effort used to cook and present the food, and the Service Experience, such as the packaging or staff help. Finally, Discounts or sales can bring the total price down.",https://nomadparadise.com/wp-content/uploads/2022/11/432_04-1200x800.jpg
ER_060,Egyptian Molokhia | Jute Mallow Soup,"Egyptian molokhia is a beloved dish made from finely chopped jute leaves simmered in a flavorful broth. Traditionally, it's prepared with chicken and served alongside vermicelli rice, pita bread, and sometimes a rich stew like pot kebab. The molokhia itself has a distinctive, slightly slimy texture that makes it incredibly comforting. Its unique flavor comes from the addition of garlic fried in butter and ground coriander, which create a mouthwatering depth of taste. This dish is a staple in Egyptian households and is often enjoyed during family gatherings or special occasions.","For the Chicken Broth: | 1 whole chicken | 1 yellow onion | 4 dried bay leaves | 6 cardamoms | 6 cloves | sea salt | black pepper | 1 gallon water | For the Molokhia: | 3 cups chicken broth (from above) | 14 ounces molokhia, finely chopped | 2 heads of garlic, finely minced | 2 tablespoons unsalted butter | ground coriander","Prepare the Broth | Begin this recipe by preparing a flavorful homemade broth. Place a whole chicken in a large pot and add a whole yellow onion, dried bay leaves, cardamoms, cloves, sea salt, and black pepper. Pour in enough water to fully submerge the ingredients and bring it to a boil. Once boiling, reduce the heat to medium-low and allow it to gently simmer for 45 minutes. While the broth cooks, skim any foam from the surface to keep the broth clear and rich in flavor. | Prepare the Molokhia | After the broth is ready, transfer the chicken broth to a fresh pot. Add the finely chopped molokhia to the pot and stir it frequently over medium-low heat. It's important to avoid letting the molokhia boil, as this can scorch it and ruin its delicate texture. | Prepare the Garlic Mixture | While the molokhia is simmering, finely mince garlic and fry it in butter until it turns golden brown. Once the garlic is ready, add ground coriander to the pan and let it cook for a moment. | Combine the Garlic and Molokhia | Position the pan with the garlic mixture over the pot of molokhia. Scoop the molokhia and let it pour onto the fried garlic, allowing the sizzling aroma to fill the kitchen. Stir everything together right before the molokhia is finished cooking.","Once the garlic has been incorporated, turn off the heat and cover the pot. Let it rest for a few moments before serving. Molokhia is best served with vermicelli rice, pita bread, and pot kebab for a delicious, traditional Egyptian meal. | Vegan-Friendly Tips | For a vegan version of this recipe, simply replace the chicken with vegetable broth and use plant-based butter instead of dairy butter. The molokhia will still be delicious and comforting without compromising on flavor!","Egyptian food, soup, molokhia",100,400,"Food prices change based on five simple things. First, Quality and Brand matter because better ingredients cost more money. Second, Weight and Portion Size play a big role, since a larger meal naturally costs more. The price also covers How it Serves, which is the effort used to cook and present the food, and the Service Experience, such as the packaging or staff help. Finally, Discounts or sales can bring the total price down.",https://urbanfarmandkitchen.com/wp-content/uploads/2024/02/molokhia-stew-7.jpg
ER_061,Egyptian Orzo Soup,"Egyptian orzo soup, known locally asshorbat lesan asfour(literally ""bird's tongue soup""), is a comforting and flavorful dish that’s both hearty and simple. Made with golden-brown toasted orzo cooked in a richly spiced broth, it’s a staple in Egyptian households. Often served as a starter, this soup pairs wonderfully with a squeeze of fresh lemon or lime juice to brighten its savory flavors. While traditionally prepared with chicken broth, it can easily be adapted for a vegan diet, making it a versatile and nourishing option for any table.",For the Chicken Broth: | 1 whole chicken | 1 yellow onion | 4 dried bay leaves | 6 cardamoms | 6 cloves | sea salt | black pepper | 1 gallon water | For the Orzo: | 1 tablespoon unsalted butter | ½ cup orzo | 4 cups chicken broth (from above),"Preparing the Broth | Begin this recipe by preparing a flavorful homemade broth. Place a whole chicken in a large pot and add a whole yellow onion, dried bay leaves, cardamoms, cloves, sea salt, and black pepper. Pour in enough water to fully submerge the ingredients and bring it to a boil. Once boiling, reduce the heat to medium-low and allow it to gently simmer for 45 minutes. While the broth cooks, skim any foam from the surface to keep the broth clear and rich in flavor. | Cooking the Orzo | In a separate pan, fry the orzo in butter over medium heat until it turns golden brown, which typically takes a few minutes. Then, add the freshly prepared chicken broth to the orzo. Stir frequently over medium heat to prevent the orzo from sticking to the bottom. Allow the orzo to cook for 10-12 minutes until tender.","When serving, consider garnishing with lemon or lime slices on the side. Squeezing fresh citrus juice into the soup adds a bright, tangy flavor that pairs beautifully with the savory broth. | Vegan-Friendly Tips | To make this soup vegan, omit the chicken and substitute the broth with vegetable stock. Use olive oil or vegan butter to toast the orzo, and you’ll have a delicious, plant-based version of this comforting Egyptian classic.","Egyptian food, soup, orzo soup",35,200,"Food prices change based on five simple things. First, Quality and Brand matter because better ingredients cost more money. Second, Weight and Portion Size play a big role, since a larger meal naturally costs more. The price also covers How it Serves, which is the effort used to cook and present the food, and the Service Experience, such as the packaging or staff help. Finally, Discounts or sales can bring the total price down.",https://i.pinimg.com/originals/cc/09/2c/cc092c4d580820758519e2a77e0b7fc6.jpg
ER_062,Egyptian Macarona Béchamel | Béchamel Pasta,"Egyptian béchamel pasta, or ""macarona béchamel,"" is a rich and comforting dish made with layers of creamy béchamel sauce, seasoned ground beef, and tender penne pasta. This baked casserole-style meal is a popular choice for family gatherings and celebrations in Egypt. The creamy béchamel sauce binds the layers together, creating a decadent and satisfying dish. Perfect for both casual dinners and special occasions, Egyptian béchamel pasta is a hearty meal that everyone will love.","For the Béchamel Sauce: | 8 tablespoons unsalted butter | 1 cup flour | 10 cups milk | ground nutmeg | sea salt | black pepper | For the Meat Filling: | 24 ounces penne pasta | olive oil (for sautéing) | 2 small yellow onions, finely chopped | 8 garlic cloves, minced | 2 pounds 80% lean ground beef | ground coriander | sea salt | black pepper | ¼ cup tomato sauce | All Other Ingredients: | 24 ounces penne pasta","Preparing the Béchamel Sauce | Start this recipe by melting butter in a large saucepan over medium heat, then adding the flour. Whisk the mixture thoroughly to create a smooth roux. Gradually add the milk while continuing to whisk to prevent clumps from forming. Season the sauce with ground nutmeg, sea salt, and black pepper. Continue whisking frequently as the sauce cooks for about 30 minutes. The béchamel sauce is ready when it thickens to a creamy, velvety consistency. | Preparing the Meat Filling | While the béchamel sauce is cooking, prepare the meat filling. Begin by frying diced yellow onions and minced garlic in olive oil until fragrant. Add the ground beef to the pan, breaking it up as it cooks. Season the meat with ground coriander, sea salt, and black pepper. Once the beef is browned, remove it from the heat and drain any excess fat. Mix in the tomato sauce to complete the flavorful filling. | Cooking the Pasta | As the meat is being prepared, cook the penne pasta. Bring a large pot of water to a boil and add a generous pinch of sea salt. Add the pasta to the boiling water and stir to prevent sticking. Cook the pasta for 10-12 minutes or until al dente, then drain and set it aside. | Assembling the Béchamel Pasta | To assemble, spread a layer of béchamel sauce across the bottom of a baking dish. Add half of the cooked penne pasta on top of the sauce, followed by the seasoned ground beef as the next layer. Add the remaining half of the pasta, and then pour the rest of the béchamel sauce evenly over the top. | Baking the Béchamel Pasta | Bake the assembled dish in a preheated oven at 400°F for about 25 minutes. Once baked, switch the oven to broil mode for 1-4 minutes to give the top layer a golden, slightly crispy finish.","When serving Egyptian béchamel pasta, allow it to rest and cool slightly. This helps the béchamel sauce thicken, holding the slices together beautifully for a picture-perfect presentation. Enjoy this creamy, layered dish as a comforting and hearty meal.","Egyptian food, lahma, bechamel sauce, bechamel pasta",150,700,"Food prices change based on five simple things. First, Quality and Brand matter because better ingredients cost more money. Second, Weight and Portion Size play a big role, since a larger meal naturally costs more. The price also covers How it Serves, which is the effort used to cook and present the food, and the Service Experience, such as the packaging or staff help. Finally, Discounts or sales can bring the total price down.",https://blogger.googleusercontent.com/img/b/R29vZ2xl/AVvXsEhj1HZcTLImOEExgNINtS5fBHcSPOewyaMbJyEOb5Hdn-3BbXiXWfB7wVpIYDEWGCuyeyxQEWstSHsXwk654FdpcCRCUfdq8TShptXUKetN2BGHVVS47cGOHl-I11wVVZFhJlQc2fuyKUx-sU0xgdJYaGqneSMv8UwRk0fArAFR3NbLNlkVRWxBl6489LE/s4032/35B61B6C-7B4D-4C4C-AA52-AC0A3AF339B2.jpeg
ER_063,Egyptian Freek | Young Wheat,"Egyptian freek is a hearty and flavorful dish made with young wheat, golden raisins, and a blend of aromatic spices like nutmeg, turmeric, and cinnamon. This vegan version of freek is a perfect balance of savory and slightly sweet, with the richness of caramelized onions adding depth to the dish. The nutty texture of the wheat pairs beautifully with the golden raisins, while the toasted almonds and fresh cilantro on top provide a satisfying crunch and fresh burst of flavor. Traditionally enjoyed as a side dish, Egyptian freek is a versatile and wholesome meal that highlights the simplicity and beauty of Egyptian cuisine.","For the Young Wheat: | 1 yellow onion, diced | olive oil (for sautéing) | 1 ½ cups young wheat (freek) | ¼ cup golden raisins | approximately 3 cups water | ground nutmeg | ground turmeric | ground cinnamon | sea salt | black pepper | For Garnish: | sliced toasted almonds | fresh cilantro","Cooking the Freek | Start by dicing the yellow onion and frying it in olive oil until it begins to brown. Once the onions are golden and fragrant, add the washed young wheat (freek) and golden raisins to the pan, stirring to combine. | Adding Water and Seasoning | Next, add approximately 3 cups of water to the mixture. Season with ground nutmeg, ground turmeric, ground cinnamon, sea salt, and black pepper, stirring well to incorporate the spices into the wheat. | Simmering the Dish | Bring the mixture to a boil, then reduce the heat to low and cover the pan with a lid. Allow the freek to simmer for about 45 minutes, stirring gently at the 35-minute mark. Tip: If the wheat appears dry, add a little water; if it is still moist, leave the lid off to allow excess steam to escape.","Garnishing and Serving | Once the freek is cooked to a tender texture, garnish with toasted almond slices and fresh cilantro for a delightful crunch and fresh flavor. Serve and enjoy this aromatic and comforting Egyptian dish!","Egyptian food, freek, young wheat",100,500,"Food prices change based on five simple things. First, Quality and Brand matter because better ingredients cost more money. Second, Weight and Portion Size play a big role, since a larger meal naturally costs more. The price also covers How it Serves, which is the effort used to cook and present the food, and the Service Experience, such as the packaging or staff help. Finally, Discounts or sales can bring the total price down.",https://m.media-amazon.com/images/I/91DLPWqJPNL._SL1000_.jpg
ER_064,Tahina Sauce,"Tahini sauce is a popular vegan dip made from ground sesame seeds, blended with garlic, lemon and lime juice, and a pinch of sea salt with cumin. Its smooth, creamy texture and nutty flavor make it the perfect complement to traditional Egyptian dishes like hawawshi and ta'ameya. This versatile dip is not only delicious but also plant-based, making it a great addition to any vegan meal. Whether drizzled over stuffed pita or used as a dip, tahini sauce enhances the flavors with its rich, savory profile, bringing authenticity and depth to Egyptian cuisine.","½ cup tahini | 2 garlic cloves, minced | juice of one lemon | juice of one lime | ground cumin | sea salt | 2-4 tablespoons water (adjust for desired consistency)","Making the Tahini Sauce | Start by mincing fresh garlic and adding it to the tahini in a bowl. Squeeze in fresh lemon and lime juice for a tangy flavor. Season the mixture with sea salt and ground cumin to taste. Begin mixing the ingredients together, and gradually add water, a little at a time, until you reach the desired smooth consistency. The result should be a creamy, flavorful sauce that can be used as a dip or a topping for a variety of Egyptian foods like hawawshi or ta'ameya.","Dip: Serve on its own with fresh vegetables, pita bread, or falafel. | Spread: Use as a base for sandwiches, wraps, and toast instead of mayo or other spreads. ","tahina sauce, sides",20,60,"Food prices change based on five simple things. First, Quality and Brand matter because better ingredients cost more money. Second, Weight and Portion Size play a big role, since a larger meal naturally costs more. The price also covers How it Serves, which is the effort used to cook and present the food, and the Service Experience, such as the packaging or staff help. Finally, Discounts or sales can bring the total price down.",https://therecipecritic.com/wp-content/uploads/2022/05/tahinisauce-750x1000.jpg
ER_065,Egyptian Hawawshi | Pita Pocket Burger,"Egyptian hawawshi is a beloved street food and home-cooked favorite, often referred to as Egypt's answer to stuffed bread. It features seasoned ground meat, typically spiced with onions, parsley, and a blend of aromatic spices, tucked into pita bread and baked or grilled to crispy perfection. The result is a savory, flavorful dish with a golden, crunchy crust and a juicy, spiced filling. Hawawshi is best enjoyed hot, often served with pickles or tahini for a complete and satisfying meal.",For the Meat Filling: | fresh parsley | 1 yellow onion | 1 green bell pepper | 1 jalapeño (optional) | 4 garlic cloves | 2 pounds 80% lean ground beef | paprika | ground coriander | ground cumin | sea salt | black pepper | All Other Ingredients: | 4-6 thicker-style pita bread with pockets | olive oil (for brushing),"Preparing the Meat Filling | Start by blending fresh parsley, onions, green bell pepper, and garlic cloves in a food processor until finely chopped. After blending, squeeze out any excess onion water or juices from the vegetable mixture to prevent sogginess. Add the vegetable mixture to the ground beef and season it with paprika, ground coriander, ground cumin, sea salt, and black pepper. Mix everything thoroughly until well combined. | Assembling the Hawawshi | Once the meat mixture is ready, slice the pita bread in half to create pockets. Open each pocket carefully and stuff it with the seasoned beef mixture, spreading it evenly inside. Place the stuffed pita halves on a baking tray, and brush the outside of each pita with olive oil for a golden, crispy finish. | Baking the Hawawshi | Preheat your oven to 400°F (200°C). Bake the hawawshi for 15-20 minutes, flipping them halfway through the bake time to ensure even crispiness. The bread should be golden and crunchy when done, with the meat cooked through.","Serve hawawshi hot, straight out of the oven. The crispy, golden pita pairs perfectly with a dip of tahina sauce. Enjoy this flavorful Egyptian favorite as a snack, appetizer, or main dish!","Egyptian food, lahma, burger, hawawshi, street food",35,160,"Food prices change based on five simple things. First, Quality and Brand matter because better ingredients cost more money. Second, Weight and Portion Size play a big role, since a larger meal naturally costs more. The price also covers How it Serves, which is the effort used to cook and present the food, and the Service Experience, such as the packaging or staff help. Finally, Discounts or sales can bring the total price down.","https://i1.wp.com/www.arabamerica.com/wp-content/uploads/2022/07/d044630f-6fc9-4142-8f4a-962e21f32094.jpeg?resize=835,557&ssl=1"
ER_066,Egyptian Baked Rice | Roz Ma'amar,"Egyptian baked rice, or ""Roz Maamar,"", is a comforting and rich dish that's a staple in Egyptian cuisine. This oven-baked recipe combines creamy milk, tender long-grain rice, and buttery goodness, creating a perfectly golden crust on top. Known for its simplicity and indulgent flavor, it’s a versatile side dish that pairs beautifully with stews, grilled meats, or as a hearty standalone meal. Perfectly creamy on the inside and crisp on the outside, Egyptian baked rice is a celebration of texture and taste.",3 cups milk | 1 ½ cups long grain rice | 3 tablespoons unsalted butter | sea salt,"Preparing the Milk | Begin by heating the milk over medium-low heat. Stir it frequently to prevent scorching and ensure it heats evenly. This step helps infuse the milk with a smooth and creamy consistency, which is key to the dish. | Assembling the Dish | While the milk is heating, add the long-grain rice to a baking dish. Sprinkle in a pinch of sea salt and mix to distribute it evenly. Once the milk is warmed, pour it over the rice and add the unsalted butter, allowing it to melt and coat the ingredients. | Baking the Dish | Place the baking dish in a preheated oven. Start by baking it at 400°F for the first 10 minutes. This high temperature will create a lightly golden-brown crust on the top layer. After 10 minutes, reduce the temperature to 350°F and continue baking for another 35 minutes. This slower cooking process ensures the rice absorbs the milk and becomes tender and flavorful.",,"Egyptian food, rice, baked rice",70,320,"Food prices change based on five simple things. First, Quality and Brand matter because better ingredients cost more money. Second, Weight and Portion Size play a big role, since a larger meal naturally costs more. The price also covers How it Serves, which is the effort used to cook and present the food, and the Service Experience, such as the packaging or staff help. Finally, Discounts or sales can bring the total price down.",https://www.fooddolls.com/wp-content/uploads/2021/08/Baked-Rice-2.jpg
ER_067,Egyptian Baked Potatoes with Lamb,"Egyptian baked potatoes and lamb in tomato sauce is a rich and flavorful dish that brings together tender lamb, aromatic spices, and perfectly roasted potatoes. The lamb is simmered in a savory broth with spices like cardamom, cloves, and cumin, then baked alongside the potatoes in a tangy tomato sauce. The result is a comforting meal where the lamb is infused with the vibrant flavors of the sauce, while the potatoes absorb all the delicious juices, making every bite full of warmth and depth. This dish is a wonderful showcase of traditional Egyptian ingredients and cooking techniques, perfect for a hearty family meal.","For the Lamb and Broth: | 1 pound lamb leg sirloin | 1 yellow onion, peeled and halved | 4 garlic cloves, peeled | 4 cardamom pods | 4 whole cloves | 2 dried bay leaves | 6 cups water | sea salt | black pepper | ground nutmeg | ground ginger | For the Potato Bake: | 2 pounds russet potatoes, peeled and sliced | 16 ounces tomato sauce | 4 cups fresh lamb broth (from above) | sea salt | black pepper | ground nutmeg | ground ginger | ground cumin | crushed red pepper (optional, for heat)","Preparing the Lamb and Broth | Start by preparing the lamb and lamb broth, which will be the base of this flavorful dish. Slice the lamb leg sirloin into small cubes, including any bones for added flavor. Transfer the lamb pieces to a wok or large pot. Add half a yellow onion (cut into large chunks), garlic cloves, cardamom, cloves, dried bay leaves, sea salt, black pepper, ground nutmeg, and water. Bring the mixture to a boil, then reduce the heat to medium-low and let it simmer gently for about 20 minutes. This will create a rich and aromatic lamb broth that enhances the dish. | Preparing the Potatoes and Onions | While the broth is simmering, prepare the potatoes. Start by peeling and washing them thoroughly. Slice the potatoes into ¼-inch thick discs for even cooking. Thinly slice the other half of the yellow onion and combine it with the sliced potatoes in a bowl. Season the mixture generously with sea salt, black pepper, and ground cumin to enhance the flavors. | Combining the Sauce | Next, prepare the sauce that ties everything together. In a separate bowl, mix the tomato sauce with the freshly prepared lamb broth. For a hint of spice, add crushed red pepper to the sauce and blend it well. This sauce will soak into the potatoes and lamb during baking, creating a deliciously rich flavor. | Assembling and Baking | Now it’s time to assemble the dish. In a baking dish, layer the seasoned potatoes, onions, and lamb cubes evenly. Pour the prepared tomato and lamb broth sauce over the layers, ensuring everything is well-coated. Bake the dish in a preheated oven at 400°F (200°C) for approximately 45 minutes or until the potatoes are fork-tender and the flavors have melded beautifully.","Serve this Egyptian-style baked potatoes and lamb dish hot, accompanied by vermicelli rice and warm pita bread. This comforting meal is perfect for sharing and showcases the rich, bold flavors of traditional Egyptian cuisine.","Egyptian food, lahma, lamb, potatoes, baked potatoes with lamb",100,600,"Food prices change based on five simple things. First, Quality and Brand matter because better ingredients cost more money. Second, Weight and Portion Size play a big role, since a larger meal naturally costs more. The price also covers How it Serves, which is the effort used to cook and present the food, and the Service Experience, such as the packaging or staff help. Finally, Discounts or sales can bring the total price down.",https://i.ytimg.com/vi/wFlkyyzD6gA/maxresdefault.jpg
ER_068,Vermicelli Rice | Roz bil Shareya,"Vermicelli rice is a beloved staple in Middle Eastern and Mediterranean cuisines, known for its delicate flavor and fluffy texture. This simple yet flavorful dish combines golden, toasted vermicelli noodles with long-grain rice, cooked together in butter or ghee for a nutty and aromatic base. Often served as a side dish, vermicelli rice pairs beautifully with stews, grilled meats, or vegetable dishes, making it a versatile and comforting addition to any meal.","2 tablespoons of unsalted butter (or substitute with ghee for a richer flavor) | ½ cup of vermicelli noodles, broken into small pieces | 1 cup of long-grain rice, rinsed and drained | Approximately 2 ½ cups of water, adjust as needed","Frying the Vermicelli | Begin by frying the vermicelli in butter or ghee over medium heat. Stir frequently until the vermicelli turns a golden brown color, which should take just a couple of minutes. Be careful not to let it burn, as this step adds a rich, nutty flavor to the dish. | Combining the Rice | Once the vermicelli is browned, add the long-grain rice to the pan. Stir the rice and vermicelli together to coat the rice with the butter or ghee. Let it sit for about 30 seconds to allow the flavors to meld before proceeding to the next step. | Adding Water and Cooking | Pour in the water, ensuring the water level sits about ½ inch above the rice and vermicelli mixture—no more than that for the perfect texture. Bring the mixture to a boil, then reduce the heat to low, cover the pot with a lid, and let it simmer gently for a total of 45 minutes.","At around the 35-minute mark, gently mix the rice to ensure even cooking. If the rice appears too dry, add a splash of water. Conversely, if it seems too moist, leave the lid off to allow excess steam to escape. Once fully cooked, the rice should be fluffy, aromatic, and ready to serve as a delicious accompaniment to your meal.","vermicelli rice, rice, roz",30,70,"Food prices change based on five simple things. First, Quality and Brand matter because better ingredients cost more money. Second, Weight and Portion Size play a big role, since a larger meal naturally costs more. The price also covers How it Serves, which is the effort used to cook and present the food, and the Service Experience, such as the packaging or staff help. Finally, Discounts or sales can bring the total price down.",https://urbanfarmandkitchen.com/wp-content/uploads/2022/12/vermicelli-rice-serving.jpg
