place_id,place_name,category,city,latitude,longitude,description,explore_duration_min,opening_days_1,summer_opening_hours_day_shift,summer_opening_hours_night_shift,winter_opening_hours_day_shift,winter_opening_hours_night_shift,ramadan_opening_hours_day_shift,ramadan_opening_hours_night_shift,opening_days_2,opening_hours_day_shift,opening_hours_night_shift,foreigner_adult_price_egp,foreigner_student_price_egp,arab_adult_price_egp,arab_student_price_egp,egyptian_adult_price_egp,egyptian_student_price_egp,garage_car_price_egp,garage_bus_price_egp,garage_coaster_price_egp,garage_micro_bus_price_egp,free_entry_policy,inclusive_ticket_access,inclusive_ticket_foreigner_adult_price_egp,inclusive_ticket_foreigner_student_price_egp,inclusive_ticket_egyptian_arab_adult_price_egp,inclusive_ticket_egyptian_arab_student_price_egp,special_event_name,special_event_foreigner_adult_price_egp,special_event_foreigner_student_price_egp,special_event_egyptian_arab_adult_price_egp,special_event_egyptian_arab_student_price_egp,normalized_city,combined_text,Image_url
EAS_001,Giza Pyramids and The Sphinx,"ancient Egyptian archaeological site, a UNESCO World Heritage site, and a major global tourist attraction",Giza,29.97519455,31.13757031,"Settle into your hotel, get some rest, then head to the Giza Plateau for a morning or afternoon of pure exploration! Most people think the three monumental pyramids are all there is to see, but in fact, they’re merely the biggest structures on site. The Giza Plateau is vast and sprawling, full of structures that include the “satellite” pyramids, queens’ pyramids, mastaba tombs for nobility, the worker’s town and tombs, and mortuary temples built to receive offerings for the deceased kings. You can either stroll through the site on foot or catch a ride on a camel or horse-drawn carriage to experience the adventure above ground. This enormous and regal statue distinguishes Khafre’s pyramid complex from all others. It is completely unique. Known as one of the world’s largest sculptures, this incredible statue was carved out of the limestone bedrock and is located beside the Valley Temple leading to King Khafre’s mortuary temple and pyramid. The sphinx was built in a clear demonstration of power, with its face bearing a striking resemblance to the king’s, adorned with a royal headdress on the body of a lion.",180,All Days,from 07:00 am Last Entry 04:00 pm,Closed,from 07:00 am Last Entry 04:00 pm,Closed,from 08:00 am Last Entry 03:30 pm,Closed,There are no other days,0,0,700,350,60,30,60,30,0,0,0,0,"Free entry for children below 6 years.
  Free entry for Egyptians with special needs.
  Free entry for Egyptians above 60 years.
  Photography with mobile phone is free of charge",There is currently no inclusive ticket access,0,0,0,0,There is no event currently,0,0,0,0,Giza,"Name: Giza Pyramids and The Sphinx; Category: ancient Egyptian archaeological site, a UNESCO World Heritage site, and a major global tourist attraction; City: Giza; Description: Settle into your hotel, get some rest, then head to the Giza Plateau for a morning or afternoon of pure exploration! Most people think the three monumental pyramids are all there is to see, but in fact, they’re merely the biggest structures on site. The Giza Plateau is vast and sprawling, full of structures that include the “satellite” pyramids, queens’ pyramids, mastaba tombs for nobility, the worker’s town and tombs, and mortuary temples built to receive offerings for the deceased kings. You can either stroll through the site on foot or catch a ride on a camel or horse-drawn carriage to experience the adventure above ground. This enormous and regal statue distinguishes Khafre’s pyramid complex from all others. It is completely unique. Known as one of the world’s largest sculptures, this incredible statue was carved out of the limestone bedrock and is located beside the Valley Temple leading to King Khafre’s mortuary temple and pyramid. The sphinx was built in a clear demonstration of power, with its face bearing a striking resemblance to the king’s, adorned with a royal headdress on the body of a lion.",https://upload.wikimedia.org/wikipedia/commons/thumb/4/42/Sphinx_with_the_third_pyramid.jpg/1280px-Sphinx_with_the_third_pyramid.jpg
EAS_002,Luxor Temple,"an ancient Egyptian temple, a significant archaeological site, and UNESCO World Heritage Site of Ancient Thebes",Luxor,25.69956079,32.63902596,"Luxor Temple, Ipet-resyt “Southern Sanctuary” to the ancient Egyptians, was so called because of its location within ancient Thebes (modern Luxor). It is located around three kilometers to the south of Karnak Temple, to which it was once linked with a processional way bordered with sphinxes. The oldest evidence for this temple dates to the Eighteenth Dynasty (c.1550–1295 BC).

 Ipet-resyt, unlike most other ancient Egyptian temples, is not laid out on an east-west axis, but is oriented towards Karnak. This is because Luxor Temple was the main venue for one the most important of ancient Egyptian religious celebrations, when the cult images of Amun, his wife Mut, and their son, the lunar god Khonsu, were taken from their temples in Karnak, and transported in a grand procession to Luxor Temple so they could visit the god that resides there, Amenemopet. This was the Opet Festival.

Luxor Temple was not built by one single ruler. The oldest existing structure, a shrine, dates to the reign of Hatshepsut (c.1473–1458 BC). The core of the temple was built by Amenhotep III (c.1390–1352 BC). One of the inner rooms contains a series of scenes that are known as the Divine Birth. They tell the amazing story of how the king’s true father was none other than the god Amun-Ra himself, disguised as Thutmose IV (c.1400–1390 BC). The core of the temple is preceded by a columned hall fronted by a courtyard with columns around its perimeter. Amenhotep III also built the Great Colonnade, which consists of two rows of seven colossal columns. Its decoration, most notably the scenes depicting the Opet Festival, were completed by Tutankhamun (c.1336–1327 BC) and Horemheb (c.1323–1295 BC).

Ramesses II (c.1279–1213 BC) made many additions to Luxor Temple. In front of the Great Colonnade, he built a peristyle courtyard and a massive pylon, a gate with two towers that formed the entrance into temples. In addition to many colossal statues, the pylon was also fronted by a pair of 25-meter-high obelisks made by this great king, but only one remains in place; the other has been at the Place de la Concorde in Paris since 1836.

 In the late third century AD, the Romans built a fort around the temple, and the first room beyond the hypostyle hall of Amenhotep III became its sanctuary. The original wall reliefs were covered with plaster, and painted in the Graeco-Roman artistic style, depicting Emperor Diocletian (284–305 AD) and his three coregents. Although these  had largely disappeared, efforts are under way to restore these reliefs to their former glory.",120,All Days,from 06:00 am Last Entry 07:00 pm,Closed,from 06:00 am Last Entry 07:00 pm,Closed,from 06:00 am Last Entry 07:00 pm,Closed,There are no other days,0,0,500,250,40,20,40,20,0,0,0,0,"Free entry for children below 6 years.
  Free entry for Egyptians with special needs.
  Free entry for Egyptians above 60 years.
  Photography with mobile phone is free of charge",There is currently no inclusive ticket access,0,0,0,0,There is no event currently,0,0,0,0,Luxor,"Name: Luxor Temple; Category: an ancient Egyptian temple, a significant archaeological site, and UNESCO World Heritage Site of Ancient Thebes; City: Luxor; Description: Luxor Temple, Ipet-resyt “Southern Sanctuary” to the ancient Egyptians, was so called because of its location within ancient Thebes (modern Luxor). It is located around three kilometers to the south of Karnak Temple, to which it was once linked with a processional way bordered with sphinxes. The oldest evidence for this temple dates to the Eighteenth Dynasty (c.1550–1295 BC).

 Ipet-resyt, unlike most other ancient Egyptian temples, is not laid out on an east-west axis, but is oriented towards Karnak. This is because Luxor Temple was the main venue for one the most important of ancient Egyptian religious celebrations, when the cult images of Amun, his wife Mut, and their son, the lunar god Khonsu, were taken from their temples in Karnak, and transported in a grand procession to Luxor Temple so they could visit the god that resides there, Amenemopet. This was the Opet Festival.

Luxor Temple was not built by one single ruler. The oldest existing structure, a shrine, dates to the reign of Hatshepsut (c.1473–1458 BC). The core of the temple was built by Amenhotep III (c.1390–1352 BC). One of the inner rooms contains a series of scenes that are known as the Divine Birth. They tell the amazing story of how the king’s true father was none other than the god Amun-Ra himself, disguised as Thutmose IV (c.1400–1390 BC). The core of the temple is preceded by a columned hall fronted by a courtyard with columns around its perimeter. Amenhotep III also built the Great Colonnade, which consists of two rows of seven colossal columns. Its decoration, most notably the scenes depicting the Opet Festival, were completed by Tutankhamun (c.1336–1327 BC) and Horemheb (c.1323–1295 BC).

Ramesses II (c.1279–1213 BC) made many additions to Luxor Temple. In front of the Great Colonnade, he built a peristyle courtyard and a massive pylon, a gate with two towers that formed the entrance into temples. In addition to many colossal statues, the pylon was also fronted by a pair of 25-meter-high obelisks made by this great king, but only one remains in place; the other has been at the Place de la Concorde in Paris since 1836.

 In the late third century AD, the Romans built a fort around the temple, and the first room beyond the hypostyle hall of Amenhotep III became its sanctuary. The original wall reliefs were covered with plaster, and painted in the Graeco-Roman artistic style, depicting Emperor Diocletian (284–305 AD) and his three coregents. Although these  had largely disappeared, efforts are under way to restore these reliefs to their former glory.",https://upload.wikimedia.org/wikipedia/commons/thumb/b/b5/Templo_de_Luxor%2C_Luxor%2C_Egipto%2C_2022-04-01%2C_DD_01.jpg/1280px-Templo_de_Luxor%2C_Luxor%2C_Egipto%2C_2022-04-01%2C_DD_01.jpg
EAS_003,Karnak Temple,Ancient Site and a vast ancient Egyptian cult temple complex,Luxor,25.71937359,32.65621224,"Aptly called Ipet?Sut ‘The Most Select of Places’ by the ancient Egyptians, Karnak was one of the most important sites of all. Located on the east bank of Thebes (modern Luxor), Upper Egypt, it is the site of many temples and chapels, and it was in the Great Temple of Amun that the cult of the god Amun of Thebes was conducted. As such, it was extremely wealthy and its priesthood held great political power.

The line of kings who reunified Egypt after the First Intermediate Period hailed from Thebes. It thus became one of the most important cities, a position that it would continue to hold throughout the majority of ancient Egyptian history. The importance of Amun rose in tandem with the city’s rise to prominence. From the earliest evidence for it from the reign of Intef II (c. 2112–2063 BC) to the Ptolemaic Period (305 BC–30 BC), his temple was accordingly lavished with royal attention in the form construction projects, ritual equipment and other necessities, with some additions in the Roman Period (30 BC–AD 306). Nearly every king who reigned during the New Kingdom (c. 1550–1069 BC), Egypt’s age of empire, left his mark here.

Karnak was in reality a complex of temples, consisting of several zones: In addition to the largest, the Amun Precinct, there are the Precinct of Mut, his wife, to the south; the Precinct of Montu to the north; and, to the east, Akhenaten’s temple to Aten.

Like most ancient Egyptian temples, the Great Temple of Amun is built on an east–west axis. Ancient Egyptian temples were models of the cosmos, and this layout meant that they mirrored the sun god’s trajectory through the sky. Exceptionally, however, it also possesses a north–south axis, which orients it towards another temple, the abode of Amenemopet known today as Luxor Temple. This was a different version of Amun specific to south Luxor. Karnak and Luxor Temple were linked by a processional way lined with sphinxes. This was used in one of the most important celebrations of the ancient Egyptian calendar, the Opet Festival.

In addition to the ancient Egyptians’ mastery of stone, which is evident everywhere in the scale of the monuments, the reliefs covering their walls, and the statues populating them, several highlights are worth mentioning. The temple of Amun’s world?famous Great Hypostyle Hall is a forest of 134 columns. These massive columns have a height of 15 metres, aside from the larger, central, twelve, which stand 21 metres tall. The hall may have been begun by Amenhotep III (c. 1390–1352 BC; 18th Dynasty), but the bulk of the construction, and all of the decoration, are from the reigns of 19th Dynasty kings Sety I (c. 1294–1279 BC) and his son Rameses II (c. 1279–1213 BC). Two magnificent obelisks stand nearby, the larger of the two, erected by Hatshepsut (c. 1473–1458 BC), standing at a colossal height of almost 30 metres and weighing over 300 tons. At the eastern end of Karnak is the Akh-menu, a temple by Thutmose III (c. 1479–1425 BC) dedicated to the cults of various deities, his royal predecessors, as well as his own cult.

          The enclosure walls of the Amun Precinct also include a full temple to Khonsu in the southwestern corner, next to which is the temple of Opet, a hippopotamus goddess of childbirth, mostly built in the Ptolemaic Period. The beautiful sacred lake, where priests purified themselves before carrying out temple rituals, can still be appreciated today. Many more, smaller, temples and chapels dot the landscape of Karnak, making it a veritable open?air museum.",180,All Days,from 06:00 am Last Entry 04:00 pm,Closed,from 06:00 am Last Entry 04:00 pm,Closed,from 06:00 am Last Entry 04:00 pm,Closed,There are no other days,0,0,600,300,40,20,40,20,0,0,0,0,"Free entry for children below 6 years.
  Free entry for Egyptians with special needs.
  Free entry for Egyptians above 60 years.
  Photography with mobile phone is free of charge",There is currently no inclusive ticket access,0,0,0,0,There is no event currently,0,0,0,0,Luxor,"Name: Karnak Temple; Category: Ancient Site and a vast ancient Egyptian cult temple complex; City: Luxor; Description: Aptly called Ipet?Sut ‘The Most Select of Places’ by the ancient Egyptians, Karnak was one of the most important sites of all. Located on the east bank of Thebes (modern Luxor), Upper Egypt, it is the site of many temples and chapels, and it was in the Great Temple of Amun that the cult of the god Amun of Thebes was conducted. As such, it was extremely wealthy and its priesthood held great political power.

The line of kings who reunified Egypt after the First Intermediate Period hailed from Thebes. It thus became one of the most important cities, a position that it would continue to hold throughout the majority of ancient Egyptian history. The importance of Amun rose in tandem with the city’s rise to prominence. From the earliest evidence for it from the reign of Intef II (c. 2112–2063 BC) to the Ptolemaic Period (305 BC–30 BC), his temple was accordingly lavished with royal attention in the form construction projects, ritual equipment and other necessities, with some additions in the Roman Period (30 BC–AD 306). Nearly every king who reigned during the New Kingdom (c. 1550–1069 BC), Egypt’s age of empire, left his mark here.

Karnak was in reality a complex of temples, consisting of several zones: In addition to the largest, the Amun Precinct, there are the Precinct of Mut, his wife, to the south; the Precinct of Montu to the north; and, to the east, Akhenaten’s temple to Aten.

Like most ancient Egyptian temples, the Great Temple of Amun is built on an east–west axis. Ancient Egyptian temples were models of the cosmos, and this layout meant that they mirrored the sun god’s trajectory through the sky. Exceptionally, however, it also possesses a north–south axis, which orients it towards another temple, the abode of Amenemopet known today as Luxor Temple. This was a different version of Amun specific to south Luxor. Karnak and Luxor Temple were linked by a processional way lined with sphinxes. This was used in one of the most important celebrations of the ancient Egyptian calendar, the Opet Festival.

In addition to the ancient Egyptians’ mastery of stone, which is evident everywhere in the scale of the monuments, the reliefs covering their walls, and the statues populating them, several highlights are worth mentioning. The temple of Amun’s world?famous Great Hypostyle Hall is a forest of 134 columns. These massive columns have a height of 15 metres, aside from the larger, central, twelve, which stand 21 metres tall. The hall may have been begun by Amenhotep III (c. 1390–1352 BC; 18th Dynasty), but the bulk of the construction, and all of the decoration, are from the reigns of 19th Dynasty kings Sety I (c. 1294–1279 BC) and his son Rameses II (c. 1279–1213 BC). Two magnificent obelisks stand nearby, the larger of the two, erected by Hatshepsut (c. 1473–1458 BC), standing at a colossal height of almost 30 metres and weighing over 300 tons. At the eastern end of Karnak is the Akh-menu, a temple by Thutmose III (c. 1479–1425 BC) dedicated to the cults of various deities, his royal predecessors, as well as his own cult.

          The enclosure walls of the Amun Precinct also include a full temple to Khonsu in the southwestern corner, next to which is the temple of Opet, a hippopotamus goddess of childbirth, mostly built in the Ptolemaic Period. The beautiful sacred lake, where priests purified themselves before carrying out temple rituals, can still be appreciated today. Many more, smaller, temples and chapels dot the landscape of Karnak, making it a veritable open?air museum.",https://upload.wikimedia.org/wikipedia/commons/thumb/b/b5/Templo_de_Luxor%2C_Luxor%2C_Egipto%2C_2022-04-01%2C_DD_01.jpg/1280px-Templo_de_Luxor%2C_Luxor%2C_Egipto%2C_2022-04-01%2C_DD_01.jpg
EAS_004,Hatshepsut Temple,Ancient Site and mortuary temple,"Luxor, Deir al-Bahari",25.73829566,32.60652253,"Hatshepsut (c.1473–1458 BC), the queen who became pharaoh, built a magnificent temple at Deir al-Bahari, on the west back of Luxor. It lies directly across the Nile from Karnak Temple, the main sanctuary of the god Amun. Hatshepsut’s temple, Djeser-djeseru “the Holy of Holies” was designed by the chief steward of Amun, Senenmut.

The temple consists of three levels each of which has a colonnade at its far end. On the uppermost level, an open courtyard lies just beyond the portico. Mummiform statues of Hatshepsut as Osiris, the god of the dead, lean against its pillars.

This is because Djeser-djeseru is Hatshepsut’s mortuary temple, where her cult was practiced after her death, when she attained the blessed state of Osiris. Far from being devoted solely to her, the temple also includes sections for the cults of her revered father Thutmose I, the goddess Hathor, and the funerary god Anubis. An altar, open to the sky and the sun, was dedicated to the cult of the solar Ra-Horakhty. Pride of place was given to Amun. At the far end of the upper courtyard, on the temple’s central axis, a passage cut directly into the living rock culminates in his sanctuary.

The temple’s walls are covered with beautiful painted reliefs depicting temple rituals, religious festivals, and even the transportation of obelisks from the quarry to their destination in Karnak Temple. Perhaps most interesting are the reliefs in the portico on the so-called Middle Platform. The decorative programme on the left side depicts Hatshepsut’s expedition to Punt, believed to be located near modern Eritrea. The inhabitants of this land, their dwellings, and surrounding environment are vividly recorded, as are the riches and exotic animals that the Egyptians brought back with them. On the other side of the portico, Hatshepsut relates how she is the rightful king of Egypt. She does this not only by claiming that her father Thutmose I had designated her as his heir, but by stating that her true father was none other than the god Amun himself.",90,All Days,from 06:00 am Last Entry 05:00 pm,Closed,from 06:00 am Last Entry 04:00 pm,Closed,from 06:00 am Last Entry 04:00 pm,Closed,There are no other days,0,0,440,220,40,20,40,20,0,0,0,0,"Free entry for children below 6 years.
  Free entry for Egyptians with special needs.
  Free entry for Egyptians above 60 years.
  Photography with mobile phone is free of charge",There is currently no inclusive ticket access,0,0,0,0,There is no event currently,0,0,0,0,Luxor,"Name: Hatshepsut Temple; Category: Ancient Site and mortuary temple; City: Luxor; Description: Hatshepsut (c.1473–1458 BC), the queen who became pharaoh, built a magnificent temple at Deir al-Bahari, on the west back of Luxor. It lies directly across the Nile from Karnak Temple, the main sanctuary of the god Amun. Hatshepsut’s temple, Djeser-djeseru “the Holy of Holies” was designed by the chief steward of Amun, Senenmut.

The temple consists of three levels each of which has a colonnade at its far end. On the uppermost level, an open courtyard lies just beyond the portico. Mummiform statues of Hatshepsut as Osiris, the god of the dead, lean against its pillars.

This is because Djeser-djeseru is Hatshepsut’s mortuary temple, where her cult was practiced after her death, when she attained the blessed state of Osiris. Far from being devoted solely to her, the temple also includes sections for the cults of her revered father Thutmose I, the goddess Hathor, and the funerary god Anubis. An altar, open to the sky and the sun, was dedicated to the cult of the solar Ra-Horakhty. Pride of place was given to Amun. At the far end of the upper courtyard, on the temple’s central axis, a passage cut directly into the living rock culminates in his sanctuary.

The temple’s walls are covered with beautiful painted reliefs depicting temple rituals, religious festivals, and even the transportation of obelisks from the quarry to their destination in Karnak Temple. Perhaps most interesting are the reliefs in the portico on the so-called Middle Platform. The decorative programme on the left side depicts Hatshepsut’s expedition to Punt, believed to be located near modern Eritrea. The inhabitants of this land, their dwellings, and surrounding environment are vividly recorded, as are the riches and exotic animals that the Egyptians brought back with them. On the other side of the portico, Hatshepsut relates how she is the rightful king of Egypt. She does this not only by claiming that her father Thutmose I had designated her as his heir, but by stating that her true father was none other than the god Amun himself.",https://upload.wikimedia.org/wikipedia/commons/thumb/6/60/Temple_de_Louxor_68.jpg/1280px-Temple_de_Louxor_68.jpg
EAS_005,Abu Simbel Temple,"Ancient Site, Temple, UNESCO World Heritage archaeological site, and Nubian Monuments",Aswan,22.33718956,31.62582196,"The Great Temple of Abu Simbel, in Nubia near Egypt’s southern border, is among the most awe-inspiring monuments of Egypt. It was cut into the living rock by King Ramesses II (the Great) of the Nineteenth Dynasty, around 1264 BC. The temple is most well known for the four imposing seated colossal statues that dominate its façade. One of these collapsed because of an ancient earthquake, and its fragments can still be seen on the ground.

Colossal standing statues of the king line the main hall, leading to the sanctuary where four deities are sat: Amun Ra, Ra Horakhty, Ptah, and a deified version of Ramesses II. The temple was built with such precision that on two days a year, the 22nd of February and 22nd of October, the sun’s rays enter the temple, cross the main hall, and illuminate the innermost statues.  

Another rock-cut temple to the north, known as the Small Temple, is dedicated to the goddess Hathor and Ramesses II’s Great Royal Wife, Queen Nefertari. On the façade of the Small Temple, her colossi are the same size as those of her husband, a very rare example of such display.

The two temples were moved from their original location in 1968 after the Aswan High Dam was built, as it threatened to submerge them. The relocation was completed thanks to an international effort led by UNESCO, and the temple was admitted into its list of World Heritage Sites in 1979.",180,All Days,from 06:00 am Last Entry 04:00 pm,Closed,from 06:00 am Last Entry 04:00 pm,Closed,from 07:00 am Last Entry 03:00 pm,Closed,There are no other days,0,0,822,445.5,30.5,10.5,30.5,10.5,25,100,75,50,"Free entry for children below 6 years.
  Free entry for Egyptians with special needs.
  Free entry for Egyptians above 60 years.
  Photography with mobile phone is free of charge",There is currently no inclusive ticket access,0,0,0,0,Sun Alignment,1272,670.5,60,20,Aswan,"Name: Abu Simbel Temple; Category: Ancient Site, Temple, UNESCO World Heritage archaeological site, and Nubian Monuments; City: Aswan; Description: The Great Temple of Abu Simbel, in Nubia near Egypt’s southern border, is among the most awe-inspiring monuments of Egypt. It was cut into the living rock by King Ramesses II (the Great) of the Nineteenth Dynasty, around 1264 BC. The temple is most well known for the four imposing seated colossal statues that dominate its façade. One of these collapsed because of an ancient earthquake, and its fragments can still be seen on the ground.

Colossal standing statues of the king line the main hall, leading to the sanctuary where four deities are sat: Amun Ra, Ra Horakhty, Ptah, and a deified version of Ramesses II. The temple was built with such precision that on two days a year, the 22nd of February and 22nd of October, the sun’s rays enter the temple, cross the main hall, and illuminate the innermost statues.  

Another rock-cut temple to the north, known as the Small Temple, is dedicated to the goddess Hathor and Ramesses II’s Great Royal Wife, Queen Nefertari. On the façade of the Small Temple, her colossi are the same size as those of her husband, a very rare example of such display.

The two temples were moved from their original location in 1968 after the Aswan High Dam was built, as it threatened to submerge them. The relocation was completed thanks to an international effort led by UNESCO, and the temple was admitted into its list of World Heritage Sites in 1979.",https://upload.wikimedia.org/wikipedia/commons/thumb/7/74/Templo_funerario_de_Hatshepsut%2C_Luxor%2C_Egipto%2C_2022-04-03%2C_DD_13.jpg/1280px-Templo_funerario_de_Hatshepsut%2C_Luxor%2C_Egipto%2C_2022-04-03%2C_DD_13.jpg
EAS_006,Dendera Temple,Ancient Site and Greco-Roman temple,Qena,26.14226504,32.67042747,"Hathor was among the most important and popular deities in ancient Egypt. She was associated with music, joy, dance and motherhood; she was also known as the lady of the sky. Her main cult center was at Dendera where one of the best-preserved temples in Egypt stands today. The entrance of the temple, with six massive columns surmounted with the head of Hathor, is considered among the most beautiful monuments in Egypt. Sistrums (a musical instrument) closely associated with the goddess, frame her head.

The temple of Dendera dates back to the Ptolemaic Period, although evidence points to older structures once existing on the site, dating as far back as king Pepy I, from the Old Kingdom. Among the temple’s most notable features are astronomical engravings on its ceiling.",180,All Days,from 07:00 am Last Entry 04:00 pm,Closed,from 07:00 am Last Entry 04:00 pm,Closed,from 08:00 am Last Entry 03:00 pm,Closed,There are no other days,0,0,300,150,20,10,20,10,25,100,75,50,"Free entry for children below 6 years.
  Free entry for Egyptians with special needs.
  Free entry for Egyptians above 60 years.
  Photography with mobile phone is free of charge",There is currently no inclusive ticket access,0,0,0,0,There is no event currently,0,0,0,0,Qena,"Name: Dendera Temple; Category: Ancient Site and Greco-Roman temple ; City: Qena; Description: Hathor was among the most important and popular deities in ancient Egypt. She was associated with music, joy, dance and motherhood; she was also known as the lady of the sky. Her main cult center was at Dendera where one of the best-preserved temples in Egypt stands today. The entrance of the temple, with six massive columns surmounted with the head of Hathor, is considered among the most beautiful monuments in Egypt. Sistrums (a musical instrument) closely associated with the goddess, frame her head.

The temple of Dendera dates back to the Ptolemaic Period, although evidence points to older structures once existing on the site, dating as far back as king Pepy I, from the Old Kingdom. Among the temple’s most notable features are astronomical engravings on its ceiling.",https://upload.wikimedia.org/wikipedia/commons/thumb/b/b5/Ramsis%2C_Aswan_Governorate%2C_Egypt_-_panoramio.jpg/1280px-Ramsis%2C_Aswan_Governorate%2C_Egypt_-_panoramio.jpg
EAS_007,Deir El Medina,"Ancient Site, ancient Egyptian workmen's village, and an archaeological site",Luxor,25.72798491,32.60151161,"Deir El Medina is an ancient Egyptian workmen's village which was home to the artisans who worked on the tombs in the Valley of the Kings during the 18th to 20th Dynasties of the New Kingdom of Egypt (ca. 1550–1080 BC).[1] The settlement's ancient name was Set maat (""Place of Truth""), and the workmen who lived there were called ""Servants in the Place of Truth"".[2] During the Christian era, the temple of Hathor was converted into a Monastery of Saint Isidorus the Martyr (Coptic: ?????? ???????? ??? ???????? ?????????)[3] from which the Egyptian Arabic name Deir el-Medina (""Monastery of the City"") is derived.[4]",120,All Days,from 06:00 am Last Entry 05:00 pm,Closed,from 06:00 am Last Entry 05:00 pm,Closed,from 09:00 am Last Entry 03:00 pm,Closed,There are no other days,0,0,220,110,10,5,10,5,25,100,75,50,"Free entry for children below 6 years.
  Free entry for Egyptians with special needs.
  Free entry for Egyptians above 60 years.
  Photography with mobile phone is free of charge",There is currently no inclusive ticket access,0,0,0,0,There is no event currently,0,0,0,0,Luxor,"Name: Deir El Medina; Category: Ancient Site, ancient Egyptian workmen's village, and an archaeological site; City: Luxor; Description: Deir El Medina is an ancient Egyptian workmen's village which was home to the artisans who worked on the tombs in the Valley of the Kings during the 18th to 20th Dynasties of the New Kingdom of Egypt (ca. 1550–1080 BC).[1] The settlement's ancient name was Set maat (""Place of Truth""), and the workmen who lived there were called ""Servants in the Place of Truth"".[2] During the Christian era, the temple of Hathor was converted into a Monastery of Saint Isidorus the Martyr (Coptic: ?????? ???????? ??? ???????? ?????????)[3] from which the Egyptian Arabic name Deir el-Medina (""Monastery of the City"") is derived.[4]",https://upload.wikimedia.org/wikipedia/commons/thumb/3/3c/Dendera_7_977.PNG/1280px-Dendera_7_977.PNG
EAS_008,Pashedu Tomb,"Ancient Site, Tomb, and Ancient Egyptian priests",Luxor,25.7284871,32.60039471,"Pashedu was an ancient Egyptian artisan. Pashedu lived in Deir el-Medina on the west bank of the Nile, opposite Thebes, during the reign of Seti I and possibly Ramesses II.[1] Pashedu was a son of Menna and Huy. His wife was named Nedjmet-behdet. Pashedu was the owner of tomb TT3 and likely TT326.[2][3] His titles included Servant in the Place of Truth, meaning that he worked on the excavation and decoration of the nearby royal tombs. Pashedu seems to have succeeded Baki as foreman for the left side during the reign of Ramesses II.[3]


An opposite view of Pashedu's TT3 tomb.

Painting of Pashedu kneeling down to drink from a canal next to a palm tree in his TT3 Tomb.
A son named Menna is mentioned in TT3. He was named after his paternal grandfather. Another son named Qaha is mentioned in the tomb as well. It is possible a third man named Nebenmaat (attested in TT219) is a son of Pashedu as well.[3]

Pashedu's tomb is one of the most beautifully preserved tombs with well preserved reliefs and painted scenes during the New Kingdom.",90,All Days,from 06:00 am Last Entry 05:00 pm,Closed,from 06:00 am Last Entry 05:00 pm,Closed,from 09:00 am Last Entry 03:00 pm,Closed,There are no other days,0,0,120,60,10,5,10,5,25,100,75,50,"Free entry for children below 6 years.
  Free entry for Egyptians with special needs.
  Free entry for Egyptians above 60 years.
  Photography with mobile phone is free of charge",There is currently no inclusive ticket access,0,0,0,0,There is no event currently,0,0,0,0,Luxor,"Name: Pashedu Tomb; Category: Ancient Site, Tomb, and Ancient Egyptian priests; City: Luxor; Description: Pashedu was an ancient Egyptian artisan. Pashedu lived in Deir el-Medina on the west bank of the Nile, opposite Thebes, during the reign of Seti I and possibly Ramesses II.[1] Pashedu was a son of Menna and Huy. His wife was named Nedjmet-behdet. Pashedu was the owner of tomb TT3 and likely TT326.[2][3] His titles included Servant in the Place of Truth, meaning that he worked on the excavation and decoration of the nearby royal tombs. Pashedu seems to have succeeded Baki as foreman for the left side during the reign of Ramesses II.[3]


An opposite view of Pashedu's TT3 tomb.

Painting of Pashedu kneeling down to drink from a canal next to a palm tree in his TT3 Tomb.
A son named Menna is mentioned in TT3. He was named after his paternal grandfather. Another son named Qaha is mentioned in the tomb as well. It is possible a third man named Nebenmaat (attested in TT219) is a son of Pashedu as well.[3]

Pashedu's tomb is one of the most beautifully preserved tombs with well preserved reliefs and painted scenes during the New Kingdom.",https://upload.wikimedia.org/wikipedia/commons/thumb/6/6b/Deir_el-Medina%2C_Luxor%2C_Egipto%2C_2022-04-03%2C_DD_18.jpg/1280px-Deir_el-Medina%2C_Luxor%2C_Egipto%2C_2022-04-03%2C_DD_18.jpg
EAS_009,Valley Of Kings,"Ancient Site, Tomb, UNESCO World Heritage site, archaeological site, a historical necropolis, and a royal burial ground",Luxor,25.74017307,32.60138311,"The rulers of the Eighteenth, Nineteenth, and Twentieth Dynasties of Egypt’s prosperous New Kingdom (c.1550–1069 BC) were buried in a desolate dry river valley across the river from the ancient city of Thebes (modern Luxor), hence its modern name of the Valley of the Kings. This moniker is not entirely accurate, however, since some members of the royal family aside from the king were buried here as well, as were a few non-royal, albeit very high-ranking, individuals. The Valley of the Kings is divided into the East and West Valleys. The eastern is by far the more iconic of the two, as the western valley contains only a handful of tombs. In all, the Valley of the Kings includes over sixty tombs and an additional twenty unfinished ones that are little more than pits.

The site for this royal burial ground was selected carefully. Its location on specifically the west side of the Nile is significant as well. Because the sun god set (died) in the western horizon in order to be reborn, rejuvenated, in the eastern horizon, the west thus came to have funerary associations. Ancient Egyptian cemeteries were generally situated on the west bank of the Nile for this reason.

The powerful kings of the New Kingdom were laid to rest under the shadow of a pyramid-shaped peak rising out of the cliffs surrounding the valley. The selection of even the specific valley in which the royal tombs were excavated was not left to chance. The pyramid was a symbol of rebirth and thus eternal life, and the presence of a natural pyramid was seen as a sign of the divine. This entire area, and the peak itself, was sacred to a funerary aspect of the goddess Hathor: the “Mistress of the West”.

The isolated nature of this valley was yet another reason for its selection as the final resting place of the pharaoh. Tomb robberies occurred even in ancient times. The Egyptians were aware of this, having seen the a fate of the Old and Middle Kingdom pyramids, so they opted for hidden, underground tombs in a secluded desert valley. The first New Kingdom ruler that is confirmed to have been buried in the Valley of the Kings was Thutmose I (c.1504–1492 BC), the third king of the Eighteenth Dynasty. According to Ineni, the high official who was in charge of the digging of his tomb: “I oversaw the excavation of the cliff-tomb of his Person [the king] in privacy; none seeing, none hearing.”",270,All Days,from 06:00 am Last Entry 05:00 pm,Closed,from 06:00 am Last Entry 04:00 pm,Closed,from 06:00 am Last Entry 04:00 pm,Closed,There are no other days,0,0,750,375,60,30,60,30,0,0,0,0,"Free entry for children below 6 years.
  Free entry for Egyptians with special needs.
  Free entry for Egyptians above 60 years.
  Photography with mobile phone is free of charge",There is currently no inclusive ticket access,0,0,0,0,There is no event currently,0,0,0,0,Luxor,"Name: Valley Of Kings; Category: Ancient Site, Tomb, UNESCO World Heritage site, archaeological site, a historical necropolis, and a royal burial ground; City: Luxor; Description: The rulers of the Eighteenth, Nineteenth, and Twentieth Dynasties of Egypt’s prosperous New Kingdom (c.1550–1069 BC) were buried in a desolate dry river valley across the river from the ancient city of Thebes (modern Luxor), hence its modern name of the Valley of the Kings. This moniker is not entirely accurate, however, since some members of the royal family aside from the king were buried here as well, as were a few non-royal, albeit very high-ranking, individuals. The Valley of the Kings is divided into the East and West Valleys. The eastern is by far the more iconic of the two, as the western valley contains only a handful of tombs. In all, the Valley of the Kings includes over sixty tombs and an additional twenty unfinished ones that are little more than pits.

The site for this royal burial ground was selected carefully. Its location on specifically the west side of the Nile is significant as well. Because the sun god set (died) in the western horizon in order to be reborn, rejuvenated, in the eastern horizon, the west thus came to have funerary associations. Ancient Egyptian cemeteries were generally situated on the west bank of the Nile for this reason.

The powerful kings of the New Kingdom were laid to rest under the shadow of a pyramid-shaped peak rising out of the cliffs surrounding the valley. The selection of even the specific valley in which the royal tombs were excavated was not left to chance. The pyramid was a symbol of rebirth and thus eternal life, and the presence of a natural pyramid was seen as a sign of the divine. This entire area, and the peak itself, was sacred to a funerary aspect of the goddess Hathor: the “Mistress of the West”.

The isolated nature of this valley was yet another reason for its selection as the final resting place of the pharaoh. Tomb robberies occurred even in ancient times. The Egyptians were aware of this, having seen the a fate of the Old and Middle Kingdom pyramids, so they opted for hidden, underground tombs in a secluded desert valley. The first New Kingdom ruler that is confirmed to have been buried in the Valley of the Kings was Thutmose I (c.1504–1492 BC), the third king of the Eighteenth Dynasty. According to Ineni, the high official who was in charge of the digging of his tomb: “I oversaw the excavation of the cliff-tomb of his Person [the king] in privacy; none seeing, none hearing.”",https://upload.wikimedia.org/wikipedia/commons/thumb/3/3c/Tomb_TT3_of_Pashedu_%28Kairoinfo4u%29.jpg/1280px-Tomb_TT3_of_Pashedu_%28Kairoinfo4u%29.jpg
EAS_010,Temple of Khnum/Esna Temple,"Ancient Site, Temple, ancient Egyptian religious architecture, and Ptolemaic-Roman",Luxor,25.2936127,32.55609516,This Graeco-Roman temple was built by the 18th-Dynasty pharaoh Tuthmosis III in honor of the ram-headed god Khnum.,120,Saturday - Monday - Wednesday - Thursday,from 07:00 am Last Entry 04:00 pm,Closed,from 07:00 am Last Entry 04:00 pm,Closed,from 07:00 am Last Entry 04:00 pm,Closed,Sunday - Tuesday - Friday,from 07:00 am to 06:00 pm,0,200,100,20,10,20,10,0,0,0,0,"Free entry for children below 6 years.
  Free entry for Egyptians with special needs.
  Free entry for Egyptians above 60 years.
  Photography with mobile phone is free of charge",There is currently no inclusive ticket access,0,0,0,0,There is no event currently,0,0,0,0,Luxor,"Name: Temple of Khnum/Esna Temple; Category: Ancient Site, Temple, ancient Egyptian religious architecture, and Ptolemaic-Roman; City: Luxor; Description: This Graeco-Roman temple was built by the 18th-Dynasty pharaoh Tuthmosis III in honor of the ram-headed god Khnum.",https://upload.wikimedia.org/wikipedia/commons/0/0c/Luxor%2C_Tal_der_K%C3%B6nige_%281995%2C_860x605%29.jpg
EAS_011,The Temple of Medinet Habu,mortuary temple and Ancient site,Luxor,25.7195791,32.60084738,"Ramses III built his mortuary temple, also known as the Temple of Medinet Habu, which is considered an architectural masterpiece due to its beauty and good state of preservation. It was dedicated to performing his funeral rituals, as well as to performing the rituals of worshiping the god Amun. This temple was built according to the usual traditions of temple construction in this era and is largely inspired by the Ramesseum.

King Ramses III (c.1184-1153 BC) is the most famous king of the Twentieth Dynasty, who fought many wars against the Libyans and the Sea Peoples, which led to years of prosperity in Egypt, but in the end, he fell victim to a conspiracy by the royal harem in the late days of his reign.

The temple is surrounded by a huge wall built of mud bricks with two guard rooms, and in the middle of the wall is a great gate surrounded by two towers with terraces and is known as the Gate of Ramses III or the High Gate, It is on the eastern side and there was a similar one on the western side but it was demolished. The eastern gate leads to the first pylon, then the first courtyard, then the second pylon and the second courtyard, then three halls of columns and a group of chapels, then the Holy of Holies and behind it a group of rooms. The temple also includes the remains of a royal palace, storehouses, temple administration buildings, and royal stables. It also contains many columns, some of which are round with papyrus-shaped capitals, and others represent Ramses III in the form of Osirians.

There is also in the area surrounding the temple a temple built by Queen Hatshepsut and King Thutmose III on the site of a temple built in the Twelfth Dynasty, which was built on the tombs of the ancestors of the god Amun, as well as the tombs of the divine wives of the god Amun-Ra, which date back to the Twenty-fifth and Twenty-sixth Dynasties.

There was a canal connected to the Nile, preceded by a dock. This canal allowed access to the temple by boats. The temple is surrounded by a huge wall built of mud bricks with two guard rooms. The area surrounding the temple was used by the inhabitants to protect themselves from attacks by Libyans from the west and to protect the temple. This is due to the political situation during the reign of Ramses III.

The decorations of the temple show Ramses III in military scenes such as the Libyan campaigns and battles against the Sea Peoples, as well as scenes of hunting and exploratory trips, in addition to religious scenes such as the king worshipping the deities, as well as various celebrations.",120,All Days,from 06:00 am Last Entry 05:00 pm,Closed,from 06:00 am Last Entry 04:00 pm,Closed,from 06:00 am Last Entry 04:00 pm,Closed,There are no other days,0,0,220,110,20,10,20,10,25,100,75,50,"Free entry for children below 6 years.
  Free entry for Egyptians with special needs.
  Free entry for Egyptians above 60 years.
  Photography with mobile phone is free of charge",There is currently no inclusive ticket access,0,0,0,0,There is no event currently,0,0,0,0,Luxor,"Name: The Temple of Medinet Habu; Category: mortuary temple and Ancient site; City: Luxor; Description: Ramses III built his mortuary temple, also known as the Temple of Medinet Habu, which is considered an architectural masterpiece due to its beauty and good state of preservation. It was dedicated to performing his funeral rituals, as well as to performing the rituals of worshiping the god Amun. This temple was built according to the usual traditions of temple construction in this era and is largely inspired by the Ramesseum.

King Ramses III (c.1184-1153 BC) is the most famous king of the Twentieth Dynasty, who fought many wars against the Libyans and the Sea Peoples, which led to years of prosperity in Egypt, but in the end, he fell victim to a conspiracy by the royal harem in the late days of his reign.

The temple is surrounded by a huge wall built of mud bricks with two guard rooms, and in the middle of the wall is a great gate surrounded by two towers with terraces and is known as the Gate of Ramses III or the High Gate, It is on the eastern side and there was a similar one on the western side but it was demolished. The eastern gate leads to the first pylon, then the first courtyard, then the second pylon and the second courtyard, then three halls of columns and a group of chapels, then the Holy of Holies and behind it a group of rooms. The temple also includes the remains of a royal palace, storehouses, temple administration buildings, and royal stables. It also contains many columns, some of which are round with papyrus-shaped capitals, and others represent Ramses III in the form of Osirians.

There is also in the area surrounding the temple a temple built by Queen Hatshepsut and King Thutmose III on the site of a temple built in the Twelfth Dynasty, which was built on the tombs of the ancestors of the god Amun, as well as the tombs of the divine wives of the god Amun-Ra, which date back to the Twenty-fifth and Twenty-sixth Dynasties.

There was a canal connected to the Nile, preceded by a dock. This canal allowed access to the temple by boats. The temple is surrounded by a huge wall built of mud bricks with two guard rooms. The area surrounding the temple was used by the inhabitants to protect themselves from attacks by Libyans from the west and to protect the temple. This is due to the political situation during the reign of Ramses III.

The decorations of the temple show Ramses III in military scenes such as the Libyan campaigns and battles against the Sea Peoples, as well as scenes of hunting and exploratory trips, in addition to religious scenes such as the king worshipping the deities, as well as various celebrations.",https://media.istockphoto.com/id/2201345738/photo/temple-of-hathor-at-dendera-near-qena-egypt.webp?a=1&b=1&s=612x612&w=0&k=20&c=gkSyfUuvHG0Vj92MUSYa7lH5xW1uj3Jr0gOM4qSnz8U=
EAS_012,Philae Temple,Ptolemaic-era Egyptian temple complex and ancient site,Aswan,24.02557837,32.88411673,"The monuments of Philae include many structures dating predominantly to the Ptolemaic Period (332–30 BC). The most prominent of these is a temple begun by Ptolemy II Philadelphus (285–246 BC), which he dedicated to Isis, the mother of Horus, the god of kingship. A scene in the mammisi, or birth room, where the birth of Horus was celebrated, depicts Isis suckling her son Horus in the marshes.

The temple of Isis was one of the last ancient Egyptian temples to remain active, as it continued to function until the reign of the Byzantine Emperor Justinian I (527–565 AD), who ordered the foreclosure of all pagan temples. It is here that a priest of Isis named Esmet-Akhom carved the very last dated hieroglyphic inscription, which dates to the late 4th century AD (394 AD). The temple was converted into a Christian church and many inscriptions were deliberately destroyed.

Nearby, there also is a temple dedicated to Hathor built by Ptolemy VI Philometor (180–145 BC) and Augustus, the first emperor of Rome (30 BC–14 AD). The Kiosk of Trajan (98–117 AD), which used to front the temple complex of Philae, still stands strong, despite its roof having disappeared. Its regular arrangement of columns made it an aesthetic delight and was regularly described or depicted by travelers to the island. Isis is once again central to this cult, as the emperor is shown making offerings to her, her consort Osiris, and their son Horus.

All these monuments were relocated from the original Philae island to the nearby island of Agilkia during the UNESCO Nubia Campaign in the 1960’s to rescue sites flooded by the construction of the Aswan High Dam.",180,All Days,from 07:00 am Last Entry 03:00 pm,Closed,from 07:00 am Last Entry 03:00 pm,Closed,from 07:00 am Last Entry 03:00 pm,Closed,There are no other days,0,0,550,275,40,20,40,20,0,0,0,0,"Free entry for children below 6 years.
  Free entry for Egyptians with special needs.
  Free entry for Egyptians above 60 years.
  Photography with mobile phone is free of charge",There is currently no inclusive ticket access,0,0,0,0,There is no event currently,0,0,0,0,Aswan,"Name: Philae Temple; Category: Ptolemaic-era Egyptian temple complex and ancient site; City: Aswan; Description: The monuments of Philae include many structures dating predominantly to the Ptolemaic Period (332–30 BC). The most prominent of these is a temple begun by Ptolemy II Philadelphus (285–246 BC), which he dedicated to Isis, the mother of Horus, the god of kingship. A scene in the mammisi, or birth room, where the birth of Horus was celebrated, depicts Isis suckling her son Horus in the marshes.

The temple of Isis was one of the last ancient Egyptian temples to remain active, as it continued to function until the reign of the Byzantine Emperor Justinian I (527–565 AD), who ordered the foreclosure of all pagan temples. It is here that a priest of Isis named Esmet-Akhom carved the very last dated hieroglyphic inscription, which dates to the late 4th century AD (394 AD). The temple was converted into a Christian church and many inscriptions were deliberately destroyed.

Nearby, there also is a temple dedicated to Hathor built by Ptolemy VI Philometor (180–145 BC) and Augustus, the first emperor of Rome (30 BC–14 AD). The Kiosk of Trajan (98–117 AD), which used to front the temple complex of Philae, still stands strong, despite its roof having disappeared. Its regular arrangement of columns made it an aesthetic delight and was regularly described or depicted by travelers to the island. Isis is once again central to this cult, as the emperor is shown making offerings to her, her consort Osiris, and their son Horus.

All these monuments were relocated from the original Philae island to the nearby island of Agilkia during the UNESCO Nubia Campaign in the 1960’s to rescue sites flooded by the construction of the Aswan High Dam.",https://upload.wikimedia.org/wikipedia/commons/thumb/4/47/Templo_funerario_de_Rams%C3%A9s_III%2C_Luxor%2C_Egipto%2C_2022-04-03%2C_DD_22.jpg/1280px-Templo_funerario_de_Rams%C3%A9s_III%2C_Luxor%2C_Egipto%2C_2022-04-03%2C_DD_22.jpg
EAS_013,Kom Ombo Temple,ancient Egyptian temple from the Ptolemaic and Roman periods,Aswan,24.45212129,32.92843458,"The site gets its name from Arabic kum ‘mound’, a term found in the names of many archaeological sites, and ‘Ombo’, which ultimately derives from ancient Egyptian Nubt, interpreted as meaning ‘the golden (city).’ The city’s temple is dedicated to two deities: the crocodile god Sobek, and the falcon god Har wer (Horus the Elder). Although an earlier temple once stood here already during the New Kingdom (c. 1550–1069 BC), the present structure was built during the Graeco-Roman Period (332 BC–395 AD), with the earliest attested royal name in it being Ptolemy VI Philometor’s (180–145 BC). Most of the decoration was completed by Ptolemy XII Neos Dionysos (80–51 BC).

The temple has a unique design. Because it is dedicated to two gods, it has two parallel axial passages running through its columned halls, terminating in two sanctuaries, one for each. The southern axis (on the right) is Sobek’s, and the northern (on the left) Harwer’s.

Sobek was a god of fertility associated with water, the inundation, and vegetation, worshipped here alongside his wife the goddess of love and motherhood Hathor and their son the moon god Khonsu. The god of kingship Horus is the son of Osiris and Isis and, as Harwer, he is in adulthood, victorious over Seth, the murderer of his father. He was worshipped here alongside his wife ""Ta senet nefret"" ‘The Perfect Companion’ and their son ""Pa neb tawy"" ‘The Lord of the Two Lands’.

In addition to beautiful column capitals, the temple of Kom Ombo also features fascinating scenes decorating its walls. Calendars list festivals and other cultic activity, along with their dates and accompanying rituals. During the Roman Period, in the 2nd century AD, a scene was carved featuring what are believed to be surgical instruments, demonstrating how sophisticated ancient Egyptian medicine was. In the centre of the very back of the temple, Sobek and Harwer can be been on their respective sides of the temple in a deeply symbolic scene, inspiring awe in ancient pious visitors to this sacred place.",90,All Days,from 07:00 am Last Entry 08:00 pm,Closed,from 07:00 am Last Entry 08:00 pm,Closed,from 07:00 am Last Entry 08:00 pm,Closed,There are no other days,0,0,450,225,40,20,40,20,25,100,75,50,"Free entry for children below 6 years.
  Free entry for Egyptians with special needs.
  Free entry for Egyptians above 60 years.
  Photography with mobile phone is free of charge",There is currently no inclusive ticket access,0,0,0,0,There is no event currently,0,0,0,0,Aswan,"Name: Kom Ombo Temple; Category: ancient Egyptian temple from the Ptolemaic and Roman periods; City: Aswan; Description: The site gets its name from Arabic kum ‘mound’, a term found in the names of many archaeological sites, and ‘Ombo’, which ultimately derives from ancient Egyptian Nubt, interpreted as meaning ‘the golden (city).’ The city’s temple is dedicated to two deities: the crocodile god Sobek, and the falcon god Har wer (Horus the Elder). Although an earlier temple once stood here already during the New Kingdom (c. 1550–1069 BC), the present structure was built during the Graeco-Roman Period (332 BC–395 AD), with the earliest attested royal name in it being Ptolemy VI Philometor’s (180–145 BC). Most of the decoration was completed by Ptolemy XII Neos Dionysos (80–51 BC).

The temple has a unique design. Because it is dedicated to two gods, it has two parallel axial passages running through its columned halls, terminating in two sanctuaries, one for each. The southern axis (on the right) is Sobek’s, and the northern (on the left) Harwer’s.

Sobek was a god of fertility associated with water, the inundation, and vegetation, worshipped here alongside his wife the goddess of love and motherhood Hathor and their son the moon god Khonsu. The god of kingship Horus is the son of Osiris and Isis and, as Harwer, he is in adulthood, victorious over Seth, the murderer of his father. He was worshipped here alongside his wife ""Ta senet nefret"" ‘The Perfect Companion’ and their son ""Pa neb tawy"" ‘The Lord of the Two Lands’.

In addition to beautiful column capitals, the temple of Kom Ombo also features fascinating scenes decorating its walls. Calendars list festivals and other cultic activity, along with their dates and accompanying rituals. During the Roman Period, in the 2nd century AD, a scene was carved featuring what are believed to be surgical instruments, demonstrating how sophisticated ancient Egyptian medicine was. In the centre of the very back of the temple, Sobek and Harwer can be been on their respective sides of the temple in a deeply symbolic scene, inspiring awe in ancient pious visitors to this sacred place.",https://d3rr2gvhjw0wwy.cloudfront.net/uploads/mandators/49581/file-manager/egypt-philae-temple.jpg
EAS_014,The Ramesseum; The Temple of Ramses II,"Archaeological Site, Mortuary Temple, and Ancient Site",Luxor,25.71749827,32.66035805,"King Ramses II (c.1279-1213 BC), the most famous king of ancient Egypt (who fought a battle against the Hittites), built the Ramesseum Temple, a funerary temple built of sandstone, the temple served as a model for future temples built by different kings.

It consists of the first pylon, which is a large building facing four flagpoles, while the inner one competly inscriped with the famous Battle of Kadesh. This pylon follows the first courtyard, which is currently demolished, and has two rows of columns on its southern side, while on the northern side there was a row of Osirian columns. As for the second pylon, to the left there are the remains of a huge black granite statue of Ramses II. The second courtyard is higher than the first one, but it is also demolished and has rows of columns and Osirian columns. After that comes the Hall of Columns with six rows of columns.

The temple is surrounded by many chapels dedicated to various deities, in addition to other buildings such as bakeries, kitchens, warehouses.

The entire complex is essential to understand the importance of Ramses II in Egyptian history and to admire one of the most important moments in Pharaonic architecture and art.

The walls of the Ramesseum were decorated with prominent banks depicting the king fighting his enemies in the Battle of Kadesh, in addition to depicting religious and funerary ceremonies and rituals.

It was also designed with its majestic columns and its huge statues, including the statue of Ramses II, which is more than 17 meters high and weighs about 1000 tons.

This complex was not known until the 18th century, that Frederick Ludwig Norden described the ruins. Later, the scientists who accompanied the expedition of Napoleon's army between 1798 and 1801 would also document the site. In 1829, it was visited by Champollion, who gave it the contemporary name of Ramesseum.",180,All Days,from 06:00 am Last Entry 05:00 pm,Closed,from 06:00 am Last Entry 04:00 pm,Closed,from 06:00 am Last Entry 04:00 pm,Closed,There are no other days,0,0,220,110,20,10,20,10,25,100,75,50,"Free entry for children below 6 years.
  Free entry for Egyptians with special needs.
  Free entry for Egyptians above 60 years.
  Photography with mobile phone is free of charge",There is currently no inclusive ticket access,0,0,0,0,There is no event currently,0,0,0,0,Luxor,"Name: The Ramesseum; The Temple of Ramses II; Category: Archaeological Site, Mortuary Temple, and Ancient Site; City: Luxor; Description: King Ramses II (c.1279-1213 BC), the most famous king of ancient Egypt (who fought a battle against the Hittites), built the Ramesseum Temple, a funerary temple built of sandstone, the temple served as a model for future temples built by different kings.

It consists of the first pylon, which is a large building facing four flagpoles, while the inner one competly inscriped with the famous Battle of Kadesh. This pylon follows the first courtyard, which is currently demolished, and has two rows of columns on its southern side, while on the northern side there was a row of Osirian columns. As for the second pylon, to the left there are the remains of a huge black granite statue of Ramses II. The second courtyard is higher than the first one, but it is also demolished and has rows of columns and Osirian columns. After that comes the Hall of Columns with six rows of columns.

The temple is surrounded by many chapels dedicated to various deities, in addition to other buildings such as bakeries, kitchens, warehouses.

The entire complex is essential to understand the importance of Ramses II in Egyptian history and to admire one of the most important moments in Pharaonic architecture and art.

The walls of the Ramesseum were decorated with prominent banks depicting the king fighting his enemies in the Battle of Kadesh, in addition to depicting religious and funerary ceremonies and rituals.

It was also designed with its majestic columns and its huge statues, including the statue of Ramses II, which is more than 17 meters high and weighs about 1000 tons.

This complex was not known until the 18th century, that Frederick Ludwig Norden described the ruins. Later, the scientists who accompanied the expedition of Napoleon's army between 1798 and 1801 would also document the site. In 1829, it was visited by Champollion, who gave it the contemporary name of Ramesseum.",https://upload.wikimedia.org/wikipedia/commons/thumb/b/bc/Kom_Ombo_Portal_04.jpg/1280px-Kom_Ombo_Portal_04.jpg
EAS_015,Saqqara pyramid,"vast archaeological site, ancient burial ground (necropolis), UNESCO World Heritage Site, pyramids, tombs, and temples",Giza,29.87128254,31.21664187,"Located 40 km southwest of Cairo, Saqqara is one of the most important cemeteries of Memphis, which was itself one of the most important cities in ancient Egyptian history. The name of the site most likely derives from the god of this necropolis, Sokar.

 Saqqara is truly an open-air museum, one that has all of ancient Egyptian history on display. Kings and noblemen from the very first two dynasties (c.3040–2686 BC) were buried here, and this is also the location of the Step Pyramid of Djoser (c.2686–2667 BC).     

The pyramids of some of the most important kings of the Old Kingdom Fifth (c.2494–2345 BC) and Sixth (c.2345–2181 BC) Dynasties are located in Saqqara. One of these, the pyramid of Unas (also known as Wenis; (c.2375–2345 BC), features the oldest pyramid burial chamber decorated with texts. These are the so-called Pyramid Texts, the purpose of which was to protect the deceased king on his journey to the afterlife. In addition to Old Kingdom royal burials, Saqqara is also full of the tombs of the noblemen of this period, which are decorated with scenes and texts of outstanding beauty and craftsmanship.

Saqqara also features tombs from the First Intermediate Period (c.2181–2055 BC), Middle Kingdom (c.2055–1650 BC), and New Kingdom (c.1550–1069 BC). The New Kingdom tombs display an architectural style completely different from their Upper Egyptian counterparts in Thebes. Among them is the tomb of none other than Horemheb (c.1323–1295 BC), the non-royal individual, the general, who became king. He was never buried here however, for, upon ascending the throne, he built a new tomb in the Valley of the Kings worthy of his royal rank.

     Among the most important of Saqqara’s monuments is the Serapeum, a series of underground galleries in which the Apis Bulls were buried from the Eighteenth Dynasty (c.1550–1295 BC) to the Ptolemaic Period (332–30 BC). The Apis Bull was considered an incarnation of Ptah himself, one of the most important gods of Memphis, and as such, there was only ever one Apis Bull at a time. When it died, it was buried with full honors until his successor could be found.

     Egypt’s Coptic era is featured in Saqqara as well through the remains of the Monastery of Apa Jeremiah, which was in use until the eighth century AD. Today, Saqqara is also the site of the Imhotep Museum, in which objects from the site’s immense chronological span are displayed.",240,All Days,from 08:00 am Last Entry 04:00 pm,Closed,from 08:00 am Last Entry 04:00 pm,Closed,from 08:00 am Last Entry 03:30 pm,Closed,There are no other days,0,0,600,300,30,10,30,10,25,100,75,50,"Free entry for children below 6 years.
  Free entry for Egyptians with special needs.
  Free entry for Egyptians above 60 years.
  Photography with mobile phone is free of charge",There is currently no inclusive ticket access,0,0,0,0,There is no event currently,0,0,0,0,Giza,"Name: Saqqara pyramid; Category: vast archaeological site, ancient burial ground (necropolis), UNESCO World Heritage Site, pyramids, tombs, and temples; City: Giza; Description: Located 40 km southwest of Cairo, Saqqara is one of the most important cemeteries of Memphis, which was itself one of the most important cities in ancient Egyptian history. The name of the site most likely derives from the god of this necropolis, Sokar.

 Saqqara is truly an open-air museum, one that has all of ancient Egyptian history on display. Kings and noblemen from the very first two dynasties (c.3040–2686 BC) were buried here, and this is also the location of the Step Pyramid of Djoser (c.2686–2667 BC).     

The pyramids of some of the most important kings of the Old Kingdom Fifth (c.2494–2345 BC) and Sixth (c.2345–2181 BC) Dynasties are located in Saqqara. One of these, the pyramid of Unas (also known as Wenis; (c.2375–2345 BC), features the oldest pyramid burial chamber decorated with texts. These are the so-called Pyramid Texts, the purpose of which was to protect the deceased king on his journey to the afterlife. In addition to Old Kingdom royal burials, Saqqara is also full of the tombs of the noblemen of this period, which are decorated with scenes and texts of outstanding beauty and craftsmanship.

Saqqara also features tombs from the First Intermediate Period (c.2181–2055 BC), Middle Kingdom (c.2055–1650 BC), and New Kingdom (c.1550–1069 BC). The New Kingdom tombs display an architectural style completely different from their Upper Egyptian counterparts in Thebes. Among them is the tomb of none other than Horemheb (c.1323–1295 BC), the non-royal individual, the general, who became king. He was never buried here however, for, upon ascending the throne, he built a new tomb in the Valley of the Kings worthy of his royal rank.

     Among the most important of Saqqara’s monuments is the Serapeum, a series of underground galleries in which the Apis Bulls were buried from the Eighteenth Dynasty (c.1550–1295 BC) to the Ptolemaic Period (332–30 BC). The Apis Bull was considered an incarnation of Ptah himself, one of the most important gods of Memphis, and as such, there was only ever one Apis Bull at a time. When it died, it was buried with full honors until his successor could be found.

     Egypt’s Coptic era is featured in Saqqara as well through the remains of the Monastery of Apa Jeremiah, which was in use until the eighth century AD. Today, Saqqara is also the site of the Imhotep Museum, in which objects from the site’s immense chronological span are displayed.",https://media.istockphoto.com/id/1301908727/photo/ramesseum-temple.webp?a=1&b=1&s=612x612&w=0&k=20&c=4jalhgHWpWxaSsNQnjzBCxpnc0VUJHBEDopRER2XZHw=
EAS_016,Noble Tombs + New Kingdom Tombs,tombs,Saqqara,29.86844012,31.21681929,"The vast necropolis of Saqqara, which served as the cemetery of ancient Memphis, contains tombs from almost every period of Egyptian history. The New Kingdom (c.1550–1069 BC) cemetery south of the causeway of Unas is where several important officials of the Eighteenth to Twentieth Dynasties were buried. Among them are Ptahemwia, the “Royal Butler, Clean of Hands” under Kings Akhenaten (c.1353–1336 BC) and Tutankhamun (c.1336–1327 BC), Maya, the overseer of the treasury under Tutankhamun, and Tia, the overseer of the treasury during the reign of Ramses II (c.1279–1213 BC). This is also the site of the tomb Horemheb was planning for himself before he became king.

Like most private tombs, the tombs of this New Kingdom cemetery consist of two parts: a sealed underground section that includes the burial chamber, and the above-ground, accessible, tomb chapel, where the cult of the deceased was practiced. What sets the tombs of this cemetery apart, however, is the fact that they are neither mastabas nor rock-cut, but free-standing structures known as temple-tombs. The larger tombs, like the great state temples of the period (hence their name), were entered through a pylon gateway that led into an open-air courtyard that preceded the tomb chapel. The central chapel would have been surmounted by a small pyramid, a symbol of rebirth. A shaft in the forecourt led to the underground burial chamber.

This section of Saqqara was explored by tomb robbers and art dealers in the 19th century. Many statues and reliefs were taken without being recorded, and sold to museums and collectors abroad. A 19th century map of the area made by Prussian Egyptologist Karl R. Lepsius led to the rediscovery of the New Kingdom cemetery in 1975 by the Anglo-Dutch expedition of the Egypt Exploration Society (EES) in London and the National Museum of Antiquities, Leiden, led by Geoffrey T. Martin.",330,All Days,from 08:00 am Last Entry 04:00 pm,Closed,from 08:00 am Last Entry 04:00 pm,Closed,from 08:00 am Last Entry 03:30 pm,Closed,There are no other days,0,0,400,200,20,10,20,10,25,100,75,50,"Free entry for children below 6 years.
  Free entry for Egyptians with special needs.
  Free entry for Egyptians above 60 years.
  Photography with mobile phone is free of charge",There is currently no inclusive ticket access,0,0,0,0,There is no event currently,0,0,0,0,Saqqara,"Name: Noble Tombs + New Kingdom Tombs; Category: tombs; City: Saqqara; Description: The vast necropolis of Saqqara, which served as the cemetery of ancient Memphis, contains tombs from almost every period of Egyptian history. The New Kingdom (c.1550–1069 BC) cemetery south of the causeway of Unas is where several important officials of the Eighteenth to Twentieth Dynasties were buried. Among them are Ptahemwia, the “Royal Butler, Clean of Hands” under Kings Akhenaten (c.1353–1336 BC) and Tutankhamun (c.1336–1327 BC), Maya, the overseer of the treasury under Tutankhamun, and Tia, the overseer of the treasury during the reign of Ramses II (c.1279–1213 BC). This is also the site of the tomb Horemheb was planning for himself before he became king.

Like most private tombs, the tombs of this New Kingdom cemetery consist of two parts: a sealed underground section that includes the burial chamber, and the above-ground, accessible, tomb chapel, where the cult of the deceased was practiced. What sets the tombs of this cemetery apart, however, is the fact that they are neither mastabas nor rock-cut, but free-standing structures known as temple-tombs. The larger tombs, like the great state temples of the period (hence their name), were entered through a pylon gateway that led into an open-air courtyard that preceded the tomb chapel. The central chapel would have been surmounted by a small pyramid, a symbol of rebirth. A shaft in the forecourt led to the underground burial chamber.

This section of Saqqara was explored by tomb robbers and art dealers in the 19th century. Many statues and reliefs were taken without being recorded, and sold to museums and collectors abroad. A 19th century map of the area made by Prussian Egyptologist Karl R. Lepsius led to the rediscovery of the New Kingdom cemetery in 1975 by the Anglo-Dutch expedition of the Egypt Exploration Society (EES) in London and the National Museum of Antiquities, Leiden, led by Geoffrey T. Martin.",https://upload.wikimedia.org/wikipedia/commons/thumb/2/2e/Saqqara_pyramid_ver_2.jpg/1280px-Saqqara_pyramid_ver_2.jpg
EAS_017,Serapeum,"ancient Egyptian tomb complex, archaeological site, monument, and a site of religious significance",Saqqara,29.87608332,31.21024034,"The Serapeum at Saqqara is the tomb of the sacred Apis bulls that were associated with the god Ptah, whose cult center was in Memphis. An avenue of sphinxes leads to the Serapeum, which is composed of two long corridors that once housed the mummified remains of the bulls. The tomb was in use from the time of Amenhotep III in the New Kingdom through to the Ptolemaic Period.

Priests selected certain bulls based on their markings and divine birth. The bulls were treated with a lot of privilege during their life. Upon death, the bulls were mummified and placed in sarcophagi in an elaborate celebration.

Inscriptions record many kings who made offerings in the Serapeum. Two sons of Ramses II, Khaem-waset and Meren-ptah, donated several bulls, jewelry and shabtis as princes and High Priests of Ptah.",60,All Days,from 08:00 am Last Entry 04:00 pm,Closed,from 08:00 am Last Entry 04:00 pm,Closed,from 08:00 am Last Entry 03:30 pm,Closed,There are no other days,0,0,340,170,20,5,20,5,25,100,75,50,"Free entry for children below 6 years.
  Free entry for Egyptians with special needs.
  Free entry for Egyptians above 60 years.
  Photography with mobile phone is free of charge",There is currently no inclusive ticket access,0,0,0,0,There is no event currently,0,0,0,0,Saqqara,"Name: Serapeum; Category: ancient Egyptian tomb complex, archaeological site, monument, and a site of religious significance; City: Saqqara; Description: The Serapeum at Saqqara is the tomb of the sacred Apis bulls that were associated with the god Ptah, whose cult center was in Memphis. An avenue of sphinxes leads to the Serapeum, which is composed of two long corridors that once housed the mummified remains of the bulls. The tomb was in use from the time of Amenhotep III in the New Kingdom through to the Ptolemaic Period.

Priests selected certain bulls based on their markings and divine birth. The bulls were treated with a lot of privilege during their life. Upon death, the bulls were mummified and placed in sarcophagi in an elaborate celebration.

Inscriptions record many kings who made offerings in the Serapeum. Two sons of Ramses II, Khaem-waset and Meren-ptah, donated several bulls, jewelry and shabtis as princes and High Priests of Ptah.",https://upload.wikimedia.org/wikipedia/commons/thumb/3/3c/Tomb_TT3_of_Pashedu_%28Kairoinfo4u%29.jpg/1280px-Tomb_TT3_of_Pashedu_%28Kairoinfo4u%29.jpg
EAS_018,Tomb of Mereruka,"vast archaeological site, UNESCO World Heritage Site, tombs, and mastaba",Saqqara,29.875866,31.22133812,"Mereruka was vizier during the reigns of Kings Teti (c.2345–2323 BC). As vizier, the highest-ranking official, and husband of a daughter of Teti’s, Mereruka was a very powerful and wealthy man. It is all the more significant that he held this title during the reigns of the first two rulers of the Sixth Dynasty, a time when the elite’s power had grown substantially.

Mereruka was buried in a mastaba to the north of the pyramid of Teti in Saqqara. Reflecting his status, it is among the largest in the Teti cemetery, and among the most exquisitely decorated tombs of the Old Kingdom (c.2686–2181 BC). The rooms inside the mastaba were often the venue for the performance of the cult for the soul of the tomb owner. Mereruka’s massive mastaba contains a total of thirty rooms, including six for his wife, and another five for his son.

Many beautiful scenes adorning the walls of this tomb provide insight into life during the Old Kingdom, such as the herding of cattle, the harpooning of hippopotami, and fishing and fowling scenes, all of which are shown in amazingly vivid detail. Also shown are scenes of animals being force-fed, although exceptionally hyenas are depicted among them. A unique scene depicts personifications of the three seasons of the ancient Egyptian calendar. The focal point of the entire tomb was the false-door. In Mereruka’s mastaba, a life-size statue of him steps out, ready to receive the offerings that were set on the offering table before him.",40,All Days,from 08:00 am Last Entry 04:00 pm,Closed,from 08:00 am Last Entry 04:00 pm,Closed,from 08:00 am Last Entry 03:30 pm,Closed,There are no other days,0,0,200,100,20,5,20,5,25,100,75,50,"Free entry for children below 6 years.
  Free entry for Egyptians with special needs.
  Free entry for Egyptians above 60 years.
  Photography with mobile phone is free of charge",There is currently no inclusive ticket access,0,0,0,0,There is no event currently,0,0,0,0,Saqqara,"Name: Tomb of Mereruka; Category: vast archaeological site, UNESCO World Heritage Site, tombs, and mastaba; City: Saqqara; Description: Mereruka was vizier during the reigns of Kings Teti (c.2345–2323 BC). As vizier, the highest-ranking official, and husband of a daughter of Teti’s, Mereruka was a very powerful and wealthy man. It is all the more significant that he held this title during the reigns of the first two rulers of the Sixth Dynasty, a time when the elite’s power had grown substantially.

Mereruka was buried in a mastaba to the north of the pyramid of Teti in Saqqara. Reflecting his status, it is among the largest in the Teti cemetery, and among the most exquisitely decorated tombs of the Old Kingdom (c.2686–2181 BC). The rooms inside the mastaba were often the venue for the performance of the cult for the soul of the tomb owner. Mereruka’s massive mastaba contains a total of thirty rooms, including six for his wife, and another five for his son.

Many beautiful scenes adorning the walls of this tomb provide insight into life during the Old Kingdom, such as the herding of cattle, the harpooning of hippopotami, and fishing and fowling scenes, all of which are shown in amazingly vivid detail. Also shown are scenes of animals being force-fed, although exceptionally hyenas are depicted among them. A unique scene depicts personifications of the three seasons of the ancient Egyptian calendar. The focal point of the entire tomb was the false-door. In Mereruka’s mastaba, a life-size statue of him steps out, ready to receive the offerings that were set on the offering table before him.",https://media.istockphoto.com/id/2191873538/photo/serapeum-catacombs-ancient-burial-site.webp?a=1&b=1&s=612x612&w=0&k=20&c=SIctk8i3WcWqMGiWkt1haZy6ZXyJJlw5iHpdiSOsZGY=
EAS_019,Pyramid of Djoser,"step pyramid, significant architectural monument and archaeological site",Saqqara,29.87128065,31.21675463,"Djoser’s Step Pyramid in Saqqara is one of Egypt’s most iconic monuments—and rightfully so. It constitutes a significant historical turning point in ancient Egyptian funerary monuments, revolutionizing stone architecture and royal burials. In addition to its beauty and monumental scale, it is not only the very first pyramid that the ancient Egyptians ever built, but also the oldest known ancient Egyptian stone structure.

The sheer age of the Step Pyramid is astounding. It was built in the early Third Dynasty, during the reign of King Netjerykhet (c.2667–2648 BC), who is now more well-known as Djoser.

Before his reign, royal and elite Egyptians were buried in mastabas. This word, meaning “bench” in Arabic, refers to a type of funerary structure that was generally rectangular in shape and built over the tomb proper, which was underground. The Step Pyramid is composed of six stacked mastabas, thus creating the stepped effect. Imhotep, its architect, may very well have been responsible for this major innovation.

At one end of the pyramid complex, a structure known as the South Tomb is believed to have acted as an additional, symbolic, tomb for Djoser, perhaps reflecting his role as the dual king of both Upper and Lower Egypt.

Djoser’s pyramid complex also has some unique features. The two courts in front of the pyramid recreate the setting of the Sed Festival, a royal ceremony aimed at rejuvenating the king and regenerating his power. The structures on the side of the eastern court emulate in stone the ephemeral shrines that were used in this festival, thus ensuring that the king could continue being rejuvenated forever.",360,All Days,from 08:00 am Last Entry 04:00 pm,Closed,from 08:00 am Last Entry 04:00 pm,Closed,from 08:00 am Last Entry 03:30 pm,Closed,There are no other days,0,0,280,140,40,20,40,20,25,100,75,50,"Free entry for children below 6 years.
  Free entry for Egyptians with special needs.
  Free entry for Egyptians above 60 years.
  Photography with mobile phone is free of charge",There is currently no inclusive ticket access,0,0,0,0,There is no event currently,0,0,0,0,Saqqara,"Name: Pyramid of Djoser; Category: step pyramid, significant architectural monument and archaeological site; City: Saqqara; Description: Djoser’s Step Pyramid in Saqqara is one of Egypt’s most iconic monuments—and rightfully so. It constitutes a significant historical turning point in ancient Egyptian funerary monuments, revolutionizing stone architecture and royal burials. In addition to its beauty and monumental scale, it is not only the very first pyramid that the ancient Egyptians ever built, but also the oldest known ancient Egyptian stone structure.

The sheer age of the Step Pyramid is astounding. It was built in the early Third Dynasty, during the reign of King Netjerykhet (c.2667–2648 BC), who is now more well-known as Djoser.

Before his reign, royal and elite Egyptians were buried in mastabas. This word, meaning “bench” in Arabic, refers to a type of funerary structure that was generally rectangular in shape and built over the tomb proper, which was underground. The Step Pyramid is composed of six stacked mastabas, thus creating the stepped effect. Imhotep, its architect, may very well have been responsible for this major innovation.

At one end of the pyramid complex, a structure known as the South Tomb is believed to have acted as an additional, symbolic, tomb for Djoser, perhaps reflecting his role as the dual king of both Upper and Lower Egypt.

Djoser’s pyramid complex also has some unique features. The two courts in front of the pyramid recreate the setting of the Sed Festival, a royal ceremony aimed at rejuvenating the king and regenerating his power. The structures on the side of the eastern court emulate in stone the ephemeral shrines that were used in this festival, thus ensuring that the king could continue being rejuvenated forever.",https://plus.unsplash.com/premium_photo-1694475180783-687c2ffcd17e?w=500&auto=format&fit=crop&q=60&ixlib=rb-4.1.0&ixid=M3wxMjA3fDB8MHxzZWFyY2h8NXx8UHlyYW1pZCUyMG9mJTIwRGpvc2VyfGVufDB8fDB8fHww
EAS_020,The Southern Tomb,"step pyramid, significant architectural monument and archaeological site",Saqqara,29.87146654,31.21864334,"The South tomb is located at the southwestern corner of the King Djoser funeral complex, dating to the 3rd Dynasty, Old Kingdom period. This magnificent complex is the oldest stone building of the ancient world. Basically, it was named the “Southern Tomb'” following its discovery by the English archaeologist Cecil Malaby Firth in 1928.

Significantly, the tomb is composed of an upper level in the form of a rectangular stone building. Its walls are decorated with a series of stone sockets in the form of entrances and exits, crowned by a frieze of cobra heads that symbolize protection and power.

The lower level of the tomb consists of an entrance towards a ramp leading to the burial chamber, which is located at the bottom of a great shaft measuring 7.5 x 7.5 m, and with a depth of approximately 31 m. It housesg a large sarcophagus made of 16 blocks of pink granite, each measuring approximately 3.60 metres high, 3.5 metres wide, and 3.6 metres long. urthermore, one can note the similarity between the shaft and the sarcophagus with those inside the step pyramid.

One of the most important architectural and decorative elements of the Southern Tomb are a series of corridors, one of which contains three false doors, each topped with exquisite reliefs depicting the king taking part in the Heb-Sed Festival. This was a vital event, a royal jubilee, with the aim of rejuvenating the king and renewing his right to rule. One can admire the king represented wearing the royal beard, as well as the White Crown of Upper Egypt. Several walls of the southern tomb’s corridors are decorated with the same blue faience tiles into the step pyramid.

Various theories have been proposed about this tomb, as it is believed that it belonged to the royal wife of the king, or that it was built in order to house the internal organs of the king (lungs, stomach, intestines and liver).

The famous French Egyptologist Jean-Philippe Lauer undertook many important excavations at Saqqara, including the restoration and reconstruction of Djoser’s Step Pyramid Complex throughout a period of over 70 years. Lauer believed that this South Tomb was a symbolic burial for the king’s soul, replacing the royal tomb at Abydos (in the Sohag governorate).

In 2006, restoration work of the South Tomb began. It involved conservation and restoration work of the lower corridors, strengthening of the walls and ceilings, fixing of the blue faience tiles to complete the interior inscriptions in the tomb, as well as  reassembling and restoring the granite sarcophagus. In addition, this conservation project also included the paving of floors and the installation of a ladder; installations of indoor and outdoor lighting provide the visitor an enhanced and enjoyable experience.",30,All Days,from 08:00 am Last Entry 04:00 pm,Closed,from 08:00 am Last Entry 04:00 pm,Closed,from 08:00 am Last Entry 03:30 pm,Closed,There are no other days,0,0,300,150,40,20,40,20,25,100,75,50,"Free entry for children below 6 years.
  Free entry for Egyptians with special needs.
  Free entry for Egyptians above 60 years.
  Photography with mobile phone is free of charge","Inclusive ticket allowing entry into the site, Imhotep Museum, Nobles Tombs, New Kingdom Tombs, Tomb of Mereruka, Tomb of Mehu.",1000,500,0,0,There is no event currently,0,0,0,0,Saqqara,"Name: The Southern Tomb; Category: step pyramid, significant architectural monument and archaeological site; City: Saqqara; Description: The South tomb is located at the southwestern corner of the King Djoser funeral complex, dating to the 3rd Dynasty, Old Kingdom period. This magnificent complex is the oldest stone building of the ancient world. Basically, it was named the “Southern Tomb'” following its discovery by the English archaeologist Cecil Malaby Firth in 1928.

Significantly, the tomb is composed of an upper level in the form of a rectangular stone building. Its walls are decorated with a series of stone sockets in the form of entrances and exits, crowned by a frieze of cobra heads that symbolize protection and power.

The lower level of the tomb consists of an entrance towards a ramp leading to the burial chamber, which is located at the bottom of a great shaft measuring 7.5 x 7.5 m, and with a depth of approximately 31 m. It housesg a large sarcophagus made of 16 blocks of pink granite, each measuring approximately 3.60 metres high, 3.5 metres wide, and 3.6 metres long. urthermore, one can note the similarity between the shaft and the sarcophagus with those inside the step pyramid.

One of the most important architectural and decorative elements of the Southern Tomb are a series of corridors, one of which contains three false doors, each topped with exquisite reliefs depicting the king taking part in the Heb-Sed Festival. This was a vital event, a royal jubilee, with the aim of rejuvenating the king and renewing his right to rule. One can admire the king represented wearing the royal beard, as well as the White Crown of Upper Egypt. Several walls of the southern tomb’s corridors are decorated with the same blue faience tiles into the step pyramid.

Various theories have been proposed about this tomb, as it is believed that it belonged to the royal wife of the king, or that it was built in order to house the internal organs of the king (lungs, stomach, intestines and liver).

The famous French Egyptologist Jean-Philippe Lauer undertook many important excavations at Saqqara, including the restoration and reconstruction of Djoser’s Step Pyramid Complex throughout a period of over 70 years. Lauer believed that this South Tomb was a symbolic burial for the king’s soul, replacing the royal tomb at Abydos (in the Sohag governorate).

In 2006, restoration work of the South Tomb began. It involved conservation and restoration work of the lower corridors, strengthening of the walls and ceilings, fixing of the blue faience tiles to complete the interior inscriptions in the tomb, as well as  reassembling and restoring the granite sarcophagus. In addition, this conservation project also included the paving of floors and the installation of a ladder; installations of indoor and outdoor lighting provide the visitor an enhanced and enjoyable experience.",https://media.istockphoto.com/id/486978570/photo/step-pyramid.webp?a=1&b=1&s=612x612&w=0&k=20&c=pieTr8hpzj-AYMcG-0V9w8HErMaYxjBK0JovRPl8aN0=
EAS_021,Menkaure Pyramid,"tomb, pyramid, archaeological site and part of the larger Giza Necropolis",Giza Plateau,29.97258643,31.12857685,"Menkaure (Mykerinos to the ancient Greeks; c.2532–2503 BC) is the builder of the third of the three large Giza Pyramids. He was most likely the son of Khafre (Khefren), and grandson of Khufu (Cheops). With a base area that is less than a quarter of their pyramids’, and with an original height of 65 meters, Menkaure’s is by far the smallest of the three. This reduction in size is due to several factors, including the limited amount of space left on the Giza Plateau. The material used for the outer casing of Menkaure’s pyramid is another. Whereas his predecessors had used limestone for this purpose, Menkaure employed granite, which was quarried in Aswan, over 800 km away. In addition to the logistics involved in transportation of the granite blocks, the material itself is much harder than limestone. However, only the bottom quarter of the casing stones are made of granite however, the rest being limestone.

Like the Great Pyramid, three smaller pyramids can be seen next to Menkaure’s as well, which were used for the burials of his queens. No satellite pyramid has been discovered, however, but it is believed that the largest of the three queens’ pyramids was in fact originally intended to have been the satellite pyramid.

 Menkaure died before his pyramid complex was completed, and much of the pyramid’s granite casing blocks were not smoothed. His mortuary and valley temples were intended to consist of colossal limestone blocks encased in granite, but were actually completed with whitewashed mud brick. Despite this, however, the mortuary cult of Menkaure was practiced for another 300 years after his death.",45,All Days,from 07:00 am Last Entry 04:00 pm,Closed,from 07:00 am Last Entry 04:00 pm,Closed,from 08:00 am Last Entry 03:30 pm,Closed,There are no other days,0,0,280,140,30,10,30,10,0,0,0,0,"Free entry for children below 6 years.
  Free entry for Egyptians with special needs.
  Free entry for Egyptians above 60 years.
  Photography with mobile phone is free of charge",There is currently no inclusive ticket access,0,0,0,0,There is no event currently,0,0,0,0,Giza,"Name: Menkaure Pyramid; Category: tomb, pyramid, archaeological site and part of the larger Giza Necropolis; City: Giza; Description: Menkaure (Mykerinos to the ancient Greeks; c.2532–2503 BC) is the builder of the third of the three large Giza Pyramids. He was most likely the son of Khafre (Khefren), and grandson of Khufu (Cheops). With a base area that is less than a quarter of their pyramids’, and with an original height of 65 meters, Menkaure’s is by far the smallest of the three. This reduction in size is due to several factors, including the limited amount of space left on the Giza Plateau. The material used for the outer casing of Menkaure’s pyramid is another. Whereas his predecessors had used limestone for this purpose, Menkaure employed granite, which was quarried in Aswan, over 800 km away. In addition to the logistics involved in transportation of the granite blocks, the material itself is much harder than limestone. However, only the bottom quarter of the casing stones are made of granite however, the rest being limestone.

Like the Great Pyramid, three smaller pyramids can be seen next to Menkaure’s as well, which were used for the burials of his queens. No satellite pyramid has been discovered, however, but it is believed that the largest of the three queens’ pyramids was in fact originally intended to have been the satellite pyramid.

 Menkaure died before his pyramid complex was completed, and much of the pyramid’s granite casing blocks were not smoothed. His mortuary and valley temples were intended to consist of colossal limestone blocks encased in granite, but were actually completed with whitewashed mud brick. Despite this, however, the mortuary cult of Menkaure was practiced for another 300 years after his death.",https://upload.wikimedia.org/wikipedia/commons/thumb/3/38/Cairo%2C_Gizeh%2C_Pyramid_of_Menkaure%2C_Egypt%2C_Oct_2005.jpg/1280px-Cairo%2C_Gizeh%2C_Pyramid_of_Menkaure%2C_Egypt%2C_Oct_2005.jpg
EAS_022,Great Pyramid,"Ancient Egyptian tomb, a pyramid of the Giza complex, and a Wonder of the Ancient World",Giza Plateau,29.97932398,31.13428654,"The Great Pyramid, the tomb of King Khufu (c.2589–2566 BC), with its original height of 146.5 meters, was the tallest structure in the world for 3,800 years. It remains the last surviving member of the Seven Wonders of the Ancient World, and took an estimated 10 to 20 years to build. To this day, it is not entirely certain how this was done.

The Great Pyramid is made of local limestone, but its exterior was once entirely covered with high quality limestone. These casing stones were brought from Turah, south of Maadi, by ship. On the inside, the pyramid has three chambers, one cut into the bedrock underneath, and two high up within the masonry itself, a feature that no other pyramid possesses. The sarcophagus in which Khufu was once laid to rest can still be seen in the upper of these two rooms, the King’s Chamber. This room is accessed through the Grand Gallery, a majestic corbelled ascending passage, and a masterpiece of ancient engineering and architecture.

Two large and impressive ships were discovered in pits on the south side of the pyramid in a dismantled state. These are believed to have been used to transport the royal mummy and burial equipment to the tomb.",60,All Days,from 07:00 am Last Entry 04:00 pm,Closed,from 07:00 am Last Entry 04:00 pm,Closed,from 08:00 am Last Entry 03:30 pm,Closed,There are no other days,0,0,1500,750,150,75,150,75,0,0,0,0,"Free entry for children below 6 years.
  Free entry for Egyptians with special needs.
  Free entry for Egyptians above 60 years.
  Photography with mobile phone is free of charge",There is currently no inclusive ticket access,0,0,0,0,There is no event currently,0,0,0,0,Giza,"Name: Khufu Pyramid or Great Pyramid; Category: Ancient Egyptian tomb, a pyramid of the Giza complex, and a Wonder of the Ancient World; City: Giza; Description: The Great Pyramid, the tomb of King Khufu (c.2589–2566 BC), with its original height of 146.5 meters, was the tallest structure in the world for 3,800 years. It remains the last surviving member of the Seven Wonders of the Ancient World, and took an estimated 10 to 20 years to build. To this day, it is not entirely certain how this was done.

The Great Pyramid is made of local limestone, but its exterior was once entirely covered with high quality limestone. These casing stones were brought from Turah, south of Maadi, by ship. On the inside, the pyramid has three chambers, one cut into the bedrock underneath, and two high up within the masonry itself, a feature that no other pyramid possesses. The sarcophagus in which Khufu was once laid to rest can still be seen in the upper of these two rooms, the King’s Chamber. This room is accessed through the Grand Gallery, a majestic corbelled ascending passage, and a masterpiece of ancient engineering and architecture.

Two large and impressive ships were discovered in pits on the south side of the pyramid in a dismantled state. These are believed to have been used to transport the royal mummy and burial equipment to the tomb.",https://upload.wikimedia.org/wikipedia/commons/thumb/e/e7/Great_Pyramid_of_Giza_-_Pyramid_of_Khufu.jpg/1280px-Great_Pyramid_of_Giza_-_Pyramid_of_Khufu.jpg
EAS_023,Mars Ankh Tomb: Tomb of Queen Meresankh III,Tomb,Giza Plateau,29.97785404,31.13782743,"Under the shadow of the Great Pyramid lies the mastaba of Queen Meresankh III, the wife of Khafre and granddaughter of Khufu. Both very large and exquisitely decorated, this is indeed a tomb worthy of her rank and fortunately also contains the best preserved wall reliefs in the Eastern Cemetery.

These are decorated with a diverse array of scenes, including bread baking, beer brewing, fowling, herding, mat making, metal smelting, and the sculpting of statues, apparently of Meresankh herself. These, along with the elaborate scenes of offering-bearers bringing all sorts of gifts to Meresankh, were intended to magically provide her soul with a continuous stream of food and goods in the afterlife. Interestingly, among the objects being brought to her are a canopy with a bed being set up within it, an armchair, and a carrying chair. Actual examples of very similar objects were discovered in the tomb of Hetepheres I, the mother of Kufu, and can be seen today at the Egyptian Museum in Cairo.

Among the most striking features of Meresankh’s tomb chapel is a series of ten large statues of women that are carved out of the northern wall. It is believed that they represent, in addition to Meresankh herself, her mother, and daughters as well.",30,All Days,from 07:00 am Last Entry 04:00 pm,Closed,from 07:00 am Last Entry 04:00 pm,Closed,from 08:00 am Last Entry 03:30 pm,Closed,There are no other days,0,0,200,100,20,5,20,5,0,0,0,0,"Free entry for children below 6 years.
  Free entry for Egyptians with special needs.
  Free entry for Egyptians above 60 years.
  Photography with mobile phone is free of charge",There is currently no inclusive ticket access,0,0,0,0,There is no event currently,0,0,0,0,Giza,"Name: Mars Ankh Tomb: Tomb of Queen Meresankh III; Category: Tomb; City: Giza; Description: Under the shadow of the Great Pyramid lies the mastaba of Queen Meresankh III, the wife of Khafre and granddaughter of Khufu. Both very large and exquisitely decorated, this is indeed a tomb worthy of her rank and fortunately also contains the best preserved wall reliefs in the Eastern Cemetery.

These are decorated with a diverse array of scenes, including bread baking, beer brewing, fowling, herding, mat making, metal smelting, and the sculpting of statues, apparently of Meresankh herself. These, along with the elaborate scenes of offering-bearers bringing all sorts of gifts to Meresankh, were intended to magically provide her soul with a continuous stream of food and goods in the afterlife. Interestingly, among the objects being brought to her are a canopy with a bed being set up within it, an armchair, and a carrying chair. Actual examples of very similar objects were discovered in the tomb of Hetepheres I, the mother of Kufu, and can be seen today at the Egyptian Museum in Cairo.

Among the most striking features of Meresankh’s tomb chapel is a series of ten large statues of women that are carved out of the northern wall. It is believed that they represent, in addition to Meresankh herself, her mother, and daughters as well.",https://upload.wikimedia.org/wikipedia/commons/thumb/f/f2/Queen_Ahmose-Nefertari_Neues_Museum_26042018_2.jpg/1280px-Queen_Ahmose-Nefertari_Neues_Museum_26042018_2.jpg
EAS_024,Dendera Panorama,"360-degree view, architectural, and historical monument",Qena,26.14231535,32.67035618,"Hathor was among the most important and popular deities in ancient Egypt. She was associated with music, joy, dance and motherhood; she was also known as the lady of the sky. Her main cult center was at Dendera where one of the best-preserved temples in Egypt stands today. The entrance of the temple, with six massive columns surmounted with the head of Hathor, is considered among the most beautiful monuments in Egypt. Sistrums (a musical instrument) closely associated with the goddess, frame her head.

The temple of Dendera dates back to the Ptolemaic Period, although evidence points to older structures once existing on the site, dating as far back as king Pepy I, from the Old Kingdom. Among the temple’s most notable features are astronomical engravings on its ceiling.",180,All Days,from 07:00 am Last Entry 04:00 pm,Closed,from 07:00 am Last Entry 04:00 pm,Closed,from 08:00 am Last Entry 03:00 pm,Closed,There are no other days,0,0,100,100,20,20,20,20,25,100,75,50,"Free entry for children below 6 years.
  Free entry for Egyptians with special needs.
  Free entry for Egyptians above 60 years.
  Photography with mobile phone is free of charge",There is currently no inclusive ticket access,0,0,0,0,There is no event currently,0,0,0,0,Qena,"Name: Dendera Panorama; Category: 360-degree view, architectural, and historical monument; City: Qena; Description: Hathor was among the most important and popular deities in ancient Egypt. She was associated with music, joy, dance and motherhood; she was also known as the lady of the sky. Her main cult center was at Dendera where one of the best-preserved temples in Egypt stands today. The entrance of the temple, with six massive columns surmounted with the head of Hathor, is considered among the most beautiful monuments in Egypt. Sistrums (a musical instrument) closely associated with the goddess, frame her head.

The temple of Dendera dates back to the Ptolemaic Period, although evidence points to older structures once existing on the site, dating as far back as king Pepy I, from the Old Kingdom. Among the temple’s most notable features are astronomical engravings on its ceiling.",https://encrypted-tbn0.gstatic.com/images?q=tbn:ANd9GcRB1Lfh8W77yXLEfghxpHykiXjQubR5vie_zQ&s
EAS_025,Dandera Catacombs,"archaeological, historical, and ancient Egyptian religious site",Qena,26.1420043,32.67020793,"Hathor was among the most important and popular deities in ancient Egypt. She was associated with music, joy, dance and motherhood; she was also known as the lady of the sky. Her main cult center was at Dendera where one of the best-preserved temples in Egypt stands today. The entrance of the temple, with six massive columns surmounted with the head of Hathor, is considered among the most beautiful monuments in Egypt. Sistrums (a musical instrument) closely associated with the goddess, frame her head.

The temple of Dendera dates back to the Ptolemaic Period, although evidence points to older structures once existing on the site, dating as far back as king Pepy I, from the Old Kingdom. Among the temple’s most notable features are astronomical engravings on its ceiling.",120,All Days,from 07:00 am Last Entry 04:00 pm,Closed,from 07:00 am Last Entry 04:00 pm,Closed,from 08:00 am Last Entry 03:00 pm,Closed,There are no other days,0,0,100,100,50,50,50,50,25,100,75,50,"Free entry for children below 6 years.
  Free entry for Egyptians with special needs.
  Free entry for Egyptians above 60 years.
  Photography with mobile phone is free of charge",There is currently no inclusive ticket access,0,0,0,0,There is no event currently,0,0,0,0,Qena,"Name: Dandera Catacombs; Category: archaeological, historical, and ancient Egyptian religious site; City: Qena; Description: Hathor was among the most important and popular deities in ancient Egypt. She was associated with music, joy, dance and motherhood; she was also known as the lady of the sky. Her main cult center was at Dendera where one of the best-preserved temples in Egypt stands today. The entrance of the temple, with six massive columns surmounted with the head of Hathor, is considered among the most beautiful monuments in Egypt. Sistrums (a musical instrument) closely associated with the goddess, frame her head.

The temple of Dendera dates back to the Ptolemaic Period, although evidence points to older structures once existing on the site, dating as far back as king Pepy I, from the Old Kingdom. Among the temple’s most notable features are astronomical engravings on its ceiling.",https://www.happyegypt.com/storage/images/91a554345be1be11a395f2b68031c5e7.jpg
EAS_026,Tutankhamun Tomb,ancient Egyptian royal tomb and Ancient tourism,Valley of the Kings,25.74039323,32.60140993,"The tomb of the Eighteenth Dynasty king Tutankhamun (c.1336–1327 BC) is world-famous because it is the only royal tomb from the Valley of the Kings that was discovered relatively intact. Its discovery in 1922 by Howard Carter made headlines worldwide, and continued to do so as the golden artifacts and other luxurious objects discovered in this tomb were being brought out. The tomb and its treasures are iconic of Egypt, and the discovery of the tomb is still considered one of the most important archaeological discoveries to date.

Despite the riches it contained, the tomb of Tutankhamun, number 62 in the Valley of the Kings, is in fact quite modest compared to the other tombs on this site, in both size and decoration. This is most likely due to Tutankhamun having come to the throne very young, and even then ruling for only around nine years in total. One can wonder at what riches the much larger tombs of the most powerful kings of the New Kingdom, such as Hatshepsut, Thutmose III, Amenhotep III, and Ramesses II once contained.

Only the walls of the burial chamber bear any decoration. Unlike most previous and later royal tombs, which are richly decorated with funerary texts like the Amduat or Book of Gates, which helped the deceased king reach the afterlife, only a single scene from the Amduat is represented in the tomb of Tutankhamun. The rest of the decoration of the tomb depicts either the funeral, or Tutankhamun in the company of various deities.

This small size of the tomb of Tutankhamun (KV62) has led to much speculation. When his successor, the high official Ay, died, he was buried in a tomb (KV23), which may have been originally intended for Tutankhamun, but which had not yet been completed at the time of the death of the young king. The same argument has been made in turn for the tomb of Ay’s successor, Horemheb (KV57). If so, it is unclear for whom the eventual tomb of Tutankhamun, KV62, was carved, but it has been argued that it existed already, either as a private tomb or as a storage area, that was subsequently enlarged to receive the king.

Whatever the reason, the small size of the tomb meant that the approximately 5000 artefacts that were discovered inside were stacked very tightly. These reflect the lifestyle of the royal palace, and included objects that Tutankhamun would have used in his daily life, such as clothes, jewelry, cosmetics, incense, furniture, chairs, toys, vessels made of a variety of materials, chariots, and weapons.

It is one of history’s great ironies that Tutankhamun, a relatively minor king who was erased from history because he was related to the unpopular King Akhenaten, has come to surpass many of Egypt’s greatest rulers in fame.",30,All Days,from 06:00 am Last Entry 05:00 pm,Closed,from 06:00 am Last Entry 04:00 pm,Closed,from 06:00 am Last Entry 04:00 pm,Closed,There are no other days,0,0,700,350,40,20,40,20,0,0,0,0,"Free entry for children below 6 years.
  Free entry for Egyptians with special needs.
  Free entry for Egyptians above 60 years.
  Photography with mobile phone is free of charge",There is currently no inclusive ticket access,0,0,0,0,There is no event currently,0,0,0,0,Valley of the Kings,"Name: Tutankhamun Tomb; Category: ancient Egyptian royal tomb and Ancient tourism; City: Valley of the Kings; Description: The tomb of the Eighteenth Dynasty king Tutankhamun (c.1336–1327 BC) is world-famous because it is the only royal tomb from the Valley of the Kings that was discovered relatively intact. Its discovery in 1922 by Howard Carter made headlines worldwide, and continued to do so as the golden artifacts and other luxurious objects discovered in this tomb were being brought out. The tomb and its treasures are iconic of Egypt, and the discovery of the tomb is still considered one of the most important archaeological discoveries to date.

Despite the riches it contained, the tomb of Tutankhamun, number 62 in the Valley of the Kings, is in fact quite modest compared to the other tombs on this site, in both size and decoration. This is most likely due to Tutankhamun having come to the throne very young, and even then ruling for only around nine years in total. One can wonder at what riches the much larger tombs of the most powerful kings of the New Kingdom, such as Hatshepsut, Thutmose III, Amenhotep III, and Ramesses II once contained.

Only the walls of the burial chamber bear any decoration. Unlike most previous and later royal tombs, which are richly decorated with funerary texts like the Amduat or Book of Gates, which helped the deceased king reach the afterlife, only a single scene from the Amduat is represented in the tomb of Tutankhamun. The rest of the decoration of the tomb depicts either the funeral, or Tutankhamun in the company of various deities.

This small size of the tomb of Tutankhamun (KV62) has led to much speculation. When his successor, the high official Ay, died, he was buried in a tomb (KV23), which may have been originally intended for Tutankhamun, but which had not yet been completed at the time of the death of the young king. The same argument has been made in turn for the tomb of Ay’s successor, Horemheb (KV57). If so, it is unclear for whom the eventual tomb of Tutankhamun, KV62, was carved, but it has been argued that it existed already, either as a private tomb or as a storage area, that was subsequently enlarged to receive the king.

Whatever the reason, the small size of the tomb meant that the approximately 5000 artefacts that were discovered inside were stacked very tightly. These reflect the lifestyle of the royal palace, and included objects that Tutankhamun would have used in his daily life, such as clothes, jewelry, cosmetics, incense, furniture, chairs, toys, vessels made of a variety of materials, chariots, and weapons.

It is one of history’s great ironies that Tutankhamun, a relatively minor king who was erased from history because he was related to the unpopular King Akhenaten, has come to surpass many of Egypt’s greatest rulers in fame.",https://upload.wikimedia.org/wikipedia/commons/thumb/f/f9/Inside_Pharaoh_Tutankhamun%27s_tomb%2C_18th_dynasty.jpg/1280px-Inside_Pharaoh_Tutankhamun%27s_tomb%2C_18th_dynasty.jpg
EAS_027,Ramesses V&VI Tomb,ancient Egyptian royal tomb and Ancient tourism,Valley of the Kings,25.74036828,32.60130389,"This tomb was begun by King Ramesses V (c.1147–1143 BC) of the Twentieth Dynasty. Although it is uncertain whether he was ultimately buried here, it is clear that his uncle Ramesses VI (c.1143–1136 BC) enlarged the tomb and used it for his burial.

The tomb is simple in plan, essentially consisting of a series of descending corridors that lead deep underground, in a straight line to the burial chamber. The exquisitely painted sunk relief walls are very well preserved.

The tomb’s decorative programme consists of various funerary texts to help the king in his successful transition to the afterlife. The first descending passages are decorated with the Book of Gates, Book of Caverns, and Books of the Heavens, ancient Egyptian books of the afterlife. The passages beyond bear scenes from the Amduat, the Book of the Dead, and the Books of the Heavens, and scenes from the Book of the Earth adorn the burial chamber. All ceilings are decorated with astronomical scenes and texts. Some of these funerary texts are collections of spells, and others are maps of the underworld, describing the sun god’s daily nocturnal journey through it. Through them, just like the sun god, the king could achieve a glorious rebirth in the eastern horizon at dawn.",30,All Days,from 06:00 am Last Entry 05:00 pm,Closed,from 06:00 am Last Entry 04:00 pm,Closed,from 06:00 am Last Entry 04:00 pm,Closed,There are no other days,0,0,220,110,30,10,30,10,0,0,0,0,"Free entry for children below 6 years.
  Free entry for Egyptians with special needs.
  Free entry for Egyptians above 60 years.
  Photography with mobile phone is free of charge",There is currently no inclusive ticket access,0,0,0,0,There is no event currently,0,0,0,0,Valley of the Kings,"Name: Ramesses V&VI Tomb; Category: ancient Egyptian royal tomb and Ancient tourism; City: Valley of the Kings; Description: This tomb was begun by King Ramesses V (c.1147–1143 BC) of the Twentieth Dynasty. Although it is uncertain whether he was ultimately buried here, it is clear that his uncle Ramesses VI (c.1143–1136 BC) enlarged the tomb and used it for his burial.

The tomb is simple in plan, essentially consisting of a series of descending corridors that lead deep underground, in a straight line to the burial chamber. The exquisitely painted sunk relief walls are very well preserved.

The tomb’s decorative programme consists of various funerary texts to help the king in his successful transition to the afterlife. The first descending passages are decorated with the Book of Gates, Book of Caverns, and Books of the Heavens, ancient Egyptian books of the afterlife. The passages beyond bear scenes from the Amduat, the Book of the Dead, and the Books of the Heavens, and scenes from the Book of the Earth adorn the burial chamber. All ceilings are decorated with astronomical scenes and texts. Some of these funerary texts are collections of spells, and others are maps of the underworld, describing the sun god’s daily nocturnal journey through it. Through them, just like the sun god, the king could achieve a glorious rebirth in the eastern horizon at dawn.",https://images.unsplash.com/photo-1632944398987-494eebe663be?w=500&auto=format&fit=crop&q=60&ixlib=rb-4.1.0&ixid=M3wxMjA3fDB8MHxzZWFyY2h8Mnx8UmFtZXNzZXMlMjBWJTI2VkklMjBUb21ifGVufDB8fDB8fHww
EAS_028,Tomb of Seti I,ancient Egyptian royal tomb and Ancient tourism,Valley of the Kings,25.73998417,32.60197888,"The tomb of Sety I is one of the longest, deepest, and most beautifully decorated tombs in the Valley of the Kings. Sety I (c.1294–1279 BC) was the second king of the Nineteenth Dynasty, and father of Ramesses II (the Great). His tomb, number 17 in the Valley of the Kings, is sometimes called “Belzoni’s tomb” after its discoverer.

 Like the other tombs in the Valley of the Kings, the tomb of Sety I is decorated with various funerary texts, the aim of which was to ensure his successful transition to the afterlife. The tomb of Sety I was the first tomb in the Valley of the Kings to be entirely decorated. The elegant painted scenes and reliefs are of the exquisite quality that the reign of Sety I is so well known for. The funerary texts attested there are the Litany of Re, Amduat, and Book of Gates, in addition to the Book of the Divine Cow and the gorgeous astronomical scenes decorating the ceiling of his burial chamber, simulating the night sky.

 Architecturally, the tomb of Sety I falls under the “joggled axis” type characteristic of his period. The first series of corridors and descending passageways terminate into the first pillared room, where, in the facing wall, but off-axis, another series of descending passageways cut into the floor of the room lead to the burial chamber. The tomb does feature a number of new and unique characteristics. Along the same axis of the first series of corridors and descending passageways, a doorway leads into a single room. This may have been intended to lead intruders to believe that this was the actual burial chamber. The tomb of Sety I is also the first tomb to possess a burial chamber with a vaulted ceiling. Perhaps most interesting of all is that the passage begins on the floor of the burial chamber, descending even further, deep into the earth. It is believed that this was intended to ritually connect the tomb of Sety I with the primeval and regenerative powers of the underworld.

In 1821, painted recreations of several rooms from the tomb of Sety I were displayed in the Egyptian Hall in Piccadilly in London. This exhibition, put together by the discoverer of the tomb, Giovanni Battista Belzoni, made an ancient Egyptian tomb available to various members of the public. It captured people’s imagination, and is one of the first monuments responsible for attracting popular attention to ancient Egypt.",120,All Days,from 06:00 am Last Entry 05:00 pm,Closed,from 06:00 am Last Entry 04:00 pm,Closed,from 06:00 am Last Entry 04:00 pm,Closed,There are no other days,0,0,2000,2000,500,250,500,250,0,0,0,0,"Free entry for children below 6 years.
  Free entry for Egyptians with special needs.
  Free entry for Egyptians above 60 years.
  Photography with mobile phone is free of charge",There is currently no inclusive ticket access,0,0,0,0,There is no event currently,0,0,0,0,Valley of the Kings,"Name: Tomb of Seti I; Category: ancient Egyptian royal tomb and Ancient tourism; City: Valley of the Kings; Description: The tomb of Sety I is one of the longest, deepest, and most beautifully decorated tombs in the Valley of the Kings. Sety I (c.1294–1279 BC) was the second king of the Nineteenth Dynasty, and father of Ramesses II (the Great). His tomb, number 17 in the Valley of the Kings, is sometimes called “Belzoni’s tomb” after its discoverer.

 Like the other tombs in the Valley of the Kings, the tomb of Sety I is decorated with various funerary texts, the aim of which was to ensure his successful transition to the afterlife. The tomb of Sety I was the first tomb in the Valley of the Kings to be entirely decorated. The elegant painted scenes and reliefs are of the exquisite quality that the reign of Sety I is so well known for. The funerary texts attested there are the Litany of Re, Amduat, and Book of Gates, in addition to the Book of the Divine Cow and the gorgeous astronomical scenes decorating the ceiling of his burial chamber, simulating the night sky.

 Architecturally, the tomb of Sety I falls under the “joggled axis” type characteristic of his period. The first series of corridors and descending passageways terminate into the first pillared room, where, in the facing wall, but off-axis, another series of descending passageways cut into the floor of the room lead to the burial chamber. The tomb does feature a number of new and unique characteristics. Along the same axis of the first series of corridors and descending passageways, a doorway leads into a single room. This may have been intended to lead intruders to believe that this was the actual burial chamber. The tomb of Sety I is also the first tomb to possess a burial chamber with a vaulted ceiling. Perhaps most interesting of all is that the passage begins on the floor of the burial chamber, descending even further, deep into the earth. It is believed that this was intended to ritually connect the tomb of Sety I with the primeval and regenerative powers of the underworld.

In 1821, painted recreations of several rooms from the tomb of Sety I were displayed in the Egyptian Hall in Piccadilly in London. This exhibition, put together by the discoverer of the tomb, Giovanni Battista Belzoni, made an ancient Egyptian tomb available to various members of the public. It captured people’s imagination, and is one of the first monuments responsible for attracting popular attention to ancient Egypt.",https://upload.wikimedia.org/wikipedia/commons/thumb/7/76/KV17%2C_the_tomb_of_Pharaoh_Seti_I_of_the_Nineteenth_Dynasty%2C_Valley_of_the_Kings%2C_Egypt_%2849846343021%29.jpg/1280px-KV17%2C_the_tomb_of_Pharaoh_Seti_I_of_the_Nineteenth_Dynasty%2C_Valley_of_the_Kings%2C_Egypt_%2849846343021%29.jpg
EAS_029,Philae Panorama,Ptolemaic-era Egyptian temple complex and ancient site,Aswan,24.02560864,32.88410394,"The monuments of Philae include many structures dating predominantly to the Ptolemaic Period (332–30 BC). The most prominent of these is a temple begun by Ptolemy II Philadelphus (285–246 BC), which he dedicated to Isis, the mother of Horus, the god of kingship. A scene in the mammisi, or birth room, where the birth of Horus was celebrated, depicts Isis suckling her son Horus in the marshes.

The temple of Isis was one of the last ancient Egyptian temples to remain active, as it continued to function until the reign of the Byzantine Emperor Justinian I (527–565 AD), who ordered the foreclosure of all pagan temples. It is here that a priest of Isis named Esmet-Akhom carved the very last dated hieroglyphic inscription, which dates to the late 4th century AD (394 AD). The temple was converted into a Christian church and many inscriptions were deliberately destroyed.

Nearby, there also is a temple dedicated to Hathor built by Ptolemy VI Philometor (180–145 BC) and Augustus, the first emperor of Rome (30 BC–14 AD). The Kiosk of Trajan (98–117 AD), which used to front the temple complex of Philae, still stands strong, despite its roof having disappeared. Its regular arrangement of columns made it an aesthetic delight and was regularly described or depicted by travelers to the island. Isis is once again central to this cult, as the emperor is shown making offerings to her, her consort Osiris, and their son Horus.

All these monuments were relocated from the original Philae island to the nearby island of Agilkia during the UNESCO Nubia Campaign in the 1960’s to rescue sites flooded by the construction of the Aswan High Dam.",150,All Days,from 07:00 am Last Entry 03:00 pm,Closed,from 07:00 am Last Entry 03:00 pm,Closed,from 07:00 am Last Entry 03:00 pm,Closed,There are no other days,0,0,200,100,40,20,40,20,0,0,0,0,"Free entry for children below 6 years.
  Free entry for Egyptians with special needs.
  Free entry for Egyptians above 60 years.
  Photography with mobile phone is free of charge",There is currently no inclusive ticket access,0,0,0,0,There is no event currently,0,0,0,0,Aswan,"Name: Philae Panorama; Category: Ptolemaic-era Egyptian temple complex and ancient site; City: Aswan; Description: The monuments of Philae include many structures dating predominantly to the Ptolemaic Period (332–30 BC). The most prominent of these is a temple begun by Ptolemy II Philadelphus (285–246 BC), which he dedicated to Isis, the mother of Horus, the god of kingship. A scene in the mammisi, or birth room, where the birth of Horus was celebrated, depicts Isis suckling her son Horus in the marshes.

The temple of Isis was one of the last ancient Egyptian temples to remain active, as it continued to function until the reign of the Byzantine Emperor Justinian I (527–565 AD), who ordered the foreclosure of all pagan temples. It is here that a priest of Isis named Esmet-Akhom carved the very last dated hieroglyphic inscription, which dates to the late 4th century AD (394 AD). The temple was converted into a Christian church and many inscriptions were deliberately destroyed.

Nearby, there also is a temple dedicated to Hathor built by Ptolemy VI Philometor (180–145 BC) and Augustus, the first emperor of Rome (30 BC–14 AD). The Kiosk of Trajan (98–117 AD), which used to front the temple complex of Philae, still stands strong, despite its roof having disappeared. Its regular arrangement of columns made it an aesthetic delight and was regularly described or depicted by travelers to the island. Isis is once again central to this cult, as the emperor is shown making offerings to her, her consort Osiris, and their son Horus.

All these monuments were relocated from the original Philae island to the nearby island of Agilkia during the UNESCO Nubia Campaign in the 1960’s to rescue sites flooded by the construction of the Aswan High Dam.",https://media.istockphoto.com/id/2241363898/photo/panoramic-view-of-the-ancient-philae-temple-from-the-nile-river-in-aswan-egypt-travel-header.webp?a=1&b=1&s=612x612&w=0&k=20&c=ZZzd5apAPRkMtBBJhyzAbDR9r5T57QeaxMwCqGG0eDU=
EAS_030,Edfu Temple,ancient Egyptian temple architecture,Aswan,24.97775535,32.87263265,"Edfu Temple is one of the most striking and complete of ancient Egyptian temples and is dedicated to the worship of the god Horus. Situated on the western bank of the Nile, its construction began during the reign of Ptolemy III (246–221 BC) in 237 BC, but was completed in the reign of Ptolemy XII (80–51 BC) in 57 BC, 180 years later.

The temple remained buried under layers of settlement debris for millennia, which is why its architectural and decorative elements have survived so well. In 1860 the French archaeologist Auguste Mariette uncovered and restored parts of the temple.

The temple is fronted by two massive pylons that bear scenes of Ptolemy XII conquering his enemies and worshiping deities. Two large granite statues of the falcon-god Horus stand before the pylons. Once through the pylons you enter into a large Peristyle court lined with columns decorated with floral capitals.

Beyond this court are two Hypostyle Halls, the first illustrates the temple’s foundation with the king engaged in worship, the second holds scenes of Horus’ journey in a sacred bark accompanied by the goddess Hathor. From the second Hypostyle Hall is the Transverse Hall, then the Sanctuary of the temple.",150,Saturday - Monday - Tuesday - Thursday - Friday,from 07:00 am Last Entry 04:00 pm,Closed,from 07:00 am Last Entry 04:00 pm,Closed,from 07:00 am Last Entry 04:00 pm,Closed,Sunday - Wednesday,from 06:00 am Last Entry 04:00 pm,0,550,275,40,20,40,20,25,100,75,50,"Free entry for children below 6 years.
  Free entry for Egyptians with special needs.
  Free entry for Egyptians above 60 years.
  Photography with mobile phone is free of charge",There is currently no inclusive ticket access,0,0,0,0,There is no event currently,0,0,0,0,Aswan,"Name: Edfu Temple; Category: ancient Egyptian temple architecture; City: Aswan; Description: Edfu Temple is one of the most striking and complete of ancient Egyptian temples and is dedicated to the worship of the god Horus. Situated on the western bank of the Nile, its construction began during the reign of Ptolemy III (246–221 BC) in 237 BC, but was completed in the reign of Ptolemy XII (80–51 BC) in 57 BC, 180 years later.

The temple remained buried under layers of settlement debris for millennia, which is why its architectural and decorative elements have survived so well. In 1860 the French archaeologist Auguste Mariette uncovered and restored parts of the temple.

The temple is fronted by two massive pylons that bear scenes of Ptolemy XII conquering his enemies and worshiping deities. Two large granite statues of the falcon-god Horus stand before the pylons. Once through the pylons you enter into a large Peristyle court lined with columns decorated with floral capitals.

Beyond this court are two Hypostyle Halls, the first illustrates the temple’s foundation with the king engaged in worship, the second holds scenes of Horus’ journey in a sacred bark accompanied by the goddess Hathor. From the second Hypostyle Hall is the Transverse Hall, then the Sanctuary of the temple.",https://upload.wikimedia.org/wikipedia/commons/thumb/7/7f/Temple_Edfou_Egypte.jpg/1280px-Temple_Edfou_Egypte.jpg
EAS_031,Rekhmire & Senn Tombs,ancient Egyptian nobles of the 18th Dynasty,Luxor,25.7315138,32.60738007,"The tomb of Rekhmire, vizier under Tuthmosis III and Amenhotep II, is one of the best preserved in the area. The long, narrow central chamber is unusual in that it slopes upwards towards a false door. The west wall shows Rekhmire inspecting the production of metals, bricks, jewellery, leather, furniture and statuary, including workers on scaffolding. The east wall shows banquet scenes, complete with lyrics; the female harpist sings: ‘Put perfume on the hair of the goddess Maat’.",90,All Days,from 06:00 am Last Entry 05:00 pm,Closed,from 06:00 am Last Entry 04:00 pm,Closed,from 06:00 am Last Entry 04:00 pm,Closed,There are no other days,0,0,120,60,10,5,10,5,25,100,75,50,"Free entry for children below 6 years.
  Free entry for Egyptians with special needs.
  Free entry for Egyptians above 60 years.
  Photography with mobile phone is free of charge",There is currently no inclusive ticket access,0,0,0,0,There is no event currently,0,0,0,0,Luxor,"Name: Rekhmire & Senn Tombs; Category: ancient Egyptian nobles of the 18th Dynasty; City: Luxor; Description: The tomb of Rekhmire, vizier under Tuthmosis III and Amenhotep II, is one of the best preserved in the area. The long, narrow central chamber is unusual in that it slopes upwards towards a false door. The west wall shows Rekhmire inspecting the production of metals, bricks, jewellery, leather, furniture and statuary, including workers on scaffolding. The east wall shows banquet scenes, complete with lyrics; the female harpist sings: ‘Put perfume on the hair of the goddess Maat’.",https://media.istockphoto.com/id/481930032/photo/al-bagawat-kharga-egypt.webp?a=1&b=1&s=612x612&w=0&k=20&c=HKZIu7Shny-hj89hVjezUs_nGidpPklX0ssLGZMU0O4=
EAS_032,Nakht & Menna Tombs,ancient Egyptian nobles of the 18th Dynasty,Luxor,25.73192118,32.60993104,"The beautiful and highly colourful wall paintings in the tomb of Menna and the tomb of Nakht emphasise rural life in 18th-dynasty Egypt. Menna was an estate inspector and Nakht was an astronomer of Amun. Their finely detailed tombs show scenes of farming, hunting, fishing and feasting. The walls have some of the best-known examples of Egyptian tomb paintings.",120,All Days,from 06:00 am Last Entry 05:00 pm,Closed,from 06:00 am Last Entry 04:00 pm,Closed,from 06:00 am Last Entry 04:00 pm,Closed,There are no other days,0,0,200,100,20,10,20,10,25,100,75,50,"Free entry for children below 6 years.
  Free entry for Egyptians with special needs.
  Free entry for Egyptians above 60 years.
  Photography with mobile phone is free of charge",There is currently no inclusive ticket access,0,0,0,0,There is no event currently,0,0,0,0,Luxor,"Name: Nakht & Menna Tombs; Category: ancient Egyptian nobles of the 18th Dynasty; City: Luxor; Description: The beautiful and highly colourful wall paintings in the tomb of Menna and the tomb of Nakht emphasise rural life in 18th-dynasty Egypt. Menna was an estate inspector and Nakht was an astronomer of Amun. Their finely detailed tombs show scenes of farming, hunting, fishing and feasting. The walls have some of the best-known examples of Egyptian tomb paintings.",https://www.etltravel.com/wp-content/uploads/2021/10/menna-tomb-luxor-egypt-050.jpg
EAS_033,Khonsu Tombs,ancient Egyptian nobles of the 19th Dynasty,Luxor,25.73105518,32.60993087,"Khonsu was First Prophet in the now-vanished memorial temple of Tuthmosis III (1479–1425 BC). Inside the first chamber of Khonsu’s tomb are scenes of the Montu festival at Armant, about 20km south of Luxor; this was the festival of the god of war over which Khonsu presided. The sacred barque with the shrine of Montu is towed by two smaller boats. The gods Osiris and Anubis are also honoured, and in many scenes Khonsu is seen making offerings to them. The ceiling is adorned with images of ducks flying around and nests with eggs.",60,All Days,from 06:00 am Last Entry 05:00 pm,Closed,from 06:00 am Last Entry 04:00 pm,Closed,from 06:00 am Last Entry 04:00 pm,Closed,There are no other days,0,0,120,60,10,5,10,5,25,100,75,50,"Free entry for children below 6 years.
  Free entry for Egyptians with special needs.
  Free entry for Egyptians above 60 years.
  Photography with mobile phone is free of charge",There is currently no inclusive ticket access,0,0,0,0,There is no event currently,0,0,0,0,Luxor,"Name: Khonsu Tombs; Category: ancient Egyptian nobles of the 19th Dynasty; City: Luxor; Description: Khonsu was First Prophet in the now-vanished memorial temple of Tuthmosis III (1479–1425 BC). Inside the first chamber of Khonsu’s tomb are scenes of the Montu festival at Armant, about 20km south of Luxor; this was the festival of the god of war over which Khonsu presided. The sacred barque with the shrine of Montu is towed by two smaller boats. The gods Osiris and Anubis are also honoured, and in many scenes Khonsu is seen making offerings to them. The ceiling is adorned with images of ducks flying around and nests with eggs.",https://media.istockphoto.com/id/476795670/photo/the-great-hypostyle-hall-of-the-temple-of-karnak-luxor-egypt.webp?a=1&b=1&s=612x612&w=0&k=20&c=Bx2GKwf30ierzUWn16CbgDHB7ICsa4mLzG4vkSI5OL8=
EAS_034,Qurnet Murai Tombs,Theban necropolis and New Kingdom administrative official tombs,Luxor,25.72478298,32.60342652,"Qurnet Murai is a small hill located in the southernmost part of the private necropolis at Thebes. It is situated directly behind Kom el-Hetan, the great funerary temple of Amenhotep III. As with Sheikh Abd el-Qurna, the occupation of the site began during the second half of the 11th Dynasty. Several huge saff-tombs dating back to this epoch are nowadays hidden behind modern houses. The presence and expansion of the present village have caused the permanent destruction and disappearance of numerous tombs in this area. Although the whole hillside is honeycombed with rock-cut tombs (mostly undecorated), only seventeen have been placed on the official list of numbered tombs. During the last decade, even some of these tombs have vanished. Apart from a few tombs dating either to the first half of the 18th Dynasty or the Ramesside era (19th–20th Dynasties), the majority of Qurnet Murai tombs date to the reigns of Amenhotep III, Ay, and Tutankhamen. The vicinity of the royal funerary temples of these kings and the neighborhood of Amenhotep’s city of Malkata are the main reasons for the popularity of Qurnet Murai during the late 18th Dynasty.",240,All Days,from 06:00 am Last Entry 05:00 pm,Closed,from 06:00 am Last Entry 04:00 pm,Closed,from 06:00 am Last Entry 04:00 pm,Closed,There are no other days,0,0,120,60,10,5,10,5,25,100,75,50,"Free entry for children below 6 years.
  Free entry for Egyptians with special needs.
  Free entry for Egyptians above 60 years.
  Photography with mobile phone is free of charge",There is currently no inclusive ticket access,0,0,0,0,There is no event currently,0,0,0,0,Luxor,"Name: Qurnet Murai Tombs; Category: Theban necropolis and New Kingdom administrative official tombs; City: Luxor; Description: Qurnet Murai is a small hill located in the southernmost part of the private necropolis at Thebes. It is situated directly behind Kom el-Hetan, the great funerary temple of Amenhotep III. As with Sheikh Abd el-Qurna, the occupation of the site began during the second half of the 11th Dynasty. Several huge saff-tombs dating back to this epoch are nowadays hidden behind modern houses. The presence and expansion of the present village have caused the permanent destruction and disappearance of numerous tombs in this area. Although the whole hillside is honeycombed with rock-cut tombs (mostly undecorated), only seventeen have been placed on the official list of numbered tombs. During the last decade, even some of these tombs have vanished. Apart from a few tombs dating either to the first half of the 18th Dynasty or the Ramesside era (19th–20th Dynasties), the majority of Qurnet Murai tombs date to the reigns of Amenhotep III, Ay, and Tutankhamen. The vicinity of the royal funerary temples of these kings and the neighborhood of Amenhotep’s city of Malkata are the main reasons for the popularity of Qurnet Murai during the late 18th Dynasty.",https://media.istockphoto.com/id/176841538/photo/village-of-qurnet-murai-luxor-egypt.jpg?s=612x612&w=0&k=20&c=E5kwOir-dGw8rgkRlyoq3OEJNpgrN6In5JTUlqcdltE=
EAS_035,Ramose Tombs,ancient Egyptian individuals and artifacts,Luxor,25.7307788,32.60892069,"The tomb of Ramose, a governor of Thebes under Amenhotep III and Akhenaten, is fascinating because it is one of the few monuments dating from a period of transition between two different forms of religious worship. The exquisite paintings and low reliefs show scenes in two different styles from the reigns of both pharaohs, depicting Ramose’s funeral and his relationship with Akhenaten. The tomb was never actually finished, perhaps because Ramose died prematurely.",60,All Days,from 06:00 am Last Entry 05:00 pm,Closed,from 06:00 am Last Entry 04:00 pm,Closed,from 06:00 am Last Entry 04:00 pm,Closed,There are no other days,0,0,200,100,20,10,20,10,25,100,75,50,"Free entry for children below 6 years.
  Free entry for Egyptians with special needs.
  Free entry for Egyptians above 60 years.
  Photography with mobile phone is free of charge",There is currently no inclusive ticket access,0,0,0,0,There is no event currently,0,0,0,0,Luxor,"Name: Ramose Tombs; Category: ancient Egyptian individuals and artifacts; City: Luxor; Description: The tomb of Ramose, a governor of Thebes under Amenhotep III and Akhenaten, is fascinating because it is one of the few monuments dating from a period of transition between two different forms of religious worship. The exquisite paintings and low reliefs show scenes in two different styles from the reigns of both pharaohs, depicting Ramose’s funeral and his relationship with Akhenaten. The tomb was never actually finished, perhaps because Ramose died prematurely.",https://upload.wikimedia.org/wikipedia/commons/thumb/b/b7/Vezir_Ramose_and_spose_Merit-Ptah.jpg/1280px-Vezir_Ramose_and_spose_Merit-Ptah.jpg
EAS_036,El Khokha Tombs,Theban necropolis,Luxor,25.6989,32.6122,"One of the minor parts of the Theban necropolis, called el-Khokha, consists of a hillock and an adjacent little valley to the south, which separates the region of el-Asasif in the north from Sheikh Abd el-Qurna in the south. This location, next to the causeways leading to the mortuary temples of Deir el-Bahri, seems to be one of the main reasons for the popularity of this part of the necropolis, especially for persons of middle rank in the New Kingdom. Other reasons may be its proximity to the funerary temple of Tuthmose III and the fact that one of the two access roads leading to the hillside of Sheikh Abd el-Qurna runs along the southern slope of the hillock of el-Khokha. In all parts of the necropolis, easy access and orientation to processional roads are basic motives for the position of tombs. The honeycombed hill of el-Khokha should be counted among the most intensively occupied parts of the Theban necropolis, along with the northern region of Dra’ Abu el-Naga. The earliest rock-cut tombs of Thebes are situated at el-Khokha. The area had such prestige at the end of the Old Kingdom and the First Intermediate Period that even nomarchs erected their tombs in this part of the necropolis; the reason for this is still unknown. In addition to the four decorated and officially numbered tombs of this period, there may be several undecorated and unexcavated tombs, likewise dating to the First Intermediate Period or the Middle Kingdom.",90,All Days,from 06:00 am Last Entry 05:00 pm,Closed,from 06:00 am Last Entry 04:00 pm,Closed,from 06:00 am Last Entry 04:00 pm,Closed,There are no other days,0,0,120,60,10,5,10,5,25,100,75,50,"Free entry for children below 6 years.
  Free entry for Egyptians with special needs.
  Free entry for Egyptians above 60 years.
  Photography with mobile phone is free of charge",There is currently no inclusive ticket access,0,0,0,0,There is no event currently,0,0,0,0,Luxor,"Name: El Khokha Tombs; Category:  Theban necropolis; City: Luxor; Description: One of the minor parts of the Theban necropolis, called el-Khokha, consists of a hillock and an adjacent little valley to the south, which separates the region of el-Asasif in the north from Sheikh Abd el-Qurna in the south. This location, next to the causeways leading to the mortuary temples of Deir el-Bahri, seems to be one of the main reasons for the popularity of this part of the necropolis, especially for persons of middle rank in the New Kingdom. Other reasons may be its proximity to the funerary temple of Tuthmose III and the fact that one of the two access roads leading to the hillside of Sheikh Abd el-Qurna runs along the southern slope of the hillock of el-Khokha. In all parts of the necropolis, easy access and orientation to processional roads are basic motives for the position of tombs. The honeycombed hill of el-Khokha should be counted among the most intensively occupied parts of the Theban necropolis, along with the northern region of Dra’ Abu el-Naga. The earliest rock-cut tombs of Thebes are situated at el-Khokha. The area had such prestige at the end of the Old Kingdom and the First Intermediate Period that even nomarchs erected their tombs in this part of the necropolis; the reason for this is still unknown. In addition to the four decorated and officially numbered tombs of this period, there may be several undecorated and unexcavated tombs, likewise dating to the First Intermediate Period or the Middle Kingdom.",https://upload.wikimedia.org/wikipedia/commons/thumb/8/80/El-Khokha_necropolis.JPG/1280px-El-Khokha_necropolis.JPG
EAS_037,Abo Naga Arm South Tombs,private and Royal Tombs,Luxor,25.73696061,32.62413197,"One of the most important parts of the Theban necropolis, called Dra’ Abu el-Naga, stretches from the mouth of the Valley of the Kings on the north to the entrance of the valley leading to el-Asasif and Deir el-Bahri in the south. In general, the area is divided into Dra’ Abu el-Naga North and South, with a between the two. More detailed and precise designations of specific points are as follows from north to south: (1) Khawi el-Alamat, a wadi leading to one of the supposed early royal 18th Dynasty tombs; (2) the so-called “main hill”; (3) the region around and below the Coptic monastery of Deir el-Bakhit; (4) the wadi called “Shig elAteyat”; and (5) the hillside and plain of “el-Mandara.”   The history of Dra’ Abu el-Naga starts with the beginning of the 17th Dynasty. Since the excavations of Auguste Mariette, Giuseppe Passalaqua, Flinders Petrie, the Marquis of Northampton, and Howard Carter and Lord Carnarvon beginning in the nineteenth century, it has been known that royal and private cemeteries of the 17th Dynasty were situated at Dra’ Abu el-Naga. Numerous important artifacts of private and royal burials went to various museums, but the unpublished notes and manuscripts of the excavators gave no precise description of the location of the important royal tombs. Studying these notes in comparison with the pharaonic description of the site in the famous Tomb Robbery Papyri of the 20th Dynasty, H.E.Winlock published a noteworthy article in 1924. His results suggest that the royal tombs were situated more or less at the foot of the Dra’ Abu el-Naga hills, in the close vicinity of the private tombs, and arranged like the itinerary order of the ancient papyri. After surveying the area in 1989, Friederike Kampp pointed out that the royal tombs would be more likely located in the upper regions of the site.",210,All Days,from 06:00 am Last Entry 05:00 pm,Closed,from 06:00 am Last Entry 04:00 pm,Closed,from 06:00 am Last Entry 04:00 pm,Closed,There are no other days,0,0,50,25,20,10,20,10,25,100,75,50,"Free entry for children below 6 years.
  Free entry for Egyptians with special needs.
  Free entry for Egyptians above 60 years.
  Photography with mobile phone is free of charge",There is currently no inclusive ticket access,0,0,0,0,There is no event currently,0,0,0,0,Luxor,"Name: Abo Naga Arm South Tombs; Category: private and Royal Tombs; City: Luxor; Description: One of the most important parts of the Theban necropolis, called Dra’ Abu el-Naga, stretches from the mouth of the Valley of the Kings on the north to the entrance of the valley leading to el-Asasif and Deir el-Bahri in the south. In general, the area is divided into Dra’ Abu el-Naga North and South, with a between the two. More detailed and precise designations of specific points are as follows from north to south: (1) Khawi el-Alamat, a wadi leading to one of the supposed early royal 18th Dynasty tombs; (2) the so-called “main hill”; (3) the region around and below the Coptic monastery of Deir el-Bakhit; (4) the wadi called “Shig elAteyat”; and (5) the hillside and plain of “el-Mandara.”   The history of Dra’ Abu el-Naga starts with the beginning of the 17th Dynasty. Since the excavations of Auguste Mariette, Giuseppe Passalaqua, Flinders Petrie, the Marquis of Northampton, and Howard Carter and Lord Carnarvon beginning in the nineteenth century, it has been known that royal and private cemeteries of the 17th Dynasty were situated at Dra’ Abu el-Naga. Numerous important artifacts of private and royal burials went to various museums, but the unpublished notes and manuscripts of the excavators gave no precise description of the location of the important royal tombs. Studying these notes in comparison with the pharaonic description of the site in the famous Tomb Robbery Papyri of the 20th Dynasty, H.E.Winlock published a noteworthy article in 1924. His results suggest that the royal tombs were situated more or less at the foot of the Dra’ Abu el-Naga hills, in the close vicinity of the private tombs, and arranged like the itinerary order of the ancient papyri. After surveying the area in 1989, Friederike Kampp pointed out that the royal tombs would be more likely located in the upper regions of the site.",https://exploreluxor.org/wp-content/uploads/2023/12/drabauelnaga-.jpg
EAS_038,Abo Naga Arm North Tombs,private and Royal Tombs,Luxor,25.73696065,32.6241339,"One of the most important parts of the Theban necropolis, called Dra’ Abu el-Naga, stretches from the mouth of the Valley of the Kings on the north to the entrance of the valley leading to el-Asasif and Deir el-Bahri in the south. In general, the area is divided into Dra’ Abu el-Naga North and South, with a between the two. More detailed and precise designations of specific points are as follows from north to south: (1) Khawi el-Alamat, a wadi leading to one of the supposed early royal 18th Dynasty tombs; (2) the so-called “main hill”; (3) the region around and below the Coptic monastery of Deir el-Bakhit; (4) the wadi called “Shig elAteyat”; and (5) the hillside and plain of “el-Mandara.”   The history of Dra’ Abu el-Naga starts with the beginning of the 17th Dynasty. Since the excavations of Auguste Mariette, Giuseppe Passalaqua, Flinders Petrie, the Marquis of Northampton, and Howard Carter and Lord Carnarvon beginning in the nineteenth century, it has been known that royal and private cemeteries of the 17th Dynasty were situated at Dra’ Abu el-Naga. Numerous important artifacts of private and royal burials went to various museums, but the unpublished notes and manuscripts of the excavators gave no precise description of the location of the important royal tombs. Studying these notes in comparison with the pharaonic description of the site in the famous Tomb Robbery Papyri of the 20th Dynasty, H.E.Winlock published a noteworthy article in 1924. His results suggest that the royal tombs were situated more or less at the foot of the Dra’ Abu el-Naga hills, in the close vicinity of the private tombs, and arranged like the itinerary order of the ancient papyri. After surveying the area in 1989, Friederike Kampp pointed out that the royal tombs would be more likely located in the upper regions of the site.",210,All Days,from 06:00 am Last Entry 05:00 pm,Closed,from 06:00 am Last Entry 04:00 pm,Closed,from 06:00 am Last Entry 04:00 pm,Closed,There are no other days,0,0,120,60,20,10,20,10,25,100,75,50,"Free entry for children below 6 years.
  Free entry for Egyptians with special needs.
  Free entry for Egyptians above 60 years.
  Photography with mobile phone is free of charge",There is currently no inclusive ticket access,0,0,0,0,There is no event currently,0,0,0,0,Luxor,"Name: Abo Naga Arm North Tombs; Category: private and Royal Tombs; City: Luxor; Description: One of the most important parts of the Theban necropolis, called Dra’ Abu el-Naga, stretches from the mouth of the Valley of the Kings on the north to the entrance of the valley leading to el-Asasif and Deir el-Bahri in the south. In general, the area is divided into Dra’ Abu el-Naga North and South, with a between the two. More detailed and precise designations of specific points are as follows from north to south: (1) Khawi el-Alamat, a wadi leading to one of the supposed early royal 18th Dynasty tombs; (2) the so-called “main hill”; (3) the region around and below the Coptic monastery of Deir el-Bakhit; (4) the wadi called “Shig elAteyat”; and (5) the hillside and plain of “el-Mandara.”   The history of Dra’ Abu el-Naga starts with the beginning of the 17th Dynasty. Since the excavations of Auguste Mariette, Giuseppe Passalaqua, Flinders Petrie, the Marquis of Northampton, and Howard Carter and Lord Carnarvon beginning in the nineteenth century, it has been known that royal and private cemeteries of the 17th Dynasty were situated at Dra’ Abu el-Naga. Numerous important artifacts of private and royal burials went to various museums, but the unpublished notes and manuscripts of the excavators gave no precise description of the location of the important royal tombs. Studying these notes in comparison with the pharaonic description of the site in the famous Tomb Robbery Papyri of the 20th Dynasty, H.E.Winlock published a noteworthy article in 1924. His results suggest that the royal tombs were situated more or less at the foot of the Dra’ Abu el-Naga hills, in the close vicinity of the private tombs, and arranged like the itinerary order of the ancient papyri. After surveying the area in 1989, Friederike Kampp pointed out that the royal tombs would be more likely located in the upper regions of the site.",https://i0.wp.com/the-past.com/wp-content/uploads/2024/08/post-1_image10-3.jpg?resize=1024%2C533&ssl=1
EAS_039,Temple of Seti I,mortuary temple and archaeological site,Luxor,25.73272455,32.62811264,"The tomb of Sety I is one of the longest, deepest, and most beautifully decorated tombs in the Valley of the Kings. Sety I (c.1294–1279 BC) was the second king of the Nineteenth Dynasty, and father of Ramesses II (the Great). His tomb, number 17 in the Valley of the Kings, is sometimes called “Belzoni’s tomb” after its discoverer.

 Like the other tombs in the Valley of the Kings, the tomb of Sety I is decorated with various funerary texts, the aim of which was to ensure his successful transition to the afterlife. The tomb of Sety I was the first tomb in the Valley of the Kings to be entirely decorated. The elegant painted scenes and reliefs are of the exquisite quality that the reign of Sety I is so well known for. The funerary texts attested there are the Litany of Re, Amduat, and Book of Gates, in addition to the Book of the Divine Cow and the gorgeous astronomical scenes decorating the ceiling of his burial chamber, simulating the night sky.

 Architecturally, the tomb of Sety I falls under the “joggled axis” type characteristic of his period. The first series of corridors and descending passageways terminate into the first pillared room, where, in the facing wall, but off-axis, another series of descending passageways cut into the floor of the room lead to the burial chamber. The tomb does feature a number of new and unique characteristics. Along the same axis of the first series of corridors and descending passageways, a doorway leads into a single room. This may have been intended to lead intruders to believe that this was the actual burial chamber. The tomb of Sety I is also the first tomb to possess a burial chamber with a vaulted ceiling. Perhaps most interesting of all is that the passage begins on the floor of the burial chamber, descending even further, deep into the earth. It is believed that this was intended to ritually connect the tomb of Sety I with the primeval and regenerative powers of the underworld.

In 1821, painted recreations of several rooms from the tomb of Sety I were displayed in the Egyptian Hall in Piccadilly in London. This exhibition, put together by the discoverer of the tomb, Giovanni Battista Belzoni, made an ancient Egyptian tomb available to various members of the public. It captured people’s imagination, and is one of the first monuments responsible for attracting popular attention to ancient Egypt.",120,All Days,from 06:00 am Last Entry 05:00 pm,Closed,from 06:00 am Last Entry 04:00 pm,Closed,from 06:00 am Last Entry 04:00 pm,Closed,There are no other days,0,0,200,100,10,5,10,5,25,100,75,50,"Free entry for children below 6 years.
  Free entry for Egyptians with special needs.
  Free entry for Egyptians above 60 years.
  Photography with mobile phone is free of charge",There is currently no inclusive ticket access,0,0,0,0,There is no event currently,0,0,0,0,Luxor,"Name: Temple of Seti I; Category: mortuary temple and archaeological site; City: Luxor; Description: The tomb of Sety I is one of the longest, deepest, and most beautifully decorated tombs in the Valley of the Kings. Sety I (c.1294–1279 BC) was the second king of the Nineteenth Dynasty, and father of Ramesses II (the Great). His tomb, number 17 in the Valley of the Kings, is sometimes called “Belzoni’s tomb” after its discoverer.

 Like the other tombs in the Valley of the Kings, the tomb of Sety I is decorated with various funerary texts, the aim of which was to ensure his successful transition to the afterlife. The tomb of Sety I was the first tomb in the Valley of the Kings to be entirely decorated. The elegant painted scenes and reliefs are of the exquisite quality that the reign of Sety I is so well known for. The funerary texts attested there are the Litany of Re, Amduat, and Book of Gates, in addition to the Book of the Divine Cow and the gorgeous astronomical scenes decorating the ceiling of his burial chamber, simulating the night sky.

 Architecturally, the tomb of Sety I falls under the “joggled axis” type characteristic of his period. The first series of corridors and descending passageways terminate into the first pillared room, where, in the facing wall, but off-axis, another series of descending passageways cut into the floor of the room lead to the burial chamber. The tomb does feature a number of new and unique characteristics. Along the same axis of the first series of corridors and descending passageways, a doorway leads into a single room. This may have been intended to lead intruders to believe that this was the actual burial chamber. The tomb of Sety I is also the first tomb to possess a burial chamber with a vaulted ceiling. Perhaps most interesting of all is that the passage begins on the floor of the burial chamber, descending even further, deep into the earth. It is believed that this was intended to ritually connect the tomb of Sety I with the primeval and regenerative powers of the underworld.

In 1821, painted recreations of several rooms from the tomb of Sety I were displayed in the Egyptian Hall in Piccadilly in London. This exhibition, put together by the discoverer of the tomb, Giovanni Battista Belzoni, made an ancient Egyptian tomb available to various members of the public. It captured people’s imagination, and is one of the first monuments responsible for attracting popular attention to ancient Egypt.",https://upload.wikimedia.org/wikipedia/commons/3/33/AbydosFacade.jpg
EAS_040,The Unfinished Obelisk,monumental ancient Egyptian obelisk and an archaeological site,Aswan,24.07692413,32.89543934,"Obelisks are iconic monuments and masterpieces of ancient Egyptian engineering. They are found throughout Egypt and usually stand in towering pairs in front of entrances to temples. Known in ancient Egyptian language as tekhen, they are made from a single piece of stone with a rectangular shaft and topped by a gilded pyramidion to reflect the sun’s rays. Obelisks are associated with solar mythology, representing the benben, or first land to come into existence at the dawn of time, and from which the sun-god stood to create the universe. Egyptian kings liked to have obelisks made and dedicated to themselves by carving their names and religious dedications onto the four sides of the obelisk’s shaft.

The Unfinished Obelisk was discovered in the early twentieth century after it had been covered by sand for thousands of years. It remains as you see it today in one of the Aswan quarries, famous for its supply of hard and high-quality stone. Believed to have been commissioned by Hatshepsut (c. 1473–1458 BC) for the temple of Amun in Karnak, work was abandoned because of flaws in the stone and the presence of multiple fissures. Had it been finished, it would have weighed 1168 tonnes, and stood at a height of around 42 metres, taller than any other ancient Egyptian obelisk.",45,All Days,from 07:00 am Last Entry 03:00 pm,Closed,from 07:00 am Last Entry 03:00 pm,Closed,from 07:00 am Last Entry 03:00 pm,Closed,There are no other days,0,0,220,110,20,10,20,10,25,100,75,50,"Free entry for children below 6 years.
  Free entry for Egyptians with special needs.
  Free entry for Egyptians above 60 years.
  Photography with mobile phone is free of charge",There is currently no inclusive ticket access,0,0,0,0,There is no event currently,0,0,0,0,Aswan,"Name: The Unfinished Obelisk; Category: monumental ancient Egyptian obelisk and an archaeological site; City: Aswan; Description: Obelisks are iconic monuments and masterpieces of ancient Egyptian engineering. They are found throughout Egypt and usually stand in towering pairs in front of entrances to temples. Known in ancient Egyptian language as tekhen, they are made from a single piece of stone with a rectangular shaft and topped by a gilded pyramidion to reflect the sun’s rays. Obelisks are associated with solar mythology, representing the benben, or first land to come into existence at the dawn of time, and from which the sun-god stood to create the universe. Egyptian kings liked to have obelisks made and dedicated to themselves by carving their names and religious dedications onto the four sides of the obelisk’s shaft.

The Unfinished Obelisk was discovered in the early twentieth century after it had been covered by sand for thousands of years. It remains as you see it today in one of the Aswan quarries, famous for its supply of hard and high-quality stone. Believed to have been commissioned by Hatshepsut (c. 1473–1458 BC) for the temple of Amun in Karnak, work was abandoned because of flaws in the stone and the presence of multiple fissures. Had it been finished, it would have weighed 1168 tonnes, and stood at a height of around 42 metres, taller than any other ancient Egyptian obelisk.",https://media.istockphoto.com/id/1496623559/photo/the-unfinished-obelisk-in-aswan-egypt.webp?a=1&b=1&s=612x612&w=0&k=20&c=8jYcabf1Zk6psALs5p7L2ff5D7rTrvsBUS_ofK7J8vA=
EAS_041,Valley Of The Queens,"UNESCO World Heritage Site, archaeological site and a necropolis ",Luxor,25.72768081,32.59307999,"The Valley of the Queens is a burial site from the New Kingdom period (1550–1070 BCE). It is situated on the west bank of the Nile, opposite modern-day Luxor. The site was chosen because it is near important locations like Deir el-Medina, where the tomb builders lived, and the Valley of the Kings.

Unlike the large tombs of the kings, the Valley of the Queens feels more personal. Here, queens, princesses, and royal children were buried in beautifully decorated chambers that honored their journey into the afterlife. The valley’s name, Ta-Set-Neferu, shows that Egyptians valued beauty—not just physical beauty, but the everlasting beauty of the soul.",120,All Days,from 06:00 am Last Entry 05:00 pm,Closed,from 06:00 am Last Entry 04:00 pm,Closed,from 06:00 am Last Entry 04:00 pm,Closed,There are no other days,0,0,220,110,30,10,30,10,25,100,75,50,"Free entry for children below 6 years.
  Free entry for Egyptians with special needs.
  Free entry for Egyptians above 60 years.
  Photography with mobile phone is free of charge",There is currently no inclusive ticket access,0,0,0,0,There is no event currently,0,0,0,0,Luxor,"Name: Valley Of The Queens; Category: UNESCO World Heritage Site, archaeological site and a necropolis ; City: Luxor; Description: The Valley of the Queens is a burial site from the New Kingdom period (1550–1070 BCE). It is situated on the west bank of the Nile, opposite modern-day Luxor. The site was chosen because it is near important locations like Deir el-Medina, where the tomb builders lived, and the Valley of the Kings.

Unlike the large tombs of the kings, the Valley of the Queens feels more personal. Here, queens, princesses, and royal children were buried in beautifully decorated chambers that honored their journey into the afterlife. The valley’s name, Ta-Set-Neferu, shows that Egyptians valued beauty—not just physical beauty, but the everlasting beauty of the soul.",https://upload.wikimedia.org/wikipedia/commons/thumb/0/03/Valley_of_the_Queens_by_Zureks.jpg/1280px-Valley_of_the_Queens_by_Zureks.jpg
EAS_042,Serapeum of Alexandria,"religious sanctuary, intellectual center (housing a subsidiary library), healing center, and a significant example of Greco-Egyptian architecture",Alexandria,31.18243051,29.89630213,"Alexander the Great founded Alexandria in 331 BC on the Mediterranean coast in northern Egypt, tucked in the western Delta. An ancient Egyptian town or city by the name of Raqote appears to have already existed here.

After Alexander’s death in Babylon, in 323 BC, his generals fought amongst themselves for control over various territories of the empire. Ptolemy I Soter (306/5–283/2 BC) took control of Egypt, initiating the Ptolemaic Period. which would end with the famous Cleopatra VII. Alexandria became the seat of Ptolemaic rule, and remained the largest and most important city in the eastern Mediterranean until Constantinople’s rise to prominence starting the 5th century AD.

One of the major monuments that may be seen in Alexandria today is the towering and massive Diocletian’s Column (late 290s AD), which is more famously—but incorrectly—known as Pompey’s Pillar. It stands immediately next to the remains of the Serapeum, the principal temple of Serapis, the national god of ancient Egypt during this period. It was unfortunately destroyed when the Byzantine Emperor Theodosius outlawed paganism in 391 AD. Many others famed Alexandrian  monuments have unfortunately not survived either, such as the Great Lighthouse, and the Library of Alexandria. The majority of Alexandria’s surviving monuments are its necropoleis (cemeteries). The most well-known  of these is the Roman-era Kom al-Shoqafa, near the Serapeum. It comprises Greek-style catacombs and triclinia burials, a chapel, and a banqueting area that was used during funerals. Paintings and reliefs gracefully combine ancient Egyptian and Greek beliefs and artistic traditions.

The most impressive surviving non-funerary site is Kom al-Dikka. The monuments that can be seen here — which date to the late Roman to Byzantine Periods— include a theater building (odeion), a large bath complex, lecture rooms (auditoria), elite houses featuring gorgeous mosaics, and workshop spaces     .

The ancient city has suffered greatly throughout its history. It endured several major earthquakes in Late Antiquity and the Middle Ages. However, the glory of this city and its many monuments have survived in the memory and writings of Graeco-Roman travellers. More recently, underwater archaeology has begun to reveal the structures and colossal statues associated with the Ptolemaic harbor and coastal royal headquarters.",120,All Days,from 09:00 am Last Entry 04:00 pm,Closed,from 09:00 am Last Entry 04:00 pm,Closed,from 09:00 am Last Entry 02:00 pm,Closed,There are no other days,0,0,200,100,20,5,20,5,0,0,0,0,"Free entry for children below 6 years.
  Free entry for Egyptians with special needs.
  Free entry for Egyptians above 60 years.
  Photography with mobile phone is free of charge",There is currently no inclusive ticket access,0,0,0,0,There is no event currently,0,0,0,0,Alexandria,"Name: Serapeum of Alexandria; Category: religious sanctuary, intellectual center (housing a subsidiary library), healing center, and a significant example of Greco-Egyptian architecture; City: Alexandria; Description: Alexander the Great founded Alexandria in 331 BC on the Mediterranean coast in northern Egypt, tucked in the western Delta. An ancient Egyptian town or city by the name of Raqote appears to have already existed here.

After Alexander’s death in Babylon, in 323 BC, his generals fought amongst themselves for control over various territories of the empire. Ptolemy I Soter (306/5–283/2 BC) took control of Egypt, initiating the Ptolemaic Period. which would end with the famous Cleopatra VII. Alexandria became the seat of Ptolemaic rule, and remained the largest and most important city in the eastern Mediterranean until Constantinople’s rise to prominence starting the 5th century AD.

One of the major monuments that may be seen in Alexandria today is the towering and massive Diocletian’s Column (late 290s AD), which is more famously—but incorrectly—known as Pompey’s Pillar. It stands immediately next to the remains of the Serapeum, the principal temple of Serapis, the national god of ancient Egypt during this period. It was unfortunately destroyed when the Byzantine Emperor Theodosius outlawed paganism in 391 AD. Many others famed Alexandrian  monuments have unfortunately not survived either, such as the Great Lighthouse, and the Library of Alexandria. The majority of Alexandria’s surviving monuments are its necropoleis (cemeteries). The most well-known  of these is the Roman-era Kom al-Shoqafa, near the Serapeum. It comprises Greek-style catacombs and triclinia burials, a chapel, and a banqueting area that was used during funerals. Paintings and reliefs gracefully combine ancient Egyptian and Greek beliefs and artistic traditions.

The most impressive surviving non-funerary site is Kom al-Dikka. The monuments that can be seen here — which date to the late Roman to Byzantine Periods— include a theater building (odeion), a large bath complex, lecture rooms (auditoria), elite houses featuring gorgeous mosaics, and workshop spaces     .

The ancient city has suffered greatly throughout its history. It endured several major earthquakes in Late Antiquity and the Middle Ages. However, the glory of this city and its many monuments have survived in the memory and writings of Graeco-Roman travellers. More recently, underwater archaeology has begun to reveal the structures and colossal statues associated with the Ptolemaic harbor and coastal royal headquarters.",https://media.istockphoto.com/id/1368012365/photo/ancient-column-and-sphinx-on-hill-alexandria-egypt.webp?a=1&b=1&s=612x612&w=0&k=20&c=KirzR14v4fieguyC7i-ojCDPYCJPtwdnWd0_oUCuavA=
EAS_043,Catacombs of Kom el Shoqafa,"a historical archaeological site, a Roman-era necropolis, and a UNESCO World Heritage Site",Alexandria,31.17875484,29.89307755,"Discovered accidentally in 1900 when a donkey disappeared through the ground, these catacombs make up the largest-known Roman burial site in Egypt and one of the last major works of construction dedicated to the religion of ancient Egypt. Demonstrating Alexandria’s hallmark fusion of Pharaonic and Greek styles, the architects used a Graeco-Roman approach. The catacombs consist of three tiers of tombs and chambers cut into bedrock to a depth of 35m (the bottom level is flooded and inaccessible).",60,All Days,from 09:00 am Last Entry 04:00 pm,Closed,from 09:00 am Last Entry 04:00 pm,Closed,from 09:00 am Last Entry 02:00 pm,Closed,There are no other days,0,0,200,100,30,10,30,10,0,0,0,0,"Free entry for children below 6 years.
  Free entry for Egyptians with special needs.
  Free entry for Egyptians above 60 years.
  Photography with mobile phone is free of charge",There is currently no inclusive ticket access,0,0,0,0,There is no event currently,0,0,0,0,Alexandria,"Name: Catacombs of Kom el Shoqafa; Category: a historical archaeological site, a Roman-era necropolis, and a UNESCO World Heritage Site; City: Alexandria; Description: Discovered accidentally in 1900 when a donkey disappeared through the ground, these catacombs make up the largest-known Roman burial site in Egypt and one of the last major works of construction dedicated to the religion of ancient Egypt. Demonstrating Alexandria’s hallmark fusion of Pharaonic and Greek styles, the architects used a Graeco-Roman approach. The catacombs consist of three tiers of tombs and chambers cut into bedrock to a depth of 35m (the bottom level is flooded and inaccessible).",https://upload.wikimedia.org/wikipedia/commons/thumb/7/72/...Catacombsa.jpg/1280px-...Catacombsa.jpg
EAS_044,Ancient Roman Theatre,Ancient site and theatre,Alexandria,31.19451985,29.90390755,"The ancient Roman theatre in Alexandria is the only one of its kind in Egypt and is located in the Kom El-Dikka area. Discovered accidentally in 1960, this well-preserved Roman theatre dates to the 4th century AD and was constructed with marble seating for an estimated 600 to 800 spectators. It features a semi-circular auditorium and was used for various events, including musical concerts and possibly city council meetings.  ",60,All Days,from 09:00 am Last Entry 04:00 pm,Closed,from 09:00 am Last Entry 04:00 pm,Closed,from 09:00 am Last Entry 03:00 pm,Closed,There are no other days,0,0,200,100,20,10,20,10,0,0,0,0,"Free entry for children below 6 years.
  Free entry for Egyptians with special needs.
  Free entry for Egyptians above 60 years.
  Photography with mobile phone is free of charge",There is currently no inclusive ticket access,0,0,0,0,There is no event currently,0,0,0,0,Alexandria,"Name: Ancient Roman Theatre; Category: Ancient site and theatre; City: Alexandria; Description: The ancient Roman theatre in Alexandria is the only one of its kind in Egypt and is located in the Kom El-Dikka area. Discovered accidentally in 1960, this well-preserved Roman theatre dates to the 4th century AD and was constructed with marble seating for an estimated 600 to 800 spectators. It features a semi-circular auditorium and was used for various events, including musical concerts and possibly city council meetings.  ",https://media.istockphoto.com/id/1441994352/photo/ancient-city-of-hierapolis.webp?a=1&b=1&s=612x612&w=0&k=20&c=r3MhJ54QkSXXzN5fQMJGXHxx7rH_K6CvWI7vqCvFlqQ=
EAS_045,Mernpetah Tomb,New Kingdom royal tomb,Luxor,25.74079487,32.60110976,"The second-largest tomb in the valley, Merenptah’s tomb has been open since antiquity and has its share of Greek and Coptic graffiti. Floods have damaged the lower part of the walls of the long tunnel-like tomb, but the upper parts have well-preserved reliefs. The corridors are decorated with the Book of the Dead, the Book of Gates and the Book of Amduat. Beyond a shaft is a false burial chamber with two pillars decorated with the Book of Gates.",60,All Days,from 06:00 am Last Entry 04:00 pm,Closed,from 06:00 am Last Entry 04:00 pm,Closed,from 06:00 am Last Entry 04:00 pm,Closed,There are no other days,0,0,100,50,10,5,10,5,25,100,75,50,"Free entry for children below 6 years.
  Free entry for Egyptians with special needs.
  Free entry for Egyptians above 60 years.
  Photography with mobile phone is free of charge",There is currently no inclusive ticket access,0,0,0,0,There is no event currently,0,0,0,0,Luxor,"Name: Mernpetah Tomb; Category: New Kingdom royal tomb; City: Luxor; Description: The second-largest tomb in the valley, Merenptah’s tomb has been open since antiquity and has its share of Greek and Coptic graffiti. Floods have damaged the lower part of the walls of the long tunnel-like tomb, but the upper parts have well-preserved reliefs. The corridors are decorated with the Book of the Dead, the Book of Gates and the Book of Amduat. Beyond a shaft is a false burial chamber with two pillars decorated with the Book of Gates.",https://upload.wikimedia.org/wikipedia/commons/thumb/e/e8/MERENPTAH_tomb_KV8.jpeg/250px-MERENPTAH_tomb_KV8.jpeg
EAS_046,Deir El-shelwit Temple,"ancient Egyptian temple and an archaeological site from the Greco-Roman period, dedicated to the goddess Isis",Luxor,25.69522297,32.57850104,"Deir el-Shelwit is an ancient Egyptian temple to Isis from the Greco-Roman period. It stands on the West bank of the Nile at Luxor, 1 km (0.62 mi) from Malkata and about 4 km (2.5 mi) south of Medinet Habu.

According to inscriptions on the propylon, construction of the Isis temple started around the beginning of 1st century CE. No earlier building is known to have stood on this site. The reliefs of the temple are dated to the Greek-Roman era and are similar to the ones in Dendera and Philae. On the walls of the temple and the pylon there are the cartouches of Hadrianus, Antoninus Pius, Galba, Otho, Vespasianus and Julius Caesar.",60,All Days,from 06:00 am Last Entry 05:00 pm,Closed,from 06:00 am Last Entry 04:00 pm,Closed,from 06:00 am Last Entry 04:00 pm,Closed,There are no other days,0,0,100,50,10,5,10,5,25,100,75,50,"Free entry for children below 6 years.
  Free entry for Egyptians with special needs.
  Free entry for Egyptians above 60 years.
  Photography with mobile phone is free of charge",There is currently no inclusive ticket access,0,0,0,0,There is no event currently,0,0,0,0,Luxor,"Name: Deir El-shelwit Temple; Category: ancient Egyptian temple and an archaeological site from the Greco-Roman period, dedicated to the goddess Isis; City: Luxor; Description: Deir el-Shelwit is an ancient Egyptian temple to Isis from the Greco-Roman period. It stands on the West bank of the Nile at Luxor, 1 km (0.62 mi) from Malkata and about 4 km (2.5 mi) south of Medinet Habu.

According to inscriptions on the propylon, construction of the Isis temple started around the beginning of 1st century CE. No earlier building is known to have stood on this site. The reliefs of the temple are dated to the Greek-Roman era and are similar to the ones in Dendera and Philae. On the walls of the temple and the pylon there are the cartouches of Hadrianus, Antoninus Pius, Galba, Otho, Vespasianus and Julius Caesar.",https://encrypted-tbn0.gstatic.com/images?q=tbn:ANd9GcTDXP9F8o8AUr_NtlCmwLoTzHovIiwJI48tdA&s
EAS_047,Dahshur Pyramid,"ancient Egyptian pyramid complex and necropolis, a UNESCO World Heritage Site, and a royal necropolis",Giza,29.7904594,31.20932897,"Dahshur was the southern part of the cemetery of Memphis, the capital of ancient Egypt. Pyramids of the kings of the Old and Middle Kingdoms were erected on this hill. The first king of the 4th Dynasty Sneferu chose the rocky plateau of Dahshur to establish his first pyramid to compete with the pyramid of King Djoser in Saqqara but failed to complete it. This first attempt turned into a broken shape, but he built a complete pyramid at a distance from it, called the Red Pyramid. Nearby, the pyramids dating to the Middle Kingdom, starting from the pyramid of King Amenemhat II, stand although in a bad state. The pyramid of King Senwosret III is surrounded by the tombs of the princesses Sit-Hathor and Ment.

As for the Black Pyramid of King Amenemhat III, it is also in poor condition of conservation. Despite the erosion of its stones, it is still standing at a distance from the pyramid of Sneferu. The stone pyramidion, the tip of the pyramid, is on display at the Egyptian Museum. Several other pyramids of the 13th Dynasty were built at Dahshur.",150,All Days,from 08:00 am Last Entry 04:00 pm,Closed,from 08:00 am Last Entry 04:00 pm,Closed,from 09:00 am Last Entry 03:00 pm,Closed,There are no other days,0,0,200,100,10,5,10,5,25,100,75,50,"Free entry for children below 6 years.
  Free entry for Egyptians with special needs.
  Free entry for Egyptians above 60 years.
  Photography with mobile phone is free of charge",There is currently no inclusive ticket access,0,0,0,0,There is no event currently,0,0,0,0,Giza,"Name: Dahshur Pyramid; Category: ancient Egyptian pyramid complex and necropolis, a UNESCO World Heritage Site, and a royal necropolis; City: Giza; Description: Dahshur was the southern part of the cemetery of Memphis, the capital of ancient Egypt. Pyramids of the kings of the Old and Middle Kingdoms were erected on this hill. The first king of the 4th Dynasty Sneferu chose the rocky plateau of Dahshur to establish his first pyramid to compete with the pyramid of King Djoser in Saqqara but failed to complete it. This first attempt turned into a broken shape, but he built a complete pyramid at a distance from it, called the Red Pyramid. Nearby, the pyramids dating to the Middle Kingdom, starting from the pyramid of King Amenemhat II, stand although in a bad state. The pyramid of King Senwosret III is surrounded by the tombs of the princesses Sit-Hathor and Ment.

As for the Black Pyramid of King Amenemhat III, it is also in poor condition of conservation. Despite the erosion of its stones, it is still standing at a distance from the pyramid of Sneferu. The stone pyramidion, the tip of the pyramid, is on display at the Egyptian Museum. Several other pyramids of the 13th Dynasty were built at Dahshur.",https://upload.wikimedia.org/wikipedia/commons/thumb/2/21/Dahshur_-_Red_Pyramid_-_Tourist_policemen_on_camel.JPG/1280px-Dahshur_-_Red_Pyramid_-_Tourist_policemen_on_camel.JPG
EAS_048,Memphis and its Necropolis,"an ancient city, a UNESCO World Heritage Site, an archaeological site, and a historical and religious center",Giza,29.97880825,31.13429451,"Memphis, near the modern village of Mit Rahina not far from Cairo, and its necropolis were added to UNESCO’s World Heritage List in 1979. Said to have been founded by the legendary first king of Egypt Menes in 3100 BC, the ancient city of Memphis was the capital during the Early Dynastic Period (c.3100–2686 BC) and Old Kingdom (c.2686–2181 BC), and continued to be one of the most important cities throughout more than three-thousand years of ancient Egyptian history. It was a center for the worship of the god Ptah, whose temple was one of the most important places in all of ancient Egypt. It was so important, that the origin of the word “Egypt”, from Greek Aigyptos, comes from the temple’s ancient name, Hikuptah “The Temple of the ka (‘soul’) of Ptah.

The city’s longevity is reflected in the sheer size and number of the many ancient cemeteries in its area. These include from north to south; Abu Rawash, the Giza Plateau; the site of the three world famous Pyramids of Giza, Zawyet al-‘Aryan, Abu Ghurab, Abusir, Saqqara, Mit Rahina, and Dahshur.",420,All Days,from 08:00 am Last Entry 04:00 pm,Closed,from 08:00 am Last Entry 04:00 pm,Closed,from 09:00 am Last Entry 03:00 pm,Closed,There are no other days,0,0,200,100,10,5,10,5,25,100,75,50,"Free entry for children below 6 years.
  Free entry for Egyptians with special needs.
  Free entry for Egyptians above 60 years.
  Photography with mobile phone is free of charge",There is currently no inclusive ticket access,0,0,0,0,There is no event currently,0,0,0,0,Giza,"Name: Memphis and its Necropolis; Category: an ancient city, a UNESCO World Heritage Site, an archaeological site, and a historical and religious center; City: Giza; Description: Memphis, near the modern village of Mit Rahina not far from Cairo, and its necropolis were added to UNESCO’s World Heritage List in 1979. Said to have been founded by the legendary first king of Egypt Menes in 3100 BC, the ancient city of Memphis was the capital during the Early Dynastic Period (c.3100–2686 BC) and Old Kingdom (c.2686–2181 BC), and continued to be one of the most important cities throughout more than three-thousand years of ancient Egyptian history. It was a center for the worship of the god Ptah, whose temple was one of the most important places in all of ancient Egypt. It was so important, that the origin of the word “Egypt”, from Greek Aigyptos, comes from the temple’s ancient name, Hikuptah “The Temple of the ka (‘soul’) of Ptah.

The city’s longevity is reflected in the sheer size and number of the many ancient cemeteries in its area. These include from north to south; Abu Rawash, the Giza Plateau; the site of the three world famous Pyramids of Giza, Zawyet al-‘Aryan, Abu Ghurab, Abusir, Saqqara, Mit Rahina, and Dahshur.",https://media.istockphoto.com/id/184988971/photo/sphinx-and-pyramids.webp?a=1&b=1&s=612x612&w=0&k=20&c=95ZJs-PD5q_NUTupKO7jaiVEH_jm8U7SbR6h8TBGgs0=
EAS_049,Temple Of Amada,Ancient Temples,Aswan,22.73115162,32.26263338,"Built during the 18th Dynasty (c. 1550–1295 BC) in the New Kingdom, the temple of Amada is one of the oldest of the ancient Egyptian monuments lying along the shores of Lake Nasser. The reliefs and inscriptions of the temple are very well preserved because they were covered with a layer of plaster when it was converted into a church.

Three generations of kings built this beautiful temple. The great conquering warrior kings Thutmose III (c. 1479–1425 BC) and his son Amenhotep II (c. 1427– 1400 BC) built its core, and Thutmose IV (c. 1400–1390 BC) added the graceful hypostyle hall in front. Minor additions and modifications were made in the 19th Dynasty (1295–1186 BC).

The temple’s decoration shows the king in temple ritual and in the company of a wide variety of deities. The temple being dedicated to the gods Amun-Ra and Ra-Horakhty, the king is often seen entering, or being led into, the presence of one of these two powerful gods.

The temple’s walls feature important texts, too. The inscription at the bottom of the left thickness of the doorway into the temple records military exploits by the 19th Dynasty king Merenptah (c. 1213–1203 BC), while Amenhotep II recorded his successful military campaign to the Levant on the rear wall of the sanctuary.

With the construction of the Aswan High Dam in the 1960s, the temple of Amada was in danger of being lost to the rising waters of Lake Nasser. Thankfully, it was possible to reconstruct this temple here, in New Amada, after it was relocated from its original site in Amada around 2.5 km away.",60,All Days,from 07:00 am Last Entry 03:00 pm,Closed,from 07:00 am Last Entry 03:00 pm,Closed,from 07:00 am Last Entry 03:00 pm,Closed,There are no other days,0,0,150,75,10,5,10,5,0,0,0,0,"Free entry for children below 6 years.
  Free entry for Egyptians with special needs.
  Free entry for Egyptians above 60 years.
  Photography with mobile phone is free of charge",There is currently no inclusive ticket access,0,0,0,0,There is no event currently,0,0,0,0,Aswan,"Name: Temple Of Amada; Category: Ancient Temples; City: Aswan; Description: Built during the 18th Dynasty (c. 1550–1295 BC) in the New Kingdom, the temple of Amada is one of the oldest of the ancient Egyptian monuments lying along the shores of Lake Nasser. The reliefs and inscriptions of the temple are very well preserved because they were covered with a layer of plaster when it was converted into a church.

Three generations of kings built this beautiful temple. The great conquering warrior kings Thutmose III (c. 1479–1425 BC) and his son Amenhotep II (c. 1427– 1400 BC) built its core, and Thutmose IV (c. 1400–1390 BC) added the graceful hypostyle hall in front. Minor additions and modifications were made in the 19th Dynasty (1295–1186 BC).

The temple’s decoration shows the king in temple ritual and in the company of a wide variety of deities. The temple being dedicated to the gods Amun-Ra and Ra-Horakhty, the king is often seen entering, or being led into, the presence of one of these two powerful gods.

The temple’s walls feature important texts, too. The inscription at the bottom of the left thickness of the doorway into the temple records military exploits by the 19th Dynasty king Merenptah (c. 1213–1203 BC), while Amenhotep II recorded his successful military campaign to the Levant on the rear wall of the sanctuary.

With the construction of the Aswan High Dam in the 1960s, the temple of Amada was in danger of being lost to the rising waters of Lake Nasser. Thankfully, it was possible to reconstruct this temple here, in New Amada, after it was relocated from its original site in Amada around 2.5 km away.",https://upload.wikimedia.org/wikipedia/commons/thumb/6/67/Amada_Front.JPG/1280px-Amada_Front.JPG
EAS_050,Temple Of Wadi El-Sebua,Nubian Monuments,Aswan,22.79339865,32.54502289,"The site New Wadi al-Sebua results from the relocation of temples in Nubia after the construction of the Aswan High Dam in the 1960s by the Egyptian government. It is only 4 km northwest of the original site of Wadi al-Sebua. It welcomes several temples about to be covered with the Nile water. It hosts the Ramessid temple of Wadi al-Sebua dedicated to Amun-Ra and Ra-Horakhty, the Graeco-Roman temple of Dakka dedicated to Thoth, and the Roman temple of al-Mahrraqa dedicated to the couple Isis and Serapis. All these temples were inscribed on the UNESCO World Heritage Site in 1979 as part of Nubian Monuments.",90,All Days,from 07:00 am Last Entry 03:00 pm,Closed,from 07:00 am Last Entry 03:00 pm,Closed,from 07:00 am Last Entry 03:00 pm,Closed,There are no other days,0,0,150,75,10,5,10,5,0,0,0,0,"Free entry for children below 6 years.
  Free entry for Egyptians with special needs.
  Free entry for Egyptians above 60 years.
  Photography with mobile phone is free of charge",There is currently no inclusive ticket access,0,0,0,0,There is no event currently,0,0,0,0,Aswan,"Name: Temple Of Wadi El-Sebua; Category: Nubian Monuments; City: Aswan; Description: The site New Wadi al-Sebua results from the relocation of temples in Nubia after the construction of the Aswan High Dam in the 1960s by the Egyptian government. It is only 4 km northwest of the original site of Wadi al-Sebua. It welcomes several temples about to be covered with the Nile water. It hosts the Ramessid temple of Wadi al-Sebua dedicated to Amun-Ra and Ra-Horakhty, the Graeco-Roman temple of Dakka dedicated to Thoth, and the Roman temple of al-Mahrraqa dedicated to the couple Isis and Serapis. All these temples were inscribed on the UNESCO World Heritage Site in 1979 as part of Nubian Monuments.",https://upload.wikimedia.org/wikipedia/commons/thumb/d/d9/The_Wadi_es-Sebua_Temple_by_Dennis_G._Jarvis.jpg/1280px-The_Wadi_es-Sebua_Temple_by_Dennis_G._Jarvis.jpg
EAS_051,Temple of Kalabsha,ancient Egyptian temple,Aswan,23.96093633,32.86740966,"This beautiful and remarkably well-preserved monument is the largest free-standing temple in Lower Nubia. It was built during the reign of Augustus (30 BC–14 AD), the first Roman emperor. Primarily dedicated to the Nubian god Mandulis, the gods Isis and her husband Osiris were worshipped here too.

The temple is standard in its plan. A monumental gateway called a pylon leads into an open-air forecourt followed by a columned hall, called a hypostyle hall. Two transversal chambers lie beyond which served as halls for offerings.

At the far end of the temple is the sanctuary, where the cult image of the god was kept. A partly rock-cut chapel to the Nubian god Dedwen lies to the south-west, and a small chapel, likely built by Ptolemy IX in the 2nd century BC, is located to the north-east.

Multiple cultures have left their mark on the temple of Kalabsha, from its dedication to a Nubian god to its inscriptions in Meroitic and Greek. The slender columns and their wide spacing hint at influence from Graeco-Roman tradition. There are several crosses carved onto its walls, signaling the beginning of Christianity in the region when the sanctuary was used as a church.

From 1962 to 1963, this temple, like many others in Nubia, was relocated from its original site on Kalabsha Island to New Kalabsha Island in order to save it from the rising waters of the Nile in the aftermath of the construction of the Aswan High Dam. Because of their immense historical significance, the Egyptian monuments in Nubia from Abu Simbel to Philae, including the monuments standing today on New Kalabsha, were inscribed on UNESCO’s World Heritage List in 1979.",120,All Days,from 07:00 am Last Entry 03:00 pm,Closed,from 07:00 am Last Entry 03:00 pm,Closed,from 07:00 am Last Entry 03:00 pm,Closed,There are no other days,0,0,200,100,10,5,10,5,0,0,0,0,"Free entry for children below 6 years.
  Free entry for Egyptians with special needs.
  Free entry for Egyptians above 60 years.
  Photography with mobile phone is free of charge",There is currently no inclusive ticket access,0,0,0,0,There is no event currently,0,0,0,0,Aswan,"Name: Temple of Kalabsha; Category: ancient Egyptian temple; City: Aswan; Description: This beautiful and remarkably well-preserved monument is the largest free-standing temple in Lower Nubia. It was built during the reign of Augustus (30 BC–14 AD), the first Roman emperor. Primarily dedicated to the Nubian god Mandulis, the gods Isis and her husband Osiris were worshipped here too.

The temple is standard in its plan. A monumental gateway called a pylon leads into an open-air forecourt followed by a columned hall, called a hypostyle hall. Two transversal chambers lie beyond which served as halls for offerings.

At the far end of the temple is the sanctuary, where the cult image of the god was kept. A partly rock-cut chapel to the Nubian god Dedwen lies to the south-west, and a small chapel, likely built by Ptolemy IX in the 2nd century BC, is located to the north-east.

Multiple cultures have left their mark on the temple of Kalabsha, from its dedication to a Nubian god to its inscriptions in Meroitic and Greek. The slender columns and their wide spacing hint at influence from Graeco-Roman tradition. There are several crosses carved onto its walls, signaling the beginning of Christianity in the region when the sanctuary was used as a church.

From 1962 to 1963, this temple, like many others in Nubia, was relocated from its original site on Kalabsha Island to New Kalabsha Island in order to save it from the rising waters of the Nile in the aftermath of the construction of the Aswan High Dam. Because of their immense historical significance, the Egyptian monuments in Nubia from Abu Simbel to Philae, including the monuments standing today on New Kalabsha, were inscribed on UNESCO’s World Heritage List in 1979.",https://upload.wikimedia.org/wikipedia/commons/thumb/7/75/The_Temple_of_Kalabsha_by_Dennis_G._Jarvis.jpg/1280px-The_Temple_of_Kalabsha_by_Dennis_G._Jarvis.jpg
EAS_052,Elkab Tombs,Necropolis,Aswan,25.12754893,32.79844088,"Elkab is an Upper Egyptian site on the east bank of the Nile 90 km to the south of Luxor and 32 km to the south of Esna. Elkab was called Nekheb in the Egyptian language, a name that refers to Nekhbet, the goddess depicted as a white vulture. In Greek it was called Eileithyias polis, city of the goddess Eileithyia. 

Elkab consists of prehistoric and ancient Egyptian settlements, rock-cut tombs of the early Eighteenth Dynasty (1550–1295 BC), remains of temples dating from the Early Dynastic period (3100–2686 BC) to the Ptolemaic Kingdom (332–30 BC), as well as part of the walls of a Coptic monastery. This site was first scientifically excavated by James Quibell at the end of the nineteenth century. The necropolis has some important tombs, showing the early history of the Eighteenth Dynasty and the reunification of Egypt. The rock tombs of the provincial governors of Nekheb in the New Kingdom include those of Sobeknakht II an important official whose saved the Theban Sixteenth or Seventeenth Dynasty from near destruction by invading forces from the Kingdom of Kush, Ahmose son of Ebana, an admiral in the wars of liberation against the Hyksos rulers (1550 BCE), and Setau, a priest during the reign of Ramesses II (1184–1153 BCE). The style of the early Eighteenth Dynasty wall paintings anticipates that of the first New Kingdom nobles' tombs at Thebes.",60,All Days,from 07:00 am Last Entry 04:00 pm,Closed,from 07:00 am Last Entry 04:00 pm,Closed,from 07:00 am Last Entry 03:00 pm,Closed,There are no other days,0,0,200,100,10,5,10,5,25,100,75,50,"Free entry for children below 6 years.
  Free entry for Egyptians with special needs.
  Free entry for Egyptians above 60 years.
  Photography with mobile phone is free of charge",There is currently no inclusive ticket access,0,0,0,0,There is no event currently,0,0,0,0,Aswan,"Name: Elkab Tombs; Category: Necropolis; City: Aswan; Description: Elkab is an Upper Egyptian site on the east bank of the Nile 90 km to the south of Luxor and 32 km to the south of Esna. Elkab was called Nekheb in the Egyptian language, a name that refers to Nekhbet, the goddess depicted as a white vulture. In Greek it was called Eileithyias polis, city of the goddess Eileithyia. 

Elkab consists of prehistoric and ancient Egyptian settlements, rock-cut tombs of the early Eighteenth Dynasty (1550–1295 BC), remains of temples dating from the Early Dynastic period (3100–2686 BC) to the Ptolemaic Kingdom (332–30 BC), as well as part of the walls of a Coptic monastery. This site was first scientifically excavated by James Quibell at the end of the nineteenth century. The necropolis has some important tombs, showing the early history of the Eighteenth Dynasty and the reunification of Egypt. The rock tombs of the provincial governors of Nekheb in the New Kingdom include those of Sobeknakht II an important official whose saved the Theban Sixteenth or Seventeenth Dynasty from near destruction by invading forces from the Kingdom of Kush, Ahmose son of Ebana, an admiral in the wars of liberation against the Hyksos rulers (1550 BCE), and Setau, a priest during the reign of Ramesses II (1184–1153 BCE). The style of the early Eighteenth Dynasty wall paintings anticipates that of the first New Kingdom nobles' tombs at Thebes.",https://upload.wikimedia.org/wikipedia/commons/thumb/c/c2/El-Kab_Necheb_1_P1120570.jpg/1280px-El-Kab_Necheb_1_P1120570.jpg
EAS_053,The Monastery of Anba Simeon,Monastery,Aswan,24.09461876,32.87570967,"The Monastery (Dayr) of Anba (Saint) Hadra is named after a local saint (Coptic: ??? ????? / Apa Hatre) who lived in the late of the 4th and the beginning of the 5th century AD—first as a monk, and finally as the Bishop of Syene (Aswan). Every year on the 21st of December (the 12th of Kiahk in the Coptic calendar), a religious festival is held at the site on the anniversary of Anba Hadra’s death. Although it is known as the Monastery of Saint Simeon, the identity of this saint and his association with the monastery remain unknown.

The site is exceptional among historic monasteries in Egypt for the good state of preservation of its original structures built of stone and mud brick. Although the buildings slowly decayed after their gradual abandonment, the remaining architecture still gives a good idea of what a coenobitic monastery in Upper Egypt during the medieval era looked like. The evidence attests to religious activity here from the 6th to the beginning of 14th centuries.
A high enclosure wall surrounding the monastery with two gates endows the monastery. The monastery extends over two levels—a lower and an upper terrace—divided by a rocky escarpment. On the lower terrace there is a church as well as a series of small cave-like spaces that were later used as a part of the monastery. The most prominent of these is the grotto that is attributed to Anba Hadra. The upper terrace is dominated by a two-storey residential building with communal cells characteristic of a coenobitic monastery, a refectory, areas for food storage, oil presses, and ovens and an extensive workshop area which allowed the monks to maintain their livelihood within the confines of the monastery.
The church and the grotto are notable for the remains of the colourful wall paintings that still decorate some of their walls and ceilings. Some of the monks’ cells on the upper level, along with parts of the church walls, are notable for the Coptic and Arabic graffiti left by visitors and the monks of the monastery.",180,All Days,from 07:00 am Last Entry 04:00 pm,Closed,from 07:00 am Last Entry 04:00 pm,Closed,from 07:00 am Last Entry 03:00 pm,Closed,There are no other days,0,0,100,50,10,5,10,5,0,0,0,0,"Free entry for children below 6 years.
  Free entry for Egyptians with special needs.
  Free entry for Egyptians above 60 years.
  Photography with mobile phone is free of charge",There is currently no inclusive ticket access,0,0,0,0,There is no event currently,0,0,0,0,Aswan,"Name: The Monastery of Anba Simeon; Category: Monastery; City: Aswan; Description: The Monastery (Dayr) of Anba (Saint) Hadra is named after a local saint (Coptic: ??? ????? / Apa Hatre) who lived in the late of the 4th and the beginning of the 5th century AD—first as a monk, and finally as the Bishop of Syene (Aswan). Every year on the 21st of December (the 12th of Kiahk in the Coptic calendar), a religious festival is held at the site on the anniversary of Anba Hadra’s death. Although it is known as the Monastery of Saint Simeon, the identity of this saint and his association with the monastery remain unknown.

The site is exceptional among historic monasteries in Egypt for the good state of preservation of its original structures built of stone and mud brick. Although the buildings slowly decayed after their gradual abandonment, the remaining architecture still gives a good idea of what a coenobitic monastery in Upper Egypt during the medieval era looked like. The evidence attests to religious activity here from the 6th to the beginning of 14th centuries.
A high enclosure wall surrounding the monastery with two gates endows the monastery. The monastery extends over two levels—a lower and an upper terrace—divided by a rocky escarpment. On the lower terrace there is a church as well as a series of small cave-like spaces that were later used as a part of the monastery. The most prominent of these is the grotto that is attributed to Anba Hadra. The upper terrace is dominated by a two-storey residential building with communal cells characteristic of a coenobitic monastery, a refectory, areas for food storage, oil presses, and ovens and an extensive workshop area which allowed the monks to maintain their livelihood within the confines of the monastery.
The church and the grotto are notable for the remains of the colourful wall paintings that still decorate some of their walls and ceilings. Some of the monks’ cells on the upper level, along with parts of the church walls, are notable for the Coptic and Arabic graffiti left by visitors and the monks of the monastery.",https://encrypted-tbn0.gstatic.com/images?q=tbn:ANd9GcS9lmuWuGKoTwRMMMQg901nTMXoApAgRm7yVA&s
EAS_054,Qubbat Al-Hawa Cemetery,archaeological site,Aswan,24.10186405,32.88912858,"Qubbat Al-Hawa Cemetery consists of several tombs on the west bank of the Nile across the river from the northern tip of Elephantine Island cut into the rocky slopes of the cliffs that offer an enchanting panorama that reveals the beauty of Aswan. 

These tombs are those of local governors and high dignitaries from the Old to Middle Kingdoms. This cemetery site, which remained in use from the Old kingdom to the Roman Period, is named after the domed tomb of Sheikh Aly Abu Al-Hawa (qubba meaning dome in Arabic), which stands at the top of the cliffs above the tombs.",240,All Days,from 07:00 am Last Entry 03:00 pm,Closed,from 07:00 am Last Entry 03:00 pm,Closed,from 07:00 am Last Entry 03:00 pm,Closed,There are no other days,0,0,200,100,20,10,20,10,0,0,0,0,"Free entry for children below 6 years.
  Free entry for Egyptians with special needs.
  Free entry for Egyptians above 60 years.
  Photography with mobile phone is free of charge",There is currently no inclusive ticket access,0,0,0,0,There is no event currently,0,0,0,0,Aswan,"Name: Qubbat Al-Hawa Cemetery; Category: archaeological site; City: Aswan; Description: Qubbat Al-Hawa Cemetery consists of several tombs on the west bank of the Nile across the river from the northern tip of Elephantine Island cut into the rocky slopes of the cliffs that offer an enchanting panorama that reveals the beauty of Aswan. 

These tombs are those of local governors and high dignitaries from the Old to Middle Kingdoms. This cemetery site, which remained in use from the Old kingdom to the Roman Period, is named after the domed tomb of Sheikh Aly Abu Al-Hawa (qubba meaning dome in Arabic), which stands at the top of the cliffs above the tombs.",https://upload.wikimedia.org/wikipedia/commons/thumb/0/06/Panoramic_view_of_Aswan%2C_Egypt.jpg/1280px-Panoramic_view_of_Aswan%2C_Egypt.jpg
EAS_055,Elephantine Island,historical and archaeological site,Aswan,24.0835159,32.88333761,"Elephantine is an archaeological island on the Nile Riverbank, which was the gateway into Egypt for all traders entering from Nubia. 

Many different monuments await you here, including the remains of ancient houses that belongs to the temple of the god of the annual Nile flood khnum , and the temple of the goddess who guarded Egypt's Sothern frontiers, Satet, who was also associated with the annual Nile flood. Make sure you don't miss the Nilometer or the nearby museum, where the objects discovered by the German archaeological mission that works on the island are on display. The island of Elephantine was inscribed on UNESCO'S World Heritage List in 1979.",210,All Days,from 08:00 am Last Entry 04:00 pm,Closed,from 08:00 am Last Entry 04:00 pm,Closed,from 08:00 am Last Entry 03:00 pm,Closed,There are no other days,0,0,200,100,20,10,20,10,0,0,0,0,"Free entry for children below 6 years.
  Free entry for Egyptians with special needs.
  Free entry for Egyptians above 60 years.
  Photography with mobile phone is free of charge",There is currently no inclusive ticket access,0,0,0,0,There is no event currently,0,0,0,0,Aswan,"Name: Elephantine Island; Category: historical and archaeological site; City: Aswan; Description: Elephantine is an archaeological island on the Nile Riverbank, which was the gateway into Egypt for all traders entering from Nubia. 

Many different monuments await you here, including the remains of ancient houses that belongs to the temple of the god of the annual Nile flood khnum , and the temple of the goddess who guarded Egypt's Sothern frontiers, Satet, who was also associated with the annual Nile flood. Make sure you don't miss the Nilometer or the nearby museum, where the objects discovered by the German archaeological mission that works on the island are on display. The island of Elephantine was inscribed on UNESCO'S World Heritage List in 1979.",https://upload.wikimedia.org/wikipedia/commons/thumb/0/0e/Aswan%2C_Elephantine%2C_west_bank%2C_Egypt%2C_Oct_2004.jpg/1280px-Aswan%2C_Elephantine%2C_west_bank%2C_Egypt%2C_Oct_2004.jpg
EAS_056,Sehel Island,"Nile islands or river islands, historical site of ancient and archaeological interest",Aswan,24.0613995,32.87189189,"quarries of Aswan.

The Famine Stela

The fascinating text of this stela carved on the face of a granite boulder on Sehel Island tells the story of a nation in crisis, its concerned king, and his efforts to find a solution. Although it was composed and carved in the Ptolemaic Period (332–30 BC), the events are set around 2500 years earlier.

The Famine Stela is inscribed in 32 vertical rows of hieroglyphic script, with a scene above it depicting King Djoser (c. 2686–2667 BC) presenting offerings to the divine triad of Elephantine consisting of the god Khnum, his wife Satet and their daughter Anuket. The country is gripped in seven years of drought and famine and King Djoser summons his famous courtier, the wise Imhotep to find a solution. Imhotep told the king that the inundation came from the sacred spring in Elephantine Island, whose god Khnum was the one who controlled the flow of water. Djoser dutifully made offerings to the gods of Elephantine and Khnum appeared to him in a dream one night, promising him to end the famine by returning the flood. To celebrate the return of prosperity, Djoser built a temple on Elephantine to thank Khnum.",360,All Days,from 07:00 am Last Entry 03:00 pm,Closed,from 07:00 am Last Entry 03:00 pm,Closed,from 07:00 am Last Entry 03:00 pm,Closed,There are no other days,0,0,100,50,10,5,10,5,0,0,0,0,"Free entry for children below 6 years.
  Free entry for Egyptians with special needs.
  Free entry for Egyptians above 60 years.
  Photography with mobile phone is free of charge",There is currently no inclusive ticket access,0,0,0,0,There is no event currently,0,0,0,0,Aswan,"Name: Sehel Island; Category: Nile islands or river islands, historical site of ancient and archaeological interest; City: Aswan; Description: quarries of Aswan.

The Famine Stela

The fascinating text of this stela carved on the face of a granite boulder on Sehel Island tells the story of a nation in crisis, its concerned king, and his efforts to find a solution. Although it was composed and carved in the Ptolemaic Period (332–30 BC), the events are set around 2500 years earlier.

The Famine Stela is inscribed in 32 vertical rows of hieroglyphic script, with a scene above it depicting King Djoser (c. 2686–2667 BC) presenting offerings to the divine triad of Elephantine consisting of the god Khnum, his wife Satet and their daughter Anuket. The country is gripped in seven years of drought and famine and King Djoser summons his famous courtier, the wise Imhotep to find a solution. Imhotep told the king that the inundation came from the sacred spring in Elephantine Island, whose god Khnum was the one who controlled the flow of water. Djoser dutifully made offerings to the gods of Elephantine and Khnum appeared to him in a dream one night, promising him to end the famine by returning the flood. To celebrate the return of prosperity, Djoser built a temple on Elephantine to thank Khnum.",https://upload.wikimedia.org/wikipedia/commons/thumb/e/ef/Seheil_Island%2C_Aswan%2C_AG%2C_EGY_%2848025429186%29.jpg/1280px-Seheil_Island%2C_Aswan%2C_AG%2C_EGY_%2848025429186%29.jpg
EAS_057,The Pyramids of Meidum,Pyramid,Beni Suef,29.38849911,31.15724175,"The first king of the 4th Dynasty, Sneferu (c. 2613–2589 BC), chose Meidum as the site of his royal tomb. What we see today bears little resemblance to the original monument, which was a step pyramid that was then transformed into a true pyramid with smooth sides.

For this and several other reasons, Sneferu’s reign was a pivotal point of the Old Kingdom, and the site of Meidum is an integral part, representing the developments in pyramid-building know-how, technology, and techniques that would then lead to the building of some of Egypt’s most famous monuments.

At Meidum, Sneferu began building a seven-step pyramid that would have been 65 metres high. This was then enlarged, possibly before completion, into an eight-step pyramid. These two phases are called E1 and E2 by Egyptologists. In a completed state, the E2 pyramid would have been 85 metres high with a base length of 120.75 metres. It was at this point that Sneferu built the massive Bent and Red Pyramids at Dahshur. He then transformed the eight-step E2 pyramid into a true pyramid (E3) which stood between 92 and 95 metres high, with a base length of 144 metres.

Today, the pyramid has the appearance of a three-step structure emerging out of a massive mound of rubble and debris surrounding it. This tower is, in fact, most of the core of the pyramid. It was previously hypothesised that the rubble was the result of a sudden and catastrophic collapse that took place during the E3 construction phase. However, the debris consists of layers—strata—demonstrating that the erosion and destruction of the pyramid was, in fact, gradual.

According to earlier scholarship, the Meidum pyramid was constructed by Sneferu’s predecessor, the last king of the 3rd Dynasty, Huni (c. 2637–2613 BC). This is no longer the consensus. Sneferu’s name appears in texts in Meidum, and the ancient name of this site was Djed Sneferu ‘Sneferu Endures.’ During the reign of Thutmose III (c. 1479–1425 BC) in the 18th Dynasty, the scribe Ankhkheperreseneb visited Meidum and wrote an inscription, saying that he had come ‘to see the marvellous temple of Horus Sneferu. He saw it, as if heaven were in it and in it the sun rose.’

The Interior of the Pyramid

The entrance into the pyramid is in its north face, as was the standard, but it is unusually around 15 metres above the ground. A descending passage goes from the masonry of the pyramid down into the bedrock, turning into a horizontal corridor. Going past two niches, this leads to a vertical shaft that goes up to the burial chamber. Its corbelled ceiling distributed the tremendous weight of the masonry above, preventing it crushing the open spaces within the pyramid. It is for this same reason that the ancient Egyptians built corbelled weight-relieving spaces just above the two niches and the lower part of the descending passage. These were only discovered in 1998. It is here in Meidum that corbelling for a stone ceiling appears for the first time, a technique that would later be used to outstanding effect in the Grand Gallery and the burial chamber in Khufu’s tomb—the Great Pyramid.",420,All Days,from 08:00 am Last Entry 04:00 pm,Closed,from 08:00 am Last Entry 04:00 pm,Closed,from 08:00 am Last Entry 03:00 pm,Closed,There are no other days,0,0,150,75,10,5,10,5,0,0,0,0,"Free entry for children below 6 years.
  Free entry for Egyptians with special needs.
  Free entry for Egyptians above 60 years.
  Photography with mobile phone is free of charge",There is currently no inclusive ticket access,0,0,0,0,There is no event currently,0,0,0,0,Beni Suef,"Name: The Pyramids of Meidum; Category: Pyramid; City: Beni Suef; Description: The first king of the 4th Dynasty, Sneferu (c. 2613–2589 BC), chose Meidum as the site of his royal tomb. What we see today bears little resemblance to the original monument, which was a step pyramid that was then transformed into a true pyramid with smooth sides.

For this and several other reasons, Sneferu’s reign was a pivotal point of the Old Kingdom, and the site of Meidum is an integral part, representing the developments in pyramid-building know-how, technology, and techniques that would then lead to the building of some of Egypt’s most famous monuments.

At Meidum, Sneferu began building a seven-step pyramid that would have been 65 metres high. This was then enlarged, possibly before completion, into an eight-step pyramid. These two phases are called E1 and E2 by Egyptologists. In a completed state, the E2 pyramid would have been 85 metres high with a base length of 120.75 metres. It was at this point that Sneferu built the massive Bent and Red Pyramids at Dahshur. He then transformed the eight-step E2 pyramid into a true pyramid (E3) which stood between 92 and 95 metres high, with a base length of 144 metres.

Today, the pyramid has the appearance of a three-step structure emerging out of a massive mound of rubble and debris surrounding it. This tower is, in fact, most of the core of the pyramid. It was previously hypothesised that the rubble was the result of a sudden and catastrophic collapse that took place during the E3 construction phase. However, the debris consists of layers—strata—demonstrating that the erosion and destruction of the pyramid was, in fact, gradual.

According to earlier scholarship, the Meidum pyramid was constructed by Sneferu’s predecessor, the last king of the 3rd Dynasty, Huni (c. 2637–2613 BC). This is no longer the consensus. Sneferu’s name appears in texts in Meidum, and the ancient name of this site was Djed Sneferu ‘Sneferu Endures.’ During the reign of Thutmose III (c. 1479–1425 BC) in the 18th Dynasty, the scribe Ankhkheperreseneb visited Meidum and wrote an inscription, saying that he had come ‘to see the marvellous temple of Horus Sneferu. He saw it, as if heaven were in it and in it the sun rose.’

The Interior of the Pyramid

The entrance into the pyramid is in its north face, as was the standard, but it is unusually around 15 metres above the ground. A descending passage goes from the masonry of the pyramid down into the bedrock, turning into a horizontal corridor. Going past two niches, this leads to a vertical shaft that goes up to the burial chamber. Its corbelled ceiling distributed the tremendous weight of the masonry above, preventing it crushing the open spaces within the pyramid. It is for this same reason that the ancient Egyptians built corbelled weight-relieving spaces just above the two niches and the lower part of the descending passage. These were only discovered in 1998. It is here in Meidum that corbelling for a stone ceiling appears for the first time, a technique that would later be used to outstanding effect in the Grand Gallery and the burial chamber in Khufu’s tomb—the Great Pyramid.",https://upload.wikimedia.org/wikipedia/commons/thumb/a/ad/Meidoum03.jpg/1280px-Meidoum03.jpg
EAS_058,Fraser Tombs,ancient Egyptian necropolis,Minya,28.16171952,30.77747531,"The Fraser Tombs in Minya are the buried treasure of ancient Egypt, which can provide a rare insight into the provincial burial traditions of the Old Kingdom. The Fraser Tombs offer a more authentic experience with the past, as opposed to the larger more renowned tombs at Giza or Luxor. These tombs were hewn out of limestone cliffs and served as burial places of priests of Hathor, top officials and nobles who served the pharaohs over 4000 years ago. The Fraser Tombs are significant as they can tell us information about religious beliefs as well as social organization beyond the large cities of Egypt. Their inscriptions, carvings and statues inform us not only about the afterlife but also about everyday life and rituals. The Fraser Tombs are now a stunning illustration of how the Egyptians perceived death as a passage and not a destination, and makes the Fraser Tombs a must see location among history enthusiasts and those who want to see Egypt outside its famous tour spots.",480,All Days,from 08:00 am Last Entry 04:00 pm,Closed,from 08:00 am Last Entry 04:00 pm,Closed,from 08:00 am Last Entry 03:00 pm,Closed,There are no other days,0,0,100,50,10,5,10,5,0,0,0,0,"Free entry for children below 6 years.
  Free entry for Egyptians with special needs.
  Free entry for Egyptians above 60 years.
  Photography with mobile phone is free of charge",There is currently no inclusive ticket access,0,0,0,0,There is no event currently,0,0,0,0,Minya,"Name: Fraser Tombs; Category: ancient Egyptian necropolis; City: Minya; Description: The Fraser Tombs in Minya are the buried treasure of ancient Egypt, which can provide a rare insight into the provincial burial traditions of the Old Kingdom. The Fraser Tombs offer a more authentic experience with the past, as opposed to the larger more renowned tombs at Giza or Luxor. These tombs were hewn out of limestone cliffs and served as burial places of priests of Hathor, top officials and nobles who served the pharaohs over 4000 years ago. The Fraser Tombs are significant as they can tell us information about religious beliefs as well as social organization beyond the large cities of Egypt. Their inscriptions, carvings and statues inform us not only about the afterlife but also about everyday life and rituals. The Fraser Tombs are now a stunning illustration of how the Egyptians perceived death as a passage and not a destination, and makes the Fraser Tombs a must see location among history enthusiasts and those who want to see Egypt outside its famous tour spots.",https://upload.wikimedia.org/wikipedia/commons/a/a1/FraserNekaAnkh1Inside.jpg
EAS_059,Zawyet Sultan,archaeological site,Minya,28.04590139,30.82877662,"Zawyet Sultan is a village near the modern city of el-Minya in Middle Egypt. A vast archaeological site sprawls South of the village with settlement remains and cemeteries dating from the predynastic to the early Islamic period.

The most prominent feature of the site is a small pyramid built in the early Old Kingdom. This and six similar pyramids scattered across Upper and Middle Egypt were symbols of royal authority during a period of increased efforts by the ancient Egyptian state to colonize the provincial hinterland.",120,All Days,from 08:00 am Last Entry 04:00 pm,Closed,from 08:00 am Last Entry 04:00 pm,Closed,from 08:00 am Last Entry 03:00 pm,Closed,There are no other days,0,0,100,50,10,5,10,5,0,0,0,0,"Free entry for children below 6 years.
  Free entry for Egyptians with special needs.
  Free entry for Egyptians above 60 years.
  Photography with mobile phone is free of charge",There is currently no inclusive ticket access,0,0,0,0,There is no event currently,0,0,0,0,Minya,"Name: Zawyet Sultan; Category: archaeological site; City: Minya; Description: Zawyet Sultan is a village near the modern city of el-Minya in Middle Egypt. A vast archaeological site sprawls South of the village with settlement remains and cemeteries dating from the predynastic to the early Islamic period.

The most prominent feature of the site is a small pyramid built in the early Old Kingdom. This and six similar pyramids scattered across Upper and Middle Egypt were symbols of royal authority during a period of increased efforts by the ancient Egyptian state to colonize the provincial hinterland.",https://i0.wp.com/landioustravel.com/wp-content/uploads/2022/05/Zawyet-El-Mitin-e1652529922169.jpg?fit=1200%2C675&ssl=1
EAS_060,Amarna,ancient city and an archaeological site,Minya,27.64456452,30.89861079,"The First Capital of Monotheism

King Amenhotep IV (c.1352–1336 BC) led what is often described  as  a  “religious  revolution”  that  was  primarily  aimed  at  the  god  Amun,  whose  main  cult  center  was  in  Thebes  (modern  Luxor).  During  his  rule,  the  sun-disk,  “Aten”, came to be the only god that he worshipped. These changes  coincided  with  the  king  changing  his  name  to  ""Akhenaten"", which was followed by the founding of a new capital on virgin soil in Middle Egypt (in modern al-Minya Governorate): “Akhetaten” (The Horizon of Aten). Boundary stelae,  sixteen  of  which  have  been  discovered  so  far,  were  carved  in  the  hills  and  mountains  surrounding  the  city,  delimiting its territory. Akhetaten lies on the east bank of the  Nile,  where  it  is  bordered  by  the  hills  into  which  the  tombs of high officials were carved. Akhetaten has a clear layout: spanning the north-south length of the city is the Royal Road, on either side of which lie the most important royal,   religious,   and   administrative   buildings.   At   the   southern end of the Royal Road was the Royal Palace, and farther  down  the  Great  Aten  Temple.  Akhenaten’s  high  officials lived in luxurious homes surrounded by gardens, and   even   the   homes   of   artists   and   their   studios have been unearthed as well. After Akhenaten’s  death,  the  city  was  abandoned  and destroyed.",144,All Days,from 08:00 am Last Entry 04:00 pm,Closed,from 08:00 am Last Entry 04:00 pm,Closed,from 08:00 am Last Entry 03:00 pm,Closed,There are no other days,0,0,200,100,10,5,10,5,25,100,75,50,"Free entry for children below 6 years.
  Free entry for Egyptians with special needs.
  Free entry for Egyptians above 60 years.
  Photography with mobile phone is free of charge",There is currently no inclusive ticket access,0,0,0,0,There is no event currently,0,0,0,0,Minya,"Name: Amarna; Category: ancient city and an archaeological site; City: Minya; Description: The First Capital of Monotheism

King Amenhotep IV (c.1352–1336 BC) led what is often described  as  a  “religious  revolution”  that  was  primarily  aimed  at  the  god  Amun,  whose  main  cult  center  was  in  Thebes  (modern  Luxor).  During  his  rule,  the  sun-disk,  “Aten”, came to be the only god that he worshipped. These changes  coincided  with  the  king  changing  his  name  to  ""Akhenaten"", which was followed by the founding of a new capital on virgin soil in Middle Egypt (in modern al-Minya Governorate): “Akhetaten” (The Horizon of Aten). Boundary stelae,  sixteen  of  which  have  been  discovered  so  far,  were  carved  in  the  hills  and  mountains  surrounding  the  city,  delimiting its territory. Akhetaten lies on the east bank of the  Nile,  where  it  is  bordered  by  the  hills  into  which  the  tombs of high officials were carved. Akhetaten has a clear layout: spanning the north-south length of the city is the Royal Road, on either side of which lie the most important royal,   religious,   and   administrative   buildings.   At   the   southern end of the Royal Road was the Royal Palace, and farther  down  the  Great  Aten  Temple.  Akhenaten’s  high  officials lived in luxurious homes surrounded by gardens, and   even   the   homes   of   artists   and   their   studios have been unearthed as well. After Akhenaten’s  death,  the  city  was  abandoned  and destroyed.",https://upload.wikimedia.org/wikipedia/commons/6/64/Small_aten_temple.jpg
EAS_061,Royal Tomb of Akhenaten,rchaeological site and a historical and religious monument,Minya,27.62624347,30.98517458,"The Royal Tomb of Akhenaten is a multichambered tomb in the Royal Wadi east of Amarna, Egypt, where members of the Amarna Period royal family were originally buried. Akhenaten was an Eighteenth Dynasty pharaoh who reigned for seventeen years (1355-1338 BC) from his capital city of Akhetaten, known today as Amarna. The Royal Tomb was rediscovered in the 1880s; however, the exact year and who discovered it is up for debate. Excavations and research into the tomb began in 1891 and continue to this day. The location of the Royal Tomb, the tomb itself, the artifacts contained within the tomb, and the destruction of parts of the Royal Tomb after Akhenaten's death provide researchers with valuable insights into Akhenaten's reign, including the political environment, and the Amarna Period.

Akhenaten's burial chamber can easily be detected in his royal tomb at Amarna since it is the only tomb which was fully finished; the rest of the tomb consists of unfinished rock cut tomb chambers and rooms which were likely meant to inter other members of the royal family such as his queen Nefertiti. However, work on the tomb stopped when the Egyptian royal family later moved to Thebes and abandoned Amarna under Akhenaten's son Tutankhamun about 3 years after Akhenaten's death.",144,All Days,from 08:00 am Last Entry 04:00 pm,Closed,from 08:00 am Last Entry 04:00 pm,Closed,from 08:00 am Last Entry 03:00 pm,Closed,There are no other days,0,0,120,60,10,5,10,5,25,100,75,50,"Free entry for children below 6 years.
  Free entry for Egyptians with special needs.
  Free entry for Egyptians above 60 years.
  Photography with mobile phone is free of charge",There is currently no inclusive ticket access,0,0,0,0,There is no event currently,0,0,0,0,Minya,"Name: Royal Tomb of Akhenaten; Category: rchaeological site and a historical and religious monument; City: Minya; Description: The Royal Tomb of Akhenaten is a multichambered tomb in the Royal Wadi east of Amarna, Egypt, where members of the Amarna Period royal family were originally buried. Akhenaten was an Eighteenth Dynasty pharaoh who reigned for seventeen years (1355-1338 BC) from his capital city of Akhetaten, known today as Amarna. The Royal Tomb was rediscovered in the 1880s; however, the exact year and who discovered it is up for debate. Excavations and research into the tomb began in 1891 and continue to this day. The location of the Royal Tomb, the tomb itself, the artifacts contained within the tomb, and the destruction of parts of the Royal Tomb after Akhenaten's death provide researchers with valuable insights into Akhenaten's reign, including the political environment, and the Amarna Period.

Akhenaten's burial chamber can easily be detected in his royal tomb at Amarna since it is the only tomb which was fully finished; the rest of the tomb consists of unfinished rock cut tomb chambers and rooms which were likely meant to inter other members of the royal family such as his queen Nefertiti. However, work on the tomb stopped when the Egyptian royal family later moved to Thebes and abandoned Amarna under Akhenaten's son Tutankhamun about 3 years after Akhenaten's death.",https://encrypted-tbn0.gstatic.com/images?q=tbn:ANd9GcTF5_HCUJ3J5Z_cdj6D7-sf5ZL7PkoGo54Z9w&s
EAS_062,Meir Monumental Tombs,sightseeing and archaeological sites,Assuit,27.40921607,30.71434465,"Located 65km away from Asyut, the Meir Monumental Tombs are tombs etched in a mountain and originally served as tombs for nobility. The tombs are covered in etched designs and scenes depicting everyday life during this era. It also contains scenes for rituals, furniture, and hunting.",120,All Days,from 08:00 am Last Entry 04:00 pm,Closed,from 08:00 am Last Entry 04:00 pm,Closed,from 08:00 am Last Entry 03:00 pm,Closed,There are no other days,0,0,100,50,10,5,10,5,0,0,0,0,"Free entry for children below 6 years.
  Free entry for Egyptians with special needs.
  Free entry for Egyptians above 60 years.
  Photography with mobile phone is free of charge",There is currently no inclusive ticket access,0,0,0,0,There is no event currently,0,0,0,0,Assuit,"Name: Meir Monumental Tombs; Category: sightseeing and archaeological sites; City: Assuit; Description: Located 65km away from Asyut, the Meir Monumental Tombs are tombs etched in a mountain and originally served as tombs for nobility. The tombs are covered in etched designs and scenes depicting everyday life during this era. It also contains scenes for rituals, furniture, and hunting.",https://encrypted-tbn0.gstatic.com/images?q=tbn:ANd9GcRtay9zjEFnSICg-g-xbxNPH7cMG-EX08Z3ZA7O72plDdRqNnpHYHK_FZQXtATSu8qddkU&usqp=CAU
EAS_063,El Hawawish,"archaeological site, specifically a necropolis (a large cemetery) for the ancient city of Akhmim",Sohag,26.588961,31.81383019,"Al Hawawish Cemetery is considered one of the most prominent archaeological sites in Sohag, as Al Hawaish is located about 10 km east of Sohag, and about 7 km from Akhmim, which was its main cemetery during the Old Kingdom. This attracted the Australian Research Council and Macquarie University's Australian Center for Egyptology Research to conduct scientific excavations at the site from the early 1980s until the early 1990s.

Al Hawawish Cemetery contains more than 800 tombs which date to the Old Kingdom (2684-2160 BC) and the First Intermediate  Period (2160-2034BC).Nearly 60 tombs still preserve some inscriptions, scenes of funerals, offerings, daily life, dancing and hunting and agriculture in the ancient Akhmim, while five of them are particularly well preserved.",210,All Days,from 07:00 am Last Entry 04:00 pm,Closed,from 07:00 am Last Entry 04:00 pm,Closed,from 07:00 am Last Entry 03:00 pm,Closed,There are no other days,0,0,150,75,10,5,10,5,0,0,0,0,"Free entry for children below 6 years.
  Free entry for Egyptians with special needs.
  Free entry for Egyptians above 60 years.
  Photography with mobile phone is free of charge",There is currently no inclusive ticket access,0,0,0,0,There is no event currently,0,0,0,0,Sohag,"Name: El Hawawish; Category: archaeological site, specifically a necropolis (a large cemetery) for the ancient city of Akhmim; City: Sohag; Description: Al Hawawish Cemetery is considered one of the most prominent archaeological sites in Sohag, as Al Hawaish is located about 10 km east of Sohag, and about 7 km from Akhmim, which was its main cemetery during the Old Kingdom. This attracted the Australian Research Council and Macquarie University's Australian Center for Egyptology Research to conduct scientific excavations at the site from the early 1980s until the early 1990s.

Al Hawawish Cemetery contains more than 800 tombs which date to the Old Kingdom (2684-2160 BC) and the First Intermediate  Period (2160-2034BC).Nearly 60 tombs still preserve some inscriptions, scenes of funerals, offerings, daily life, dancing and hunting and agriculture in the ancient Akhmim, while five of them are particularly well preserved.",https://upload.wikimedia.org/wikipedia/commons/2/27/HawawishRockTombs.jpg
EAS_064,Merit Amun Temple,ancient Egyptian temple complex,Sohag,26.56515021,31.7462425,"The Temple of Meritamen is situated in between residential buildings in Sohag Governorate, where modern Egypt is built on the same lands of Ancient Egypt. The temple was made in honor of King Ramses II’s daughter, his favorite wife Nefertari. The statue of Merritt Amon or often referred to as the bride, by the people of Akhmim in Sohag, due to her statue being considered one of the most beautiful statues with her charm and the Pharaonic beauty radiating around the city.",120,All Days,from 07:00 am Last Entry 04:00 pm,Closed,from 07:00 am Last Entry 04:00 pm,Closed,from 07:00 am Last Entry 03:00 pm,Closed,There are no other days,0,0,120,60,10,5,10,5,0,0,0,0,"Free entry for children below 6 years.
  Free entry for Egyptians with special needs.
  Free entry for Egyptians above 60 years.
  Photography with mobile phone is free of charge",There is currently no inclusive ticket access,0,0,0,0,There is no event currently,0,0,0,0,Sohag,"Name: Merit Amun Temple; Category: ancient Egyptian temple complex; City: Sohag; Description: The Temple of Meritamen is situated in between residential buildings in Sohag Governorate, where modern Egypt is built on the same lands of Ancient Egypt. The temple was made in honor of King Ramses II’s daughter, his favorite wife Nefertari. The statue of Merritt Amon or often referred to as the bride, by the people of Akhmim in Sohag, due to her statue being considered one of the most beautiful statues with her charm and the Pharaonic beauty radiating around the city.",https://encrypted-tbn0.gstatic.com/images?q=tbn:ANd9GcTv9SHo0DWkLz2LIu8IHDBjH3kGXcf5ogA9og&s
EAS_065,El Sheikh Hamad (Athribis),archaeological site,Sohag,26.51135939,31.66557304,"Dating back to the 4th century BC, Athribis was founded relatively late in comparison to many other ancient Egyptian sites. Its temple is located to the west of the settlement with mud brick houses, which has yet to be excavated.

The Ptolemaic and Roman Period tombs of the city’s residents, dating up to the 4th century AD, are located in the hill nearby. Above the tombs are the limestone quarries from which the temple’s stone blocks were sourced.

Major excavations of the archeological site of Athribis were undertaken by William Flinders Petrie in 1906–1907, by the Egyptian Antiquities Authority in 1981–1997, and by the Egyptian-German mission in 2003–2012.

?The temple of Ptolemy XII is one of the most important temples in the site. Completed by the Roman emperors Tiberius until Hadrian, the temple suffered from an earthquake that caused its demolition.

The inner walls of the temple are surrounded by the 26 columns;it is a unique design in Egyptian architecture. The walls of the Holy of holies, the sanctuary, are depicted with distinct scenes of  procession of daily gods, representing a day of the Egyptian calendar. Each god carries a vase in the form of a hawk's head topped by a sun disk.

The Temple of Ptolemy IX is located to the west of the Temple of Ptolemy XII. The first temple was dedicated to the worship of the Min-Ra. and the temple is still buried under the sand and its gate found in 1983, linking the two temples to a floor of stone tiles.

The archaeological site includes the rock temple of Ascalpius, which consists of a court, a stone façade, and two halls carved into the rock, the temple dated the end of the Ptolemaic period based on its decoration.

The excavations of the temple also revealed the remains of a Coptic Basilica Church in the south side, three longitudinal corridors divided by two rows of columns that could be dated by breaking the pottery found to the 5th and 6th centuries AD.

Finally, there is an open museum that can be visited: it includes some stone blocks of the temple's facade, the remains of the entrance, the corniche and the doorsteps held on the columns of crowns in the Hathor goddess form.",120,All Days,from 07:00 am Last Entry 04:00 pm,Closed,from 07:00 am Last Entry 04:00 pm,Closed,from 07:00 am Last Entry 03:00 pm,Closed,There are no other days,0,0,150,75,10,5,10,5,0,0,0,0,"Free entry for children below 6 years.
  Free entry for Egyptians with special needs.
  Free entry for Egyptians above 60 years.
  Photography with mobile phone is free of charge",There is currently no inclusive ticket access,0,0,0,0,There is no event currently,0,0,0,0,Sohag,"Name: El Sheikh Hamad (Athribis); Category: archaeological site; City: Sohag; Description: Dating back to the 4th century BC, Athribis was founded relatively late in comparison to many other ancient Egyptian sites. Its temple is located to the west of the settlement with mud brick houses, which has yet to be excavated.

The Ptolemaic and Roman Period tombs of the city’s residents, dating up to the 4th century AD, are located in the hill nearby. Above the tombs are the limestone quarries from which the temple’s stone blocks were sourced.

Major excavations of the archeological site of Athribis were undertaken by William Flinders Petrie in 1906–1907, by the Egyptian Antiquities Authority in 1981–1997, and by the Egyptian-German mission in 2003–2012.

?The temple of Ptolemy XII is one of the most important temples in the site. Completed by the Roman emperors Tiberius until Hadrian, the temple suffered from an earthquake that caused its demolition.

The inner walls of the temple are surrounded by the 26 columns;it is a unique design in Egyptian architecture. The walls of the Holy of holies, the sanctuary, are depicted with distinct scenes of  procession of daily gods, representing a day of the Egyptian calendar. Each god carries a vase in the form of a hawk's head topped by a sun disk.

The Temple of Ptolemy IX is located to the west of the Temple of Ptolemy XII. The first temple was dedicated to the worship of the Min-Ra. and the temple is still buried under the sand and its gate found in 1983, linking the two temples to a floor of stone tiles.

The archaeological site includes the rock temple of Ascalpius, which consists of a court, a stone façade, and two halls carved into the rock, the temple dated the end of the Ptolemaic period based on its decoration.

The excavations of the temple also revealed the remains of a Coptic Basilica Church in the south side, three longitudinal corridors divided by two rows of columns that could be dated by breaking the pottery found to the 5th and 6th centuries AD.

Finally, there is an open museum that can be visited: it includes some stone blocks of the temple's facade, the remains of the entrance, the corniche and the doorsteps held on the columns of crowns in the Hathor goddess form.",https://upload.wikimedia.org/wikipedia/commons/e/e2/AthribisViewToNW.jpg
EAS_066,Abydos Temple,ancient Egyptian temple and archaeological site,Sohag,26.18472369,31.91889344,"""The temple of Seti I is situated in Abydos, one of the most important archaeological sites of Ancient Egypt. Abydos is located in Upper Egypt, about 10 km from the Nile River. It was a necropolis for Egypt’s earliest kings and later became a pilgrimage center for the worship of the god Osiris. It is also where the cults of the deified kings of ancient Egypt were celebrated.

The temple of Seti I has an unusual L-shaped ground plan and was built primarily of limestone, with the occasional use of sandstone in different areas throughout the structure. The temple was completed after Seti I’s death, by his son, Ramesses II, whose cartouches are found in certain parts of the temple, along with his characteristic sunk relief style, that is different from the very fine raised relief of his father. """,120,All Days,from 07:00 am Last Entry 04:00 pm,Closed,from 07:00 am Last Entry 04:00 pm,Closed,from 07:00 am Last Entry 03:00 pm,Closed,There are no other days,0,0,260,130,10,5,10,5,0,0,0,0,"Free entry for children below 6 years.
  Free entry for Egyptians with special needs.
  Free entry for Egyptians above 60 years.
  Photography with mobile phone is free of charge",There is currently no inclusive ticket access,0,0,0,0,There is no event currently,0,0,0,0,Sohag,"Name: Abydos Temple; Category: ancient Egyptian temple and archaeological site; City: Sohag; Description: ""The temple of Seti I is situated in Abydos, one of the most important archaeological sites of Ancient Egypt. Abydos is located in Upper Egypt, about 10 km from the Nile River. It was a necropolis for Egypt’s earliest kings and later became a pilgrimage center for the worship of the god Osiris. It is also where the cults of the deified kings of ancient Egypt were celebrated.

The temple of Seti I has an unusual L-shaped ground plan and was built primarily of limestone, with the occasional use of sandstone in different areas throughout the structure. The temple was completed after Seti I’s death, by his son, Ramesses II, whose cartouches are found in certain parts of the temple, along with his characteristic sunk relief style, that is different from the very fine raised relief of his father. """,https://upload.wikimedia.org/wikipedia/commons/3/33/AbydosFacade.jpg
EAS_067,The tomb of Amenemhat,Middle Kingdom rock-cut tombs,Beni Hasan,29.27426129,30.89895115,"Amenemhat was the last to hold the title of nomarch (governor) of the Oryx nome. He held this position for around 25 years, during the reign of the 12th Dynasty king, Senusret I (c.1965–1920 BC).

Similar to Khnumhotep II’s tomb, the entrance into Amenemhat’s tomb chapel is in the form of a portico with two columns and surrounded by a forecourt reached by way of a causeway running up the hill. Hence, its course can still be seen thanks to the boulders on either side of it. Inside the tomb chapel, a shrine cut into the east wall, facing the doorway, contains a statue of Amenemhat, his wife Hetepet, and his mother Henu.

The tomb of Amenemhat has some of the finest decorations of all the tombs at Beni Hasan. This includes scenes depicting activities of daily life such as agriculture, fishing, and fowling, and the practicing of various crafts and professions including carpentry, sandal making, pottery, bows and arrows.

Particularly, the ceiling of the tomb chapel is striking. In each segment, along largely yellow rectangle bearing a hieroglyphic inscription runs through the center, representing a wooden beam. Its midsection is flanked by a yellow and red check pattern contained in a rectangle, which is itself surrounded on its two opposing sides by a pattern imitating matting. Surrounding this entire arrangement are red and yellow squares containing quatrefoils.",60,All Days,from 08:00 am Last Entry 04:00 pm,Closed,from 08:00 am Last Entry 04:00 pm,Closed,from 08:00 am Last Entry 03:00 pm,Closed,There are no other days,0,0,200,100,10,5,10,5,0,0,0,0,"Free entry for children below 6 years.
  Free entry for Egyptians with special needs.
  Free entry for Egyptians above 60 years.
  Photography with mobile phone is free of charge",There is currently no inclusive ticket access,0,0,0,0,There is no event currently,0,0,0,0,Beni Hasan,"Name: The tomb of Amenemhat; Category: Middle Kingdom rock-cut tombs; City: Beni Hasan; Description: Amenemhat was the last to hold the title of nomarch (governor) of the Oryx nome. He held this position for around 25 years, during the reign of the 12th Dynasty king, Senusret I (c.1965–1920 BC).

Similar to Khnumhotep II’s tomb, the entrance into Amenemhat’s tomb chapel is in the form of a portico with two columns and surrounded by a forecourt reached by way of a causeway running up the hill. Hence, its course can still be seen thanks to the boulders on either side of it. Inside the tomb chapel, a shrine cut into the east wall, facing the doorway, contains a statue of Amenemhat, his wife Hetepet, and his mother Henu.

The tomb of Amenemhat has some of the finest decorations of all the tombs at Beni Hasan. This includes scenes depicting activities of daily life such as agriculture, fishing, and fowling, and the practicing of various crafts and professions including carpentry, sandal making, pottery, bows and arrows.

Particularly, the ceiling of the tomb chapel is striking. In each segment, along largely yellow rectangle bearing a hieroglyphic inscription runs through the center, representing a wooden beam. Its midsection is flanked by a yellow and red check pattern contained in a rectangle, which is itself surrounded on its two opposing sides by a pattern imitating matting. Surrounding this entire arrangement are red and yellow squares containing quatrefoils.",https://media.istockphoto.com/id/1192072727/photo/pyramid-of-amenemhat-iii-dahshur-egypt.webp?a=1&b=1&s=612x612&w=0&k=20&c=wSATqXLJ0DvPJ979FWA6TgZhdE4gWmJNWcEt08mbcis=
EAS_068,El Assasif,Archaeology and Ancient History,Luxor,25.7288,32.6139,"El-Asasif is the name of two areas in the Theban necropolis. Both are plains that mark the start of valleys, that go west. El-Asasif is commonly associated with the northern location, which is east of Deir el-Bahri between the localities of Dra’ Abu el-Naga and el-Khokha. Near the southern slope of Sheikh Abd el-Qurna and at the mouth of a valley that leads to one of the incomplete royal tombs of the early Middle Kingdom, the southern counterpart is nearly forgotten. Of the tombs that have been studied in the southern Asasif, only six date to the Late Period. Dieter Eigner published their divisions, plans, and architecture. The second part of the 11th Dynasty saw the hewing out of several saff-tombs at the bottom and on the southern side of the valley (such as the tombs of Antef and Zar), which is when the cemetery in the northern Asasif got its start. Private tombs from that era were no longer located in the plain of the Asasif due to the construction of the causeway leading to the royal tomb and mortuary temple of King Nebhepetre Mentuhotep II at Deir el-Bahri. The majority of the modern Middle Kingdom tombs, which resembled corridors, were located higher up on the hillsides that encircled Deir el-Bahri. The cemeteries 500, 600, and 800 are the locations of those tombs, and their arrangement highlights the significance of orientation and the relationship between private graves and royal funerary structures in an outstanding fashion. The setting of Puiemre’s tomb, which faces Tuthmose III’s and Hatshepsut’s causeways, is intended to fulfill the same tradition and goal once more. Despite being hewn out on the hilltop of El-Khokha’s northern slope, the context attributes this tomb to the Asasif. The tomb of Parennefer, which dates from the time of Amenhotep III and Akhenaten, has to be connected in the same way. In Amenhotep III’s reign, the northern Assif gains popularity once more.",120,All Days,from 06:00 am Last Entry 05:00 pm,Closed,from 06:00 am Last Entry 04:00 pm,Closed,from 06:00 am Last Entry 03:00 pm,Closed,There are no other days,0,0,200,100,10,5,10,5,0,0,0,0,"Free entry for children below 6 years.
  Free entry for Egyptians with special needs.
  Free entry for Egyptians above 60 years.
  Photography with mobile phone is free of charge",There is currently no inclusive ticket access,0,0,0,0,There is no event currently,0,0,0,0,Luxor,"Name:  El Assasif ; Category: Archaeology and Ancient History; City: Luxor; Description: El-Asasif is the name of two areas in the Theban necropolis. Both are plains that mark the start of valleys, that go west. El-Asasif is commonly associated with the northern location, which is east of Deir el-Bahri between the localities of Dra’ Abu el-Naga and el-Khokha. Near the southern slope of Sheikh Abd el-Qurna and at the mouth of a valley that leads to one of the incomplete royal tombs of the early Middle Kingdom, the southern counterpart is nearly forgotten. Of the tombs that have been studied in the southern Asasif, only six date to the Late Period. Dieter Eigner published their divisions, plans, and architecture. The second part of the 11th Dynasty saw the hewing out of several saff-tombs at the bottom and on the southern side of the valley (such as the tombs of Antef and Zar), which is when the cemetery in the northern Asasif got its start. Private tombs from that era were no longer located in the plain of the Asasif due to the construction of the causeway leading to the royal tomb and mortuary temple of King Nebhepetre Mentuhotep II at Deir el-Bahri. The majority of the modern Middle Kingdom tombs, which resembled corridors, were located higher up on the hillsides that encircled Deir el-Bahri. The cemeteries 500, 600, and 800 are the locations of those tombs, and their arrangement highlights the significance of orientation and the relationship between private graves and royal funerary structures in an outstanding fashion. The setting of Puiemre’s tomb, which faces Tuthmose III’s and Hatshepsut’s causeways, is intended to fulfill the same tradition and goal once more. Despite being hewn out on the hilltop of El-Khokha’s northern slope, the context attributes this tomb to the Asasif. The tomb of Parennefer, which dates from the time of Amenhotep III and Akhenaten, has to be connected in the same way. In Amenhotep III’s reign, the northern Assif gains popularity once more.",https://media.istockphoto.com/id/1225362975/photo/tomb-of-mentuemhat-or-montuemhat-in-el-assasif-egypt.webp?a=1&b=1&s=612x612&w=0&k=20&c=2_HaIZPK8uV4ZYe5bGluoFUVI1wp8PPNGz04LOdLVqU=
EAS_069,Tomb of pabasa,noble's tomb,Luxor,25.732778,32.613056,"It is located in  Asasif  . Pabasa (also know as Pabes) was a high official who held the titles 'Chief Steward of the God’s Wife Nitocris (Neitiqert)' under the reign of the King Psamtek I (of the Twenty-Six Dynasty) in the Late Pharaonic Period (c 664-610 BC). He had his large mud-brick tomb built at El Assasif, near the Temple of Hatshepsut at El Deir el-Bahari. Entering the tomb through a staircase leading down to the subterranean levels, one can see a fine brightly-colored relief of a barque on the lintel above the doorway. The small vestibule leads to a sun court open to the sky and therefore well lit comprising three squared pillars ornamented with very finely-carved relief and beautifully-painted hieroglyphs. A hall with eight pillars lies beyond the sun court, with partly-damaged decorations once depicted gods, goddesses and texts. The granite sarcophagus of Pabasa is on display at the Glasgow Museum in Scotland. The charming decorative patterns on the ceiling are well preserved. Enchanting scenes decorating the tomb include depictions of: Osiris, Re-Horakhty, Pabasa, and Nitocris; the deceased’s funeral procession and mourners; the 'Abydos Pilgrimage'; portraits of his son, Thahorpakhepesh; cartouches of Psamtek I and his daughter, Nitocris; as well as a long text of Pabasa. Other depictions involve scenes of the daily activities in the estate of the Divine Adoratrice and others showing men involved in spinning, fishing, bee keeping, and bird catching. Some finely-carved sunk carvings show Pabasa presenting offerings.",30,All Days,from 06:00 am Last Entry 05:00 pm,Closed,from 06:00 am Last Entry 04:00 pm,Closed,from 06:00 am Last Entry 03:00 pm,Closed,There are no other days,0,0,100,50,10,5,10,5,0,0,0,0,"Free entry for children below 6 years.
  Free entry for Egyptians with special needs.
  Free entry for Egyptians above 60 years.
  Photography with mobile phone is free of charge",There is currently no inclusive ticket access,0,0,0,0,There is no event currently,0,0,0,0,Luxor,"Name: Tomb of pabasa; Category: noble's tomb; City: Luxor; Description: It is located in  Asasif  . Pabasa (also know as Pabes) was a high official who held the titles 'Chief Steward of the God’s Wife Nitocris (Neitiqert)' under the reign of the King Psamtek I (of the Twenty-Six Dynasty) in the Late Pharaonic Period (c 664-610 BC). He had his large mud-brick tomb built at El Assasif, near the Temple of Hatshepsut at El Deir el-Bahari. Entering the tomb through a staircase leading down to the subterranean levels, one can see a fine brightly-colored relief of a barque on the lintel above the doorway. The small vestibule leads to a sun court open to the sky and therefore well lit comprising three squared pillars ornamented with very finely-carved relief and beautifully-painted hieroglyphs. A hall with eight pillars lies beyond the sun court, with partly-damaged decorations once depicted gods, goddesses and texts. The granite sarcophagus of Pabasa is on display at the Glasgow Museum in Scotland. The charming decorative patterns on the ceiling are well preserved. Enchanting scenes decorating the tomb include depictions of: Osiris, Re-Horakhty, Pabasa, and Nitocris; the deceased’s funeral procession and mourners; the 'Abydos Pilgrimage'; portraits of his son, Thahorpakhepesh; cartouches of Psamtek I and his daughter, Nitocris; as well as a long text of Pabasa. Other depictions involve scenes of the daily activities in the estate of the Divine Adoratrice and others showing men involved in spinning, fishing, bee keeping, and bird catching. Some finely-carved sunk carvings show Pabasa presenting offerings.",https://upload.wikimedia.org/wikipedia/commons/thumb/0/02/The_sarcophagus_of_the_great_Steward_Pa-ba-sa_at_the_Kelvingrove_Art_Gallery_and_Museum%2C_Glasgow..JPG/1280px-The_sarcophagus_of_the_great_Steward_Pa-ba-sa_at_the_Kelvingrove_Art_Gallery_and_Museum%2C_Glasgow..JPG
EAS_070,El-Tod Temple,archaeological site and a monument dedicated to the god Montu,Luxor,25.58333742,32.53328653,"The Temple of El-Tod (or Tod) is located in the village of El-Tod, on the east bank of the Nile, 20km south of Luxor. Among other ancient Egyptian cultic representations at this site, it was one of only four major cult centers devoted to the falcon-headed war god, Montu. The earliest evidence of construction at this site dates to at least the 5th Dynasty (Old Kingdom), though the site rose in importance during Middle Kingdom and it remained a site of religious significance with several building programs contributing to the temple complex until the Roman Period. It was later occupied during the Byzantine and Islamic Periods with evidence of two churches and a mosque having been erected at the site. The Temple of El-Tod is also famed for the discovery of the Tod Treasure; a foundation deposit of four chests containing objects (many made of silver, gold or lapis lazuli) imported from around the ancient world. This treasure arguably represents some of the earliest evidence of trade between Egypt and the Aegean and it is currently displayed in the Louvre and the Egyptian Museum in Cairo.",90,All Days,from 07:00 am Last Entry 05:00 pm,Closed,from 07:00 am Last Entry 04:00 pm,Closed,from 07:00 am Last Entry 03:00 pm,Closed,There are no other days,0,0,100,50,10,5,10,5,0,0,0,0,"Free entry for children below 6 years.
  Free entry for Egyptians with special needs.
  Free entry for Egyptians above 60 years.
  Photography with mobile phone is free of charge",There is currently no inclusive ticket access,0,0,0,0,There is no event currently,0,0,0,0,Luxor,"Name: El-Tod Temple; Category: archaeological site and a monument dedicated to the god Montu; City: Luxor; Description: The Temple of El-Tod (or Tod) is located in the village of El-Tod, on the east bank of the Nile, 20km south of Luxor. Among other ancient Egyptian cultic representations at this site, it was one of only four major cult centers devoted to the falcon-headed war god, Montu. The earliest evidence of construction at this site dates to at least the 5th Dynasty (Old Kingdom), though the site rose in importance during Middle Kingdom and it remained a site of religious significance with several building programs contributing to the temple complex until the Roman Period. It was later occupied during the Byzantine and Islamic Periods with evidence of two churches and a mosque having been erected at the site. The Temple of El-Tod is also famed for the discovery of the Tod Treasure; a foundation deposit of four chests containing objects (many made of silver, gold or lapis lazuli) imported from around the ancient world. This treasure arguably represents some of the earliest evidence of trade between Egypt and the Aegean and it is currently displayed in the Louvre and the Egyptian Museum in Cairo.",https://encrypted-tbn0.gstatic.com/images?q=tbn:ANd9GcSYMj-ldSuo-gPIAr3LLzp48fTtYGwZESL0cg&s
EAS_071,Al-Moalla Tombs,ancient Egyptian tombs,Luxor,25.44833274,32.54372233,"The provincial cemetery of el-Moalla is located in the desert cliff of the River Nile’s East Bank, about 32km south of Luxor. The site appears desolate and windswept, but two important tombs among many belonging to provincial governors and officials of the Old Kingdom to First Intermediate Period can be found here. A small tomb, first located by French archaeologists in the 1920s, is known to be the grave of the provincial governor and warlord Ankhtifi, who held power in the region during Dynasty IX. As ‘Great Overlord of the Nomes of Edfu and Hierakonpolis’, ‘Overseer of Priests’, Ankhtifi was the governor, or ‘nomarch’ of several districts between Edfu and Armant. His decorated tomb shows many interesting and important painted scenes which give us glimpses into the complicated political events in the obscure First Intermediate Period.
 A single rock-cut tomb chapel is all that is left today of Ankhtifi’s monument. The entrance leads to a rectangular hall which once contained many columns, though most of them are now missing. The irregular plastered walls are not well preserved, but the remaining painted decoration is very beautiful and much more flexible than the more formal Old Kingdom style. Inside the doorway, a fishing and fowling scene on the right-hand wall is especially interesting for its varieties of fish, which the deceased is spearing and reeling in, while his wife is holding a bird by its beak.",60,All Days,from 08:00 am Last Entry 04:00 pm,Closed,from 08:00 am Last Entry 04:00 pm,Closed,from 08:00 am Last Entry 03:00 pm,Closed,There are no other days,0,0,100,50,10,5,10,5,0,0,0,0,"Free entry for children below 6 years.
  Free entry for Egyptians with special needs.
  Free entry for Egyptians above 60 years.
  Photography with mobile phone is free of charge",There is currently no inclusive ticket access,0,0,0,0,There is no event currently,0,0,0,0,Luxor,"Name: Al-Moalla Tombs; Category: ancient Egyptian tombs; City: Luxor; Description: The provincial cemetery of el-Moalla is located in the desert cliff of the River Nile’s East Bank, about 32km south of Luxor. The site appears desolate and windswept, but two important tombs among many belonging to provincial governors and officials of the Old Kingdom to First Intermediate Period can be found here. A small tomb, first located by French archaeologists in the 1920s, is known to be the grave of the provincial governor and warlord Ankhtifi, who held power in the region during Dynasty IX. As ‘Great Overlord of the Nomes of Edfu and Hierakonpolis’, ‘Overseer of Priests’, Ankhtifi was the governor, or ‘nomarch’ of several districts between Edfu and Armant. His decorated tomb shows many interesting and important painted scenes which give us glimpses into the complicated political events in the obscure First Intermediate Period.
 A single rock-cut tomb chapel is all that is left today of Ankhtifi’s monument. The entrance leads to a rectangular hall which once contained many columns, though most of them are now missing. The irregular plastered walls are not well preserved, but the remaining painted decoration is very beautiful and much more flexible than the more formal Old Kingdom style. Inside the doorway, a fishing and fowling scene on the right-hand wall is especially interesting for its varieties of fish, which the deceased is spearing and reeling in, while his wife is holding a bird by its beak.",https://media.istockphoto.com/id/471248751/photo/rock-cut-tombs-in-egypt.webp?a=1&b=1&s=612x612&w=0&k=20&c=hPOtkXud8YO_52YPIH0cRahjyyhgzHyeLitMz98rFvY=
EAS_072,Mut Temple,ancient Egyptian religious architecture,Luxor,25.71168677,32.65520918,"Mut was a daughter of the sun god like Sekhmet, Hathor, Bastet, Nekhbet and others — goddesses known as the “Eye of Re.” They were both benign and dangerous and could appear as gentle cats or fierce lionesses. Because they influenced the Nile floods and could both cause and cure disease, their cults were vital to Egypt.

Mut’s other role, which assumed greater importance from the reign of Amunhotep III on, was as consort of Amun and mother of Khonsu. She is usually portrayed as a woman wearing the Double Crown, signifying her task of protecting the office of kingship and the king himself. Mut’s primary cult center was at South Karnak, linked to the Amun Precinct by an avenue of rams. Covering over 20 acres, it contains three major temples. The Mut Temple itself is girdled by a horseshoe-shaped sacred lake (the Isheru), a type specific to Eye of Re goddesses. The earliest preserved structures date to Hatshepsut and Thutmosis III, but the Johns Hopkins University Mut Expedition discovered evidence of a Middle Kingdom temple under the later construction. Until Dynasty 25, the Mut Precinct consisted only of the Mut Temple and the sacred lake.",120,All Days,from 06:00 am Last Entry 05:00 pm,Closed,from 06:00 am Last Entry 04:00 pm,Closed,from 06:00 am Last Entry 03:00 pm,Closed,There are no other days,0,0,200,100,10,5,10,5,0,0,0,0,"Free entry for children below 6 years.
  Free entry for Egyptians with special needs.
  Free entry for Egyptians above 60 years.
  Photography with mobile phone is free of charge",There is currently no inclusive ticket access,0,0,0,0,There is no event currently,0,0,0,0,Luxor,"Name: Mut Temple; Category: ancient Egyptian religious architecture; City: Luxor; Description: Mut was a daughter of the sun god like Sekhmet, Hathor, Bastet, Nekhbet and others — goddesses known as the “Eye of Re.” They were both benign and dangerous and could appear as gentle cats or fierce lionesses. Because they influenced the Nile floods and could both cause and cure disease, their cults were vital to Egypt.

Mut’s other role, which assumed greater importance from the reign of Amunhotep III on, was as consort of Amun and mother of Khonsu. She is usually portrayed as a woman wearing the Double Crown, signifying her task of protecting the office of kingship and the king himself. Mut’s primary cult center was at South Karnak, linked to the Amun Precinct by an avenue of rams. Covering over 20 acres, it contains three major temples. The Mut Temple itself is girdled by a horseshoe-shaped sacred lake (the Isheru), a type specific to Eye of Re goddesses. The earliest preserved structures date to Hatshepsut and Thutmosis III, but the Johns Hopkins University Mut Expedition discovered evidence of a Middle Kingdom temple under the later construction. Until Dynasty 25, the Mut Precinct consisted only of the Mut Temple and the sacred lake.",https://media.istockphoto.com/id/2209870871/photo/karnak-temple-is-dedicated-to-the-temple-complex-of-ancient-egypt-in-honor-of-the-god-amun-ra.webp?a=1&b=1&s=612x612&w=0&k=20&c=aISmXOdzuHS1TdZm-Mhq_7mki9Bmmx9NVxCS1H3Yxuk=
EAS_073,Gebel al-Silsila,ancient quarry site and archaeological area,Aswan,24.6427778,32.92966253,"Gebel al-Silsila is a mountainous region with sandstone quarries on both sides of the Nile. The sandstone quarries of Gebel al-Silsila have been used from the Middle Kingdom (c. 2034–1650 BC) until the 20th century. More than a hundred quarries were exploited to extract the sandstone blocks needed to construct many of ancient Egypt’s famous temples. The quarries have preserved tool marks and workers’ inscriptions that can be seen today.

Two temples existed on the west bank of Gebel al-Silsila, both dating to the reign of Horemheb (c. 1323–1295 BC), but only one has survived. This rock-cut temple is called the Speos of Horemheb and was dedicated to seven deities whose statues can be seen in its sanctuary.

South of it thirty-two rock-chapels cut into the cliff-face above the Nile for New Kingdom high officials, mostly contemporaries of Hatshepsut and Thutmose III (c. 1479–1425 BC).

South of these; are the rock-cut porch-like structures of Sety I (c. 1294–1279 BC), Rameses II (c. 1279–1213 BC), and Merenptah (c. 1213–1203 BC), and the large stela of Rameses III (c. 1184–1153 BC).

There are also many more shrines, stelae, and graffiti on both sides of the Nile, ranging in date from prehistory to even after the Roman Period.

Many deities associated with the Nile were worshipped in the Speos and surrounding shrines, such as the god of the inundation Hapy, the hippopotamus goddess Taweret, the ram-headed god Khnum, and Gebel al-Silsila’s local deity the crocodile god Sobek. Isis, Horus, Min, and the triad of Thebes (Amun, his wife Mut, and their son Khonsu) were also prominent here.",120,All Days,from 07:00 am Last Entry 03:00 pm,Closed,from 07:00 am Last Entry 03:00 pm,Closed,from 07:00 am Last Entry 03:00 pm,Closed,There are no other days,0,0,100,50,10,5,10,5,0,0,0,0,"Free entry for children below 6 years.
  Free entry for Egyptians with special needs.
  Free entry for Egyptians above 60 years.
  Photography with mobile phone is free of charge",There is currently no inclusive ticket access,0,0,0,0,There is no event currently,0,0,0,0,Aswan,"Name: Gebel al-Silsila; Category: ancient quarry site and archaeological area; City: Aswan; Description: Gebel al-Silsila is a mountainous region with sandstone quarries on both sides of the Nile. The sandstone quarries of Gebel al-Silsila have been used from the Middle Kingdom (c. 2034–1650 BC) until the 20th century. More than a hundred quarries were exploited to extract the sandstone blocks needed to construct many of ancient Egypt’s famous temples. The quarries have preserved tool marks and workers’ inscriptions that can be seen today.

Two temples existed on the west bank of Gebel al-Silsila, both dating to the reign of Horemheb (c. 1323–1295 BC), but only one has survived. This rock-cut temple is called the Speos of Horemheb and was dedicated to seven deities whose statues can be seen in its sanctuary.

South of it thirty-two rock-chapels cut into the cliff-face above the Nile for New Kingdom high officials, mostly contemporaries of Hatshepsut and Thutmose III (c. 1479–1425 BC).

South of these; are the rock-cut porch-like structures of Sety I (c. 1294–1279 BC), Rameses II (c. 1279–1213 BC), and Merenptah (c. 1213–1203 BC), and the large stela of Rameses III (c. 1184–1153 BC).

There are also many more shrines, stelae, and graffiti on both sides of the Nile, ranging in date from prehistory to even after the Roman Period.

Many deities associated with the Nile were worshipped in the Speos and surrounding shrines, such as the god of the inundation Hapy, the hippopotamus goddess Taweret, the ram-headed god Khnum, and Gebel al-Silsila’s local deity the crocodile god Sobek. Isis, Horus, Min, and the triad of Thebes (Amun, his wife Mut, and their son Khonsu) were also prominent here.",https://upload.wikimedia.org/wikipedia/commons/thumb/b/b7/Rio_nilo-aswan-2007_%282%29.JPG/1280px-Rio_nilo-aswan-2007_%282%29.JPG
EAS_074,Tuna el-Gebel,ancient Egyptian and Greco-Roman archaeological sites,Minya,27.7383,30.7044,"Tuna el-Gebel, or Tunah al-Jabal, is a significant archaeological site in Middle Egypt, famous for its extensive necropolis and well-preserved Greco-Roman tombs. It reveals the cultural importance of the ancient city of Hermopolis, showcasing burial practices and artistic achievements of the time. The tombs of Tuna el-Gebel offer valuable insights into ancient Egyptian religious practices and beliefs in the afterlife, making it a must-visit destination for history enthusiasts.",120,All Days,from 08:00 am Last Entry 04:00 pm,Closed,from 08:00 am Last Entry 04:00 pm,Closed,from 08:00 am Last Entry 03:00 pm,Closed,There are no other days,0,0,200,100,10,5,10,5,25,100,75,50,"Free entry for children below 6 years.
  Free entry for Egyptians with special needs.
  Free entry for Egyptians above 60 years.
  Photography with mobile phone is free of charge",There is currently no inclusive ticket access,0,0,0,0,There is no event currently,0,0,0,0,Minya,"Name: Tuna el-Gebel; Category: ancient Egyptian and Greco-Roman archaeological sites; City: Minya; Description: Tuna el-Gebel, or Tunah al-Jabal, is a significant archaeological site in Middle Egypt, famous for its extensive necropolis and well-preserved Greco-Roman tombs. It reveals the cultural importance of the ancient city of Hermopolis, showcasing burial practices and artistic achievements of the time. The tombs of Tuna el-Gebel offer valuable insights into ancient Egyptian religious practices and beliefs in the afterlife, making it a must-visit destination for history enthusiasts.",https://encrypted-tbn0.gstatic.com/images?q=tbn:ANd9GcR15mjAm7vd4a2YXafoTta7XLskjPzwE8iP2A&s
EAS_075,Mary’s Tree,religious landmark,Cairo,30.12059028,31.30887086,"The holy family sought refuge under a tree in Matariyya (the ancient city of Heliopolis), today known as “Mary’s Tree.” It became a popular religious site visited by many people from all over the world throughout the ages. The original tree eventually grew weak and fell in 1656 AD. A group of Franciscan priests gathered its branches and replanted them.

The tree drew the attention of medieval historians such as al-Maqrizi and Imam al-Suyuti, both of whom paid it a  visit. Orientalist travelers such as Stanley Lin also visited the site, as did the French Empress Eugene during the inauguration of the Suez Canal in 1869, during the reign of Khedive Ismail.

Some French soldiers passed by the tree in 1800, during the battle of Ain Shams between the French and Ottoman armies. The soldiers carved their names with their swords into the tree’s branches.",150,All Days,from 09:00 am Last Entry 04:00 pm,Closed,from 09:00 am Last Entry 04:00 pm,Closed,from 09:00 am Last Entry 03:00 pm,Closed,There are no other days,0,0,120,60,10,5,10,5,0,0,0,0,"Free entry for children below 6 years.
  Free entry for Egyptians with special needs.
  Free entry for Egyptians above 60 years.
  Photography with mobile phone is free of charge",There is currently no inclusive ticket access,0,0,0,0,There is no event currently,0,0,0,0,Cairo,"Name: Mary’s Tree; Category: religious landmark; City: Cairo; Description: The holy family sought refuge under a tree in Matariyya (the ancient city of Heliopolis), today known as “Mary’s Tree.” It became a popular religious site visited by many people from all over the world throughout the ages. The original tree eventually grew weak and fell in 1656 AD. A group of Franciscan priests gathered its branches and replanted them.

The tree drew the attention of medieval historians such as al-Maqrizi and Imam al-Suyuti, both of whom paid it a  visit. Orientalist travelers such as Stanley Lin also visited the site, as did the French Empress Eugene during the inauguration of the Suez Canal in 1869, during the reign of Khedive Ismail.

Some French soldiers passed by the tree in 1800, during the battle of Ain Shams between the French and Ottoman armies. The soldiers carved their names with their swords into the tree’s branches.",https://encrypted-tbn0.gstatic.com/images?q=tbn:ANd9GcTCIU2rJOXm1r2iM0UhPG37w_KR-VR4Wg6yTg&s
EAS_076,Rawda Island Nilometer,Islamic architecture and water measurement devices,Al-Fustat (Old Cairo),30.0069863,31.22504042,"Nilometers, as their name suggests, were used to measure flood levels so that dykes and canals could be prepared accordingly. Flood levels affected agricultural productivity, so another major purpose of Nilometers was to set taxation levels.

Built on the order of the Abbasid Caliph al-Mutawakkil in 247 AH/861 AD, the Nilometer on Rawda Island is one of the oldest in Egypt. It is also the oldest structure built after the Arab conquest (20 AH/640 AD) that survives in its original form. The annual seven-day celebration of the Nile flood, which took place from the medieval period down to the end of the nineteenth century, was attended by the sultan himself along with his senior officials.",240,All Days,from 09:00 am Last Entry 04:00 pm,Closed,from 09:00 am Last Entry 04:00 pm,Closed,from 09:00 am Last Entry 03:00 pm,Closed,There are no other days,0,0,120,60,20,10,20,10,0,0,0,0,"Free entry for children below 6 years.
  Free entry for Egyptians with special needs.
  Free entry for Egyptians above 60 years.
  Photography with mobile phone is free of charge",There is currently no inclusive ticket access,0,0,0,0,There is no event currently,0,0,0,0,Cairo,"Name: Rawda Island Nilometer; Category: Islamic architecture and water measurement devices; City: Cairo; Description: Nilometers, as their name suggests, were used to measure flood levels so that dykes and canals could be prepared accordingly. Flood levels affected agricultural productivity, so another major purpose of Nilometers was to set taxation levels.

Built on the order of the Abbasid Caliph al-Mutawakkil in 247 AH/861 AD, the Nilometer on Rawda Island is one of the oldest in Egypt. It is also the oldest structure built after the Arab conquest (20 AH/640 AD) that survives in its original form. The annual seven-day celebration of the Nile flood, which took place from the medieval period down to the end of the nineteenth century, was attended by the sultan himself along with his senior officials.",https://encrypted-tbn0.gstatic.com/images?q=tbn:ANd9GcST0IoThVfZIg-B4hYLaexsiGJC7rUHDB-Gfg&s
EAS_077,kom El-dikka,archaeological site,Alexandria,31.19453465,29.90463486,"The Kom el-Dikka archaeological site is located in the center of Alexandria and is one of the most important archaeological sites reflecting life in the city during the Roman and Byzantine eras. The area includes the famous Roman theater—the only one of its kind in Egypt—in addition to the remains of luxurious homes decorated with mosaic floors, public and private baths with advanced heating systems, and a complex believed to have been a scientific or philosophical center.

The ruins of Kom el-Dikka reveal the social and cultural life of ancient Alexandria, representing a miniature model of the Roman city. They contain remains spanning the 2nd to 6th centuries AD, and some artifacts were relocated from the submerged ruins to the site of the Roman theater at Kom el-Dikka.",90,All Days,from 09:00 am Last Entry 04:00 pm,Closed,from 09:00 am Last Entry 04:00 pm,Closed,from 09:00 am Last Entry 04:00 pm,Closed,There are no other days,0,0,200,100,20,10,20,10,0,0,0,0,"Free entry for children below 6 years.
  Free entry for Egyptians with special needs.
  Free entry for Egyptians above 60 years.
  Photography with mobile phone is free of charge",There is currently no inclusive ticket access,0,0,0,0,There is no event currently,0,0,0,0,Alexandria,"Name: kom El-dikka; Category: archaeological site; City: Alexandria; Description: The Kom el-Dikka archaeological site is located in the center of Alexandria and is one of the most important archaeological sites reflecting life in the city during the Roman and Byzantine eras. The area includes the famous Roman theater—the only one of its kind in Egypt—in addition to the remains of luxurious homes decorated with mosaic floors, public and private baths with advanced heating systems, and a complex believed to have been a scientific or philosophical center.

The ruins of Kom el-Dikka reveal the social and cultural life of ancient Alexandria, representing a miniature model of the Roman city. They contain remains spanning the 2nd to 6th centuries AD, and some artifacts were relocated from the submerged ruins to the site of the Roman theater at Kom el-Dikka.",https://encrypted-tbn0.gstatic.com/images?q=tbn:ANd9GcTW2G0zcikMOP4SRXxgTvQXi94CV8DK9-vR6Q&s
EM_001,Egyptian Museum,"archaeological, cultural museum, and pharaonic","Cairo, Tahrir Square",30.0483511,31.23366745,"November 15th marks the 120th anniversary of the inauguration of the Egyptian Museum, the oldest archeological museum in the Middle East. With artifacts all the way from the Predynastic period to the Greco-Roman era, the Egyptian Museum is home to the largest collection of Pharaonic antiquities in the world. The museum was first inaugurated in 1902 by Khedive Abbas Helmy II. On this momentous occasion, Egypt will be hosting tour guides at the museum for locals and tourists to delve into its historic beauty.
The all-day event will be held on Tuesday, 15 November 2022 at the Egyptian Museum in Tahrir, Cairo.",360,All Days,from 09:00 am Last Entry 04:00 pm,Closed,from 09:00 am Last Entry 04:00 pm,Closed,from 09:00 am Last Entry 03:00 pm,Closed,There are no other days,0,0,550,275,30,10,30,10,0,0,0,0,"Free entry for children below 6 years.
  Free entry for Egyptians with special needs.
  Free entry for Egyptians above 60 years.
  Photography with mobile phone is free of charge",There is currently no inclusive ticket access,0,0,0,0,There is no event currently,0,0,0,0,Cairo,"Name: Egyptian Museum; Category: archaeological, cultural museum, and pharaonic; City: Cairo; Description: November 15th marks the 120th anniversary of the inauguration of the Egyptian Museum, the oldest archeological museum in the Middle East. With artifacts all the way from the Predynastic period to the Greco-Roman era, the Egyptian Museum is home to the largest collection of Pharaonic antiquities in the world. The museum was first inaugurated in 1902 by Khedive Abbas Helmy II. On this momentous occasion, Egypt will be hosting tour guides at the museum for locals and tourists to delve into its historic beauty.
The all-day event will be held on Tuesday, 15 November 2022 at the Egyptian Museum in Tahrir, Cairo.",https://upload.wikimedia.org/wikipedia/commons/thumb/7/71/The_Egyptian_Museum.jpg/1280px-The_Egyptian_Museum.jpg
EM_002,Sharm El Sheikh Museum,"Archaeology, history, and cultural museum",South Sinai Governorate,27.93246149,34.34577684,"The idea for the museum was first suggested in 2006, and in 2017 construction was complete.

The museum’s display scenario broadly reflects the different aspects of human civilization and culture in general, while shedding light specifically on ancient Egyptian civilization. This is done through a selection of historical objects that were carefully chosen from museum storage rooms.

The museum’s Grand Hall presents a history of humans and wildlife in ancient Egypt, and highlights ancient Egyptian civilization’s preoccupation with science, mathematics, industry, crafts, family life, and love for animals to the point of reverence. To showcase this point, animal the Grand Hall is where animal mummies are displayed.

In the Hall of Civilization are displayed the beautiful inner and outer coffins of Isetemheb, the wife of the high-priest of AmunPanedjem II, who was herself a priestess of Isis, Min, and Horus in Akhmim. Notable also are Isetemheb’scanopicjars,papyrus collection, cosmetics,and perfume vessels, the head of a statue of Hatshepsut, and tanagrafigurines depicting women wearing a variety of dresses, in addition to objects that display Sinai’s cultural heritage",300,All Days, from 10:00 am Last Entry 12:00 pm,from 05:00 pm Last Entry 10:00 pm,from 10:00 am Last Entry 12:00 pm,from 05:00 pm Last Entry 10:00 pm,from 10:00 am Last Entry 01:00 pm,from 08:00 pm Last Entry 10:00 pm,There are no other days,0,0,200,100,40,20,40,20,0,0,0,0,"Free entry for children below 6 years.
  Free entry for Egyptians with special needs.
  Free entry for Egyptians above 60 years.
  Photography with mobile phone is free of charge",There is currently no inclusive ticket access,0,0,0,0,There is no event currently,0,0,0,0,South Sinai Governorate,"Name: Sharm El Sheikh Museum; Category: Archaeology, history, and cultural museum; City: South Sinai Governorate; Description: The idea for the museum was first suggested in 2006, and in 2017 construction was complete.

The museum’s display scenario broadly reflects the different aspects of human civilization and culture in general, while shedding light specifically on ancient Egyptian civilization. This is done through a selection of historical objects that were carefully chosen from museum storage rooms.

The museum’s Grand Hall presents a history of humans and wildlife in ancient Egypt, and highlights ancient Egyptian civilization’s preoccupation with science, mathematics, industry, crafts, family life, and love for animals to the point of reverence. To showcase this point, animal the Grand Hall is where animal mummies are displayed.

In the Hall of Civilization are displayed the beautiful inner and outer coffins of Isetemheb, the wife of the high-priest of AmunPanedjem II, who was herself a priestess of Isis, Min, and Horus in Akhmim. Notable also are Isetemheb’scanopicjars,papyrus collection, cosmetics,and perfume vessels, the head of a statue of Hatshepsut, and tanagrafigurines depicting women wearing a variety of dresses, in addition to objects that display Sinai’s cultural heritage",https://upload.wikimedia.org/wikipedia/commons/thumb/1/1b/Sharm_El_Sheikh_Panoramic.jpg/1280px-Sharm_El_Sheikh_Panoramic.jpg
EM_003,Hurghada Museum,Archaeological and Historical Museum,Red Sea,27.16066969,33.82145898,"Hurghada Museum is the first antiquities museum in al?Bahr al?Ahmar (Red Sea) Governorate. It is also the first museum of its kind, in that it is the fruitful result of a collaborative effort between the Ministry of Tourism and Antiquities, al?Bahr al?Ahmar (Red Sea) Governorate, and the private sector. The construction of the museum was funded by the private sector, The museum contains 2000 artifacts that tell story of Egypt, from the Ancient Egyptian, Greco-Roman, Jewish, to the Christian, Islamic, and Modern eras. These objects underline the museum’s theme, which is to present the concept of beauty in Egypt.",120,All Days,from 10:00 am Last Entry 12:00 pm,from 05:00 pm Last Entry 10:00 pm,from 10:00 am Last Entry 12:00 pm,from 05:00 pm Last Entry 10:00 pm,from 10:00 am Last Entry 01:00 pm,from 08:00 pm Last Entry 10:00 pm,There are no other days,0,0,200,100,80,40,80,40,0,0,0,0,"Free entry for children below 6 years.
  Free entry for Egyptians with special needs.
  Free entry for Egyptians above 60 years.
  Photography with mobile phone is free of charge",There is currently no inclusive ticket access,0,0,0,0,There is no event currently,0,0,0,0,Red Sea,"Name: Hurghada Museum; Category: Archaeological and Historical Museum ; City: Red Sea; Description: Hurghada Museum is the first antiquities museum in al?Bahr al?Ahmar (Red Sea) Governorate. It is also the first museum of its kind, in that it is the fruitful result of a collaborative effort between the Ministry of Tourism and Antiquities, al?Bahr al?Ahmar (Red Sea) Governorate, and the private sector. The construction of the museum was funded by the private sector, The museum contains 2000 artifacts that tell story of Egypt, from the Ancient Egyptian, Greco-Roman, Jewish, to the Christian, Islamic, and Modern eras. These objects underline the museum’s theme, which is to present the concept of beauty in Egypt.",https://encrypted-tbn0.gstatic.com/images?q=tbn:ANd9GcSNywU2V1o6KqkkBB3xP547qoKnuBXdB7w__Q&s
EM_004,Coptic Museum,"Art Museum, Coptic art, and history",Cairo,30.00577343,31.23039336,"The Coptic Museum houses the largest collection of Coptic artifacts in the world and was inaugurated in 1910. The museum was established through the efforts of Marcus Simaika Pasha, a prominent Coptic figure who was vested in the preservation of Coptic heritage. Simaika Pasha bought and collected Coptic antiquities and various architectural elements from older churches that were undergoing renovation, and used them to built the museum and establish its collection.

The collection represents Coptic history from its earliest beginnings in Egypt through to its rise as a leading center of Christianity in the world. Coptic Christianity traces its origins to a visit by Saint Mark in the city of Alexandria in the 1st Century A.D. The artifacts on display in the museum show the merge of Coptic art with the prevailing cultures including Pharaonic, Greek, Roman, Byzantine and Ottoman, and its evolution in developing its own character and identity.

Magnificently decorated manuscripts, icons, delicately carved woodwork and elaborate frescos with religious scenes recovered from ancient monasteries and churches are among its extensive collection.",180,All Days,from 09:00 am Last Entry 04:00 pm,Closed,from 09:00 am Last Entry 04:00 pm,Closed,from 09:00 am Last Entry 02:00 pm,Closed,There are no other days,0,0,280,140,20,10,20,10,0,0,0,0,"Free entry for children below 6 years.
  Free entry for Egyptians with special needs.
  Free entry for Egyptians above 60 years.
  Photography with mobile phone is free of charge",There is currently no inclusive ticket access,0,0,0,0,There is no event currently,0,0,0,0,Cairo,"Name: Coptic Museum; Category: Art Museum, Coptic art, and history; City: Cairo; Description: The Coptic Museum houses the largest collection of Coptic artifacts in the world and was inaugurated in 1910. The museum was established through the efforts of Marcus Simaika Pasha, a prominent Coptic figure who was vested in the preservation of Coptic heritage. Simaika Pasha bought and collected Coptic antiquities and various architectural elements from older churches that were undergoing renovation, and used them to built the museum and establish its collection.

The collection represents Coptic history from its earliest beginnings in Egypt through to its rise as a leading center of Christianity in the world. Coptic Christianity traces its origins to a visit by Saint Mark in the city of Alexandria in the 1st Century A.D. The artifacts on display in the museum show the merge of Coptic art with the prevailing cultures including Pharaonic, Greek, Roman, Byzantine and Ottoman, and its evolution in developing its own character and identity.

Magnificently decorated manuscripts, icons, delicately carved woodwork and elaborate frescos with religious scenes recovered from ancient monasteries and churches are among its extensive collection.",https://upload.wikimedia.org/wikipedia/commons/thumb/9/9c/Kairo_-_Altkairo_05.jpg/1280px-Kairo_-_Altkairo_05.jpg
EM_005,Luxor Museum,"Egyptology, history, and archaeological museum",Luxor,25.70763043,32.64455006,"A museum featuring items found beneath the Luxor Temple, and from the tomb of King Tut. Also on exhibit is a re-assembled wall from the Temple of Aten.",120,All Days,from 09:00 am Last Entry 12:00 pm,from 05:00 pm Last Entry 07:00 pm,from 09:00 am Last Entry 01:00 pm,from 05:00 pm Last Entry 08:00 pm,from 09:00 am Last Entry 2:00 pm,from 05:00 pm Last Entry 07:00 pm,There are no other days,0,0,400,200,30,10,30,10,0,0,0,0,"Free entry for children below 6 years.
  Free entry for Egyptians with special needs.
  Free entry for Egyptians above 60 years.
  Photography with mobile phone is free of charge",There is currently no inclusive ticket access,0,0,0,0,There is no event currently,0,0,0,0,Luxor,"Name: Luxor Museum; Category: Egyptology, history, and archaeological museum; City: Luxor; Description: A museum featuring items found beneath the Luxor Temple, and from the tomb of King Tut. Also on exhibit is a re-assembled wall from the Temple of Aten.",https://images.squarespace-cdn.com/content/v1/56c13cc00442627a08632989/1589746912759-432VX8VROXSZ5G2P1JS3/luxormuseum2.jpg?format=1500w
EM_006,Mummification museum,"museum, exhibitions, arts, and culture",Luxor,25.70232775,32.63984999,"Mummification museum in Luxor (ancient Thebes), intended to provide an understanding of the process to preserve the body. The ancient Egyptians not only applied embalming to dead humans but also to many animals (Cats, dogs, crocodiles…. etc.). God Anubis(the Jackal) was the god of embalming and mummification.

Mummification process is believed to have taken around 70 days, accompanied by many rituals. The organs of the deceased were carefully removed through a small incision (10 cm) in the left side of the body and preserved in Canopic jars. The body was then dried in sodium nitrate, or nitrate salt brought from Wadi El Natron, for about 40 days, and finally wrapped in bandages of linen. Magical amulets were placed within the wrappings on various parts of the body to protect the deceased. The family then received the body and placed it in a coffin for burial.

The Mummification Museum provides a comprehensive view of the entire process through the display of many tools, objects and equipment used for the process, as well as, an explanation of the ritual and religious significance of the practice. Canopic jars, elaborately decorated coffins, mummified remains; amulets and statues of deities are among the many objects on display.",60,All Days,from 09:00 am Last Entry 12:00 pm,from 05:00 pm Last Entry 07:00 pm,from 09:00 am Last Entry 01:00 pm,from 05:00 pm Last Entry 07:00 pm,from 09:00 am Last Entry 02:00 pm,from 05:00 pm Last Entry 07:00 pm,There are no other days,0,0,220,110,20,5,20,5,0,0,0,0,"Free entry for children below 6 years.
  Free entry for Egyptians with special needs.
  Free entry for Egyptians above 60 years.
  Photography with mobile phone is free of charge",There is currently no inclusive ticket access,0,0,0,0,There is no event currently,0,0,0,0,Luxor,"Name: Mummification museum; Category: museum, exhibitions, arts, and culture; City: Luxor; Description: Mummification museum in Luxor (ancient Thebes), intended to provide an understanding of the process to preserve the body. The ancient Egyptians not only applied embalming to dead humans but also to many animals (Cats, dogs, crocodiles…. etc.). God Anubis(the Jackal) was the god of embalming and mummification.

Mummification process is believed to have taken around 70 days, accompanied by many rituals. The organs of the deceased were carefully removed through a small incision (10 cm) in the left side of the body and preserved in Canopic jars. The body was then dried in sodium nitrate, or nitrate salt brought from Wadi El Natron, for about 40 days, and finally wrapped in bandages of linen. Magical amulets were placed within the wrappings on various parts of the body to protect the deceased. The family then received the body and placed it in a coffin for burial.

The Mummification Museum provides a comprehensive view of the entire process through the display of many tools, objects and equipment used for the process, as well as, an explanation of the ritual and religious significance of the practice. Canopic jars, elaborately decorated coffins, mummified remains; amulets and statues of deities are among the many objects on display.",https://media.istockphoto.com/id/136297196/photo/egyptian-sarcophagus-used-for-ancient-pharaohs.webp?a=1&b=1&s=612x612&w=0&k=20&c=AnDfXHXFij27KlxDJy5igb5g7v16OKONHE9ICKfkGCg=
EM_007,Museum of Islamic Art,broadly Art Museum,Cairo,30.044687,31.25269003,"The Museum of Islamic Art contains one of the largest and most extensive collections of Islamic artifacts in the world. The idea of collecting and display the grand collection of artifacts began in 1880 AD. Eventually the building was established and inaugurated in 1903 AD, during the region of Khedive Abbas Helmy ll. The building’s facade was made in the Mamluk style and is adjacent to the National Library of Egypt.

In 2014, an explosion targeting the opposite building (Cairo Security Directorate), impacted the façade. It was restored and reopened in 2017. The museum’s building consists of two floors that exhibit a large selection of artifacts from all over the world, covering subjects such as astronomy, medicine, and architecture. The vast collection takes the visitor on a journey through all periods of Islamic history, displaying some of the most magnificent artifacts. These include finely carved woodwork, delicately decorated ceramics, and rare manuscripts.

A Mamluk key to the Ka’ba in Mecca and a textile bearing the oldest Kufic inscription are among the museum’s most notable possessions.",240,All Days,from 09:00 am Last Entry 04:00 pm,Closed,from 09:00 am Last Entry 04:00 pm,Closed,from 09:00 am Last Entry 02:40 pm,Closed,There are no other days,0,0,340,170,20,10,20,10,0,0,0,0,"Free entry for children below 6 years.
  Free entry for Egyptians with special needs.
  Free entry for Egyptians above 60 years.
  Photography with mobile phone is free of charge",There is currently no inclusive ticket access,0,0,0,0,There is no event currently,0,0,0,0,Cairo,"Name: Museum of Islamic Art; Category: broadly Art Museum; City: Cairo; Description: The Museum of Islamic Art contains one of the largest and most extensive collections of Islamic artifacts in the world. The idea of collecting and display the grand collection of artifacts began in 1880 AD. Eventually the building was established and inaugurated in 1903 AD, during the region of Khedive Abbas Helmy ll. The building’s facade was made in the Mamluk style and is adjacent to the National Library of Egypt.

In 2014, an explosion targeting the opposite building (Cairo Security Directorate), impacted the façade. It was restored and reopened in 2017. The museum’s building consists of two floors that exhibit a large selection of artifacts from all over the world, covering subjects such as astronomy, medicine, and architecture. The vast collection takes the visitor on a journey through all periods of Islamic history, displaying some of the most magnificent artifacts. These include finely carved woodwork, delicately decorated ceramics, and rare manuscripts.

A Mamluk key to the Ka’ba in Mecca and a textile bearing the oldest Kufic inscription are among the museum’s most notable possessions.",https://upload.wikimedia.org/wikipedia/en/thumb/c/c7/Museum_of_Islamic_Art_in_Doha%2C_Qatar_%2832673171432%29.jpg/1280px-Museum_of_Islamic_Art_in_Doha%2C_Qatar_%2832673171432%29.jpg
EM_008,Nubia Museum,archaeological and ethnographical museum,Aswan,24.07944525,32.88917778,"The Nubian Museum was founded in response to the international salvage campaign of the ancient Nubian monuments initiated by UNESCO upon the request of the Egyptian government in 1960. Work on establishing the Nubian Museum began in the early 1980s when a committee was formed comprising of specialists from the Supreme Council of Antiquities, Egyptian universities, and UNESCO.

The task of designing the building was entrusted to the architect Dr. Mahmoud Al-Hakim, and the museum’s interior was designed by the Mexican engineer Pedro Ramirez Vazquez, whose job it was to exhibit the archaeological, historical, cultural, and environmental heritage of Nubia. The Nubian Museum was opened in 1997, with its distinctive architectural design clad in local sandstone and pink granite, reflecting traditional local Nubian architecture. In 2001 it was awarded the Agha Khan Award for Islamic Architecture.

The museum has three floors, exhibiting thousands of artefacts that shed light on the development of Egyptian and Nubian geographical, social, and cultural civilization. The main exhibition hall and diorama present the local traditions and handicrafts of Nubia. In addition to the exhibition galleries, the museum also holds a lecture hall, library, educational department, theatre, and an open amphitheatre for the presentation of Nubian folklore.

The garden attached to the museum serves as an open-air museum that includes a part of a Fatimid cemetery, a cave with prehistoric rock inscriptions, and a waterway symbolising the artery of ancient Egyptian civilization, the River Nile. A series of water channels demonstrates the relationship between the river and the Nubian village surrounded by plants that would have been common in ancient times. A reconstruction of a Nubian house offers a glimpse into the daily life of the Egyptians in Nubia.",180,Saturday - Sunday - Monday - Tuesday - Wednesday,from 09:00 am Last Entry 04:00 pm,Closed,from 09:00 am Last Entry 04:00 pm,Closed,from 09:00 am Last Entry 04:00 pm,Closed,Thursday - Friday,from 09:00 am Last Entry 04:00 pm,from 06:00 pm Last Entry 08:00 pm,400,200,30,10,30,10,0,0,0,0,"Free entry for children below 6 years.
  Free entry for Egyptians with special needs.
  Free entry for Egyptians above 60 years.
  Photography with mobile phone is free of charge",There is currently no inclusive ticket access,0,0,0,0,There is no event currently,0,0,0,0,Aswan,"Name: Nubia Museum; Category: archaeological and ethnographical museum; City: Aswan; Description: The Nubian Museum was founded in response to the international salvage campaign of the ancient Nubian monuments initiated by UNESCO upon the request of the Egyptian government in 1960. Work on establishing the Nubian Museum began in the early 1980s when a committee was formed comprising of specialists from the Supreme Council of Antiquities, Egyptian universities, and UNESCO.

The task of designing the building was entrusted to the architect Dr. Mahmoud Al-Hakim, and the museum’s interior was designed by the Mexican engineer Pedro Ramirez Vazquez, whose job it was to exhibit the archaeological, historical, cultural, and environmental heritage of Nubia. The Nubian Museum was opened in 1997, with its distinctive architectural design clad in local sandstone and pink granite, reflecting traditional local Nubian architecture. In 2001 it was awarded the Agha Khan Award for Islamic Architecture.

The museum has three floors, exhibiting thousands of artefacts that shed light on the development of Egyptian and Nubian geographical, social, and cultural civilization. The main exhibition hall and diorama present the local traditions and handicrafts of Nubia. In addition to the exhibition galleries, the museum also holds a lecture hall, library, educational department, theatre, and an open amphitheatre for the presentation of Nubian folklore.

The garden attached to the museum serves as an open-air museum that includes a part of a Fatimid cemetery, a cave with prehistoric rock inscriptions, and a waterway symbolising the artery of ancient Egyptian civilization, the River Nile. A series of water channels demonstrates the relationship between the river and the Nubian village surrounded by plants that would have been common in ancient times. A reconstruction of a Nubian house offers a glimpse into the daily life of the Egyptians in Nubia.",https://archidatum.com/media/6516/nubian-museum_mahmoud-el-hakim-17.jpg 
EM_009,Alexandria National Museum,regional museum,Alexandria,31.20070045,29.91322205,"The building that now houses the museum was originally constructed as a palace for Asaad Basili Pasha, one of Alexandria’s wealthiest figures, who designed it in the Italianate architectural style. In 1996, the Supreme Council of Antiquities acquired the property and later converted it into an archaeological museum, officially opening it to the public in 2003.

The museum’s collection highlights the historical and cultural heritage of Egyptian arts and crafts, spanning from prehistory to the modern era. Among its most remarkable holdings is a rare assemblage of sunken antiquities recovered from excavations in Abu Qir Bay. In addition, the museum features a currency hall showcasing coins from various historical periods, as well as a distinctive display of Islamic-era weaponry. The galleries further include collections of metals, ceramics, and glass, along with exquisite gold, silver, and jewelry once belonging to the family of Muhammad Ali Pasha.",120,All Days,from 09:00 am Last Entry 04:00 pm,Closed,from 09:00 am Last Entry 04:00 pm,Closed,from 09:00 am Last Entry 03:00 pm,Closed,There are no other days,0,0,220,110,20,5,20,5,0,0,0,0,"Free entry for children below 6 years.
  Free entry for Egyptians with special needs.
  Free entry for Egyptians above 60 years.
  Photography with mobile phone is free of charge",There is currently no inclusive ticket access,0,0,0,0,There is no event currently,0,0,0,0,Alexandria,"Name: Alexandria National Museum; Category: regional museum; City: Alexandria; Description: The building that now houses the museum was originally constructed as a palace for Asaad Basili Pasha, one of Alexandria’s wealthiest figures, who designed it in the Italianate architectural style. In 1996, the Supreme Council of Antiquities acquired the property and later converted it into an archaeological museum, officially opening it to the public in 2003.

The museum’s collection highlights the historical and cultural heritage of Egyptian arts and crafts, spanning from prehistory to the modern era. Among its most remarkable holdings is a rare assemblage of sunken antiquities recovered from excavations in Abu Qir Bay. In addition, the museum features a currency hall showcasing coins from various historical periods, as well as a distinctive display of Islamic-era weaponry. The galleries further include collections of metals, ceramics, and glass, along with exquisite gold, silver, and jewelry once belonging to the family of Muhammad Ali Pasha.",https://www.sharm-club.com/assets/images/cities/alexandria/national-museum/alexandria-national-museum.jpg
EM_010,Royal Jewelry Museum,Museum,Alexandria,31.24061824,29.9632774,"The Royal Jewelry Museum displays the collectibles of the Egyptian royal family, founded by Muhammad Ali Pasha in 1805 and continued to rule for 150 years, until 1952.

Zaynab Fahmi built the palace in 1919 in Zizinya, Alexandria. It served as the residence of Fatma al- Zahra’, daughter of Prince Ali Haider, a descendent of Muhammad Ali Pasha.  The palace serves as a striking backdrop to the magnificent possessions owned by the family. It uniquely merges between European and Islamic styles, reflecting the fine taste of the royal family whose paintings, gilded ceilings, and mosaics decorate the palace rooms. The palace consists of two wings, eastern and western, connected by a corridor. Each wing has a basement and two floors.

The possessions amassed by the family over the period of their rule are on display in the various halls. A diamond and emerald inlaid collar belonging to the founder of the dynasty, Muhammad Ali Pasha, is among the museum’s collection. The lavish lifestyle of the family is reflected in a gold chessboard, golden binoculars encrusted with diamonds, rubies, emeralds, and gold cups inlaid with precious stones. Also on display are elaborate jewelry sets commissioned by the greatest designers in Europe, which once adorned the queens and princesses of Egypt’s royal family.",120,All Days,from 09:00 am Last Entry 04:00 pm,Closed,from 09:00 am Last Entry 04:00 pm,Closed,from 09:00 am Last Entry 03:00 pm,Closed,There are no other days,0,0,220,110,20,5,20,5,0,0,0,0,"Free entry for children below 6 years.
  Free entry for Egyptians with special needs.
  Free entry for Egyptians above 60 years.
  Photography with mobile phone is free of charge",There is currently no inclusive ticket access,0,0,0,0,There is no event currently,0,0,0,0,Alexandria,"Name: Royal Jewelry Museum; Category: Museum; City: Alexandria; Description: The Royal Jewelry Museum displays the collectibles of the Egyptian royal family, founded by Muhammad Ali Pasha in 1805 and continued to rule for 150 years, until 1952.

Zaynab Fahmi built the palace in 1919 in Zizinya, Alexandria. It served as the residence of Fatma al- Zahra’, daughter of Prince Ali Haider, a descendent of Muhammad Ali Pasha.  The palace serves as a striking backdrop to the magnificent possessions owned by the family. It uniquely merges between European and Islamic styles, reflecting the fine taste of the royal family whose paintings, gilded ceilings, and mosaics decorate the palace rooms. The palace consists of two wings, eastern and western, connected by a corridor. Each wing has a basement and two floors.

The possessions amassed by the family over the period of their rule are on display in the various halls. A diamond and emerald inlaid collar belonging to the founder of the dynasty, Muhammad Ali Pasha, is among the museum’s collection. The lavish lifestyle of the family is reflected in a gold chessboard, golden binoculars encrusted with diamonds, rubies, emeralds, and gold cups inlaid with precious stones. Also on display are elaborate jewelry sets commissioned by the greatest designers in Europe, which once adorned the queens and princesses of Egypt’s royal family.",https://upload.wikimedia.org/wikipedia/commons/f/f6/AlexRoyalJewelleryMusLeft.jpg
EM_011,National Museum of Egyptian Civilization,"History museum, civilization museum",Cairo,30.00864832,31.24824029,"The NMEC is the first of its kind in Egypt and the Arab world. It presents the full range of the richness and diversity of Egyptian civilization throughout the ages, from prehistoric times to the present day by focusing on its continuity and stability as demonstrated by its tangible and intangible heritage. The museum’s exceptional collection includes the royal mummies, which are exhibited in a new interactive display using 21st century cutting-edge technology to go beneath the wrappings and reveal their secrets, in addition to shedding light on the rituals and religious beliefs surrounding mummification in ancient Egypt.",240,Saturday - Sunday - Monday - Tuesday - Wednesday - Thursday,from 09:00 am Last Entry 04:00 pm,Closed,from 09:00 am Last Entry 04:00 pm,Closed,from 09:00 am Last Entry 03:00 pm,Closed,Friday,from 09:00 am Last Entry 04:00 pm,from 06:00 pm Last Entry 08:00 pm,550,300,550,300,90,45,0,0,0,0,"Free entry for children below 6 years.
  Free entry for Egyptians with special needs.
  Free entry for Egyptians above 60 years.
  Photography with mobile phone is free of charge",There is currently no inclusive ticket access,0,0,0,0,There is no event currently,0,0,0,0,Cairo,"Name: National Museum of Egyptian Civilization; Category: History museum, civilization museum; City: Cairo; Description: The NMEC is the first of its kind in Egypt and the Arab world. It presents the full range of the richness and diversity of Egyptian civilization throughout the ages, from prehistoric times to the present day by focusing on its continuity and stability as demonstrated by its tangible and intangible heritage. The museum’s exceptional collection includes the royal mummies, which are exhibited in a new interactive display using 21st century cutting-edge technology to go beneath the wrappings and reveal their secrets, in addition to shedding light on the rituals and religious beliefs surrounding mummification in ancient Egypt.",https://egymonuments.com/storage/events/May2024/gcU6mzsf0ois5JU5jefF.png
EM_012,The Royal Carriages Museum,"History Museum, royal history, transportation history, and cultural heritage",Cairo,30.05591935,31.23132656,"The Royal carriages Museum in Boulaq is one of the earliest of its kind worldwide, both from the prospect of the authenticity of its building and the originality of its displays. The building was particularly adapted to preserve the cultural heritage of the royal carriages and all related material dating back to the era of Mohammed Ali Dynasty.

The idea of establishing the museum building dates back to the reign of khedive Ismail (r. 1863- 1879), who thought of founding a special structure for housing the horses and the khedivial carriages. Initially, the establishment was called the “Khedivial Carriages Service”, then its name was changed in 1922 to “Royal Stables Department (Royal Mews)” under the reign of king Fouad  (r. 1917- 1936).

Being the focus of royal attention, this establishment was provided with all specialized experts and skilled workers. The building was converted into a museum after the revolution of 1952.

The Museum houses a unique collection, of which the most notable are various sizes and types of royal carriages, one of the most distinguished objects in the Museum is the grand Alay Carriage, which is characterized by its finest workmanship and elaborate decoration. It was the gift of Emperor Napoleon III and his wife Empress Eugenie to Khedive Ismail on the occasion of the Suez Canal inauguration in 1869. King Faruk ordered its restoration and used it on the inauguration of the Parliament in 1942, also its contain horse riding equipments, uniforms of the Carriages Service employees, as well as oil paintings dating to the same era.

Worthy of note is that few museums all over the world are specialized in exhibiting this kind of displays, for examples museums in Austria, France, Russia, and England.",120,All Days,from 09:00 am Last Entry 04:00 pm,Closed,from 09:00 am Last Entry 04:00 pm,Closed,from 09:00 am Last Entry 02:00 pm,Closed,There are no other days,0,0,300,300,30,10,30,10,0,0,0,0,"Free entry for children below 6 years.
  Free entry for Egyptians with special needs.
  Free entry for Egyptians above 60 years.
  Photography with mobile phone is free of charge",There is currently no inclusive ticket access,0,0,0,0,There is no event currently,0,0,0,0,Cairo,"Name: The Royal Carriages Museum; Category: History Museum, royal history, transportation history, and cultural heritage; City: Cairo; Description: The Royal carriages Museum in Boulaq is one of the earliest of its kind worldwide, both from the prospect of the authenticity of its building and the originality of its displays. The building was particularly adapted to preserve the cultural heritage of the royal carriages and all related material dating back to the era of Mohammed Ali Dynasty.

The idea of establishing the museum building dates back to the reign of khedive Ismail (r. 1863- 1879), who thought of founding a special structure for housing the horses and the khedivial carriages. Initially, the establishment was called the “Khedivial Carriages Service”, then its name was changed in 1922 to “Royal Stables Department (Royal Mews)” under the reign of king Fouad  (r. 1917- 1936).

Being the focus of royal attention, this establishment was provided with all specialized experts and skilled workers. The building was converted into a museum after the revolution of 1952.

The Museum houses a unique collection, of which the most notable are various sizes and types of royal carriages, one of the most distinguished objects in the Museum is the grand Alay Carriage, which is characterized by its finest workmanship and elaborate decoration. It was the gift of Emperor Napoleon III and his wife Empress Eugenie to Khedive Ismail on the occasion of the Suez Canal inauguration in 1869. King Faruk ordered its restoration and used it on the inauguration of the Parliament in 1942, also its contain horse riding equipments, uniforms of the Carriages Service employees, as well as oil paintings dating to the same era.

Worthy of note is that few museums all over the world are specialized in exhibiting this kind of displays, for examples museums in Austria, France, Russia, and England.",https://encrypted-tbn0.gstatic.com/images?q=tbn:ANd9GcQ-Yu2DxrO1yN3MUttDZWijndO-dkvd--ZUOA&s
EM_013,Graeco-Roman Museum,archaeological museum,Alexandria,31.19920539,29.90659983,"The Graeco-Roman Museum of Alexandria is one of Egypt’s most important cultural landmarks, and the first building in the country to be specially designed for the preservation and display of antiquities. It remains unique as the only museum fully dedicated to the civilization of Egypt during the Greek and Roman periods.

The idea of the museum began in 1889 with the Italian scholar Giuseppe Botti, who aimed to protect Alexandria’s antiquities from loss and destruction. Thanks to his efforts, the museum was officially established in 1892 and inaugurated by Khedive Abbas Helmy II. The first location was a modest rented house, but the growing discoveries soon created a need for a larger building.

In 1894, Nubar Pasha laid the cornerstone of a new neoclassical building designed by the architects Dietrich and Stenon. The construction was completed in just one year, and the museum reopened in 1895. Over the years, the museum was directed by several prominent scholars, both foreign and Egyptian, reflecting its international significance. Since 1953, Egyptian archaeologists have been in charge of the institution.

The museum has undergone several expansions and renovations, the most recent beginning in 2005 and continuing after 2015. These developments introduced a new upper floor, redesigned interiors, and modern display methods, ensuring that the museum continues to serve as both a scientific center and a cultural gateway for visitors to explore Alexandria’s rich Graeco-Roman heritage.",180,Sunday - Monday - Tuesday - Wednesday - Thursday,from 09:00 am Last Entry 03:00 pm,Closed,from 09:00 am Last Entry 03:00 pm,Closed,from 09:00 am Last Entry 03:00 pm,Closed,Friday - Saturday,from 09:00 am Last Entry 07:00 pm,0,400,200,40,20,40,20,0,0,0,0,"Free entry for children below 6 years.
  Free entry for Egyptians with special needs.
  Free entry for Egyptians above 60 years.
  Photography with mobile phone is free of charge",There is currently no inclusive ticket access,0,0,0,0,There is no event currently,0,0,0,0,Alexandria,"Name: Graeco-Roman Museum; Category: archaeological museum; City: Alexandria; Description: The Graeco-Roman Museum of Alexandria is one of Egypt’s most important cultural landmarks, and the first building in the country to be specially designed for the preservation and display of antiquities. It remains unique as the only museum fully dedicated to the civilization of Egypt during the Greek and Roman periods.

The idea of the museum began in 1889 with the Italian scholar Giuseppe Botti, who aimed to protect Alexandria’s antiquities from loss and destruction. Thanks to his efforts, the museum was officially established in 1892 and inaugurated by Khedive Abbas Helmy II. The first location was a modest rented house, but the growing discoveries soon created a need for a larger building.

In 1894, Nubar Pasha laid the cornerstone of a new neoclassical building designed by the architects Dietrich and Stenon. The construction was completed in just one year, and the museum reopened in 1895. Over the years, the museum was directed by several prominent scholars, both foreign and Egyptian, reflecting its international significance. Since 1953, Egyptian archaeologists have been in charge of the institution.

The museum has undergone several expansions and renovations, the most recent beginning in 2005 and continuing after 2015. These developments introduced a new upper floor, redesigned interiors, and modern display methods, ensuring that the museum continues to serve as both a scientific center and a cultural gateway for visitors to explore Alexandria’s rich Graeco-Roman heritage.",https://upload.wikimedia.org/wikipedia/commons/3/3d/Fassade_des_griechisch-r%C3%B6mischen_Museums_in_Alexandria%2C_%C3%84gypten.jpg
EM_014,Carter House,historic house museum,Luxor,25.7388509,32.62817143,"The British archaeologist Howard Carter designed and built this mudbrick house in 1910. It was his home when he, his patron Lord Carnarvon, and their Egyptian and international collaborators discovered the tomb of Tutankhamun in 1922. Conveniently sited for his excavations in the Theban necropolis and the Valley of the Kings, this remained Carter’s Luxor base until his death in 1939. The chosen location was known locally as Ulwit al-Dibban (Hill of the Flies).

The house was built around a domed central hall and contained two bedrooms, work spaces, a photographic darkroom, and servant quarters. During Carter’s lifetime the house had no running water, electricity, telephone, or garden. Carter furnished it plainly with locally made furniture, his own artworks, and a small collection of antiquities; sadly few photographs or descriptions of the interior survive.

Carter bequeathed his house to the Metropolitan Museum of Art, New York, in recognition of the help the museum had given him with the excavation of the tomb of Tutankhamun. The house passed to the Egyptian Service des Antiquités, who subsequently added an extension to the west and used the building as accommodation for antiquities inspectors and archaeologists.

Carter House was converted into a museum in 2009. A replica of the tomb of Tutankhamun, made and donated by Factum Arte, was installed in the grounds in 2014. The house and gardens were restored in 2022 for the centenary of Carter’s great discovery.",180,All Days,from 06:00 am Last Entry 05:00 pm,Closed,from 06:00 am Last Entry 04:00 pm,Closed,from 06:00 am Last Entry 04:00 pm,Closed,There are no other days,0,0,220,110,10,5,10,5,25,100,75,50,"Free entry for children below 6 years.
  Free entry for Egyptians with special needs.
  Free entry for Egyptians above 60 years.
  Photography with mobile phone is free of charge",There is currently no inclusive ticket access,0,0,0,0,There is no event currently,0,0,0,0,Luxor,"Name: Carter House; Category: historic house museum; City: Luxor; Description: The British archaeologist Howard Carter designed and built this mudbrick house in 1910. It was his home when he, his patron Lord Carnarvon, and their Egyptian and international collaborators discovered the tomb of Tutankhamun in 1922. Conveniently sited for his excavations in the Theban necropolis and the Valley of the Kings, this remained Carter’s Luxor base until his death in 1939. The chosen location was known locally as Ulwit al-Dibban (Hill of the Flies).

The house was built around a domed central hall and contained two bedrooms, work spaces, a photographic darkroom, and servant quarters. During Carter’s lifetime the house had no running water, electricity, telephone, or garden. Carter furnished it plainly with locally made furniture, his own artworks, and a small collection of antiquities; sadly few photographs or descriptions of the interior survive.

Carter bequeathed his house to the Metropolitan Museum of Art, New York, in recognition of the help the museum had given him with the excavation of the tomb of Tutankhamun. The house passed to the Egyptian Service des Antiquités, who subsequently added an extension to the west and used the building as accommodation for antiquities inspectors and archaeologists.

Carter House was converted into a museum in 2009. A replica of the tomb of Tutankhamun, made and donated by Factum Arte, was installed in the grounds in 2014. The house and gardens were restored in 2022 for the centenary of Carter’s great discovery.",https://media.istockphoto.com/id/1319915820/photo/house-of-the-howard-carter-in-luxor-english-archaeologist-and-egyptologist.webp?a=1&b=1&s=612x612&w=0&k=20&c=CPeXYh3Tt8fbsIjR1i1P079liUgMP33L-1dWsB-cWkk=
EM_015,Al-Mu'izz Street," historic, cultural heritage site and an open-air museum",Cairo,30.05095064,31.26157421,"Al-Muizz Street is named after the Fatimid Caliph, al-Muizz li-Din Allah (341–365 AH / 953–975 AD), who first founded this street. He is also the founder of the Fatimid caliphates in Egypt since he ruled Egypt in (358-365AH\ 969-975AD). Today, it is the largest open-air museum for Islamic monuments in the world, and a unique heritage site that was added to the UNESCO World Heritage List in 1979. The street has borne many names over the centuries, and in 1937 it came to be known as al-Muizz in honour of the founder of Cairo.

          The historical street stretches between two of the gates of Cairo’s old city walls, from Bab al-Futuh in the north to Bab Zuwayla in the south, passing along many of the significant and uniquely preserved ancient alleys and streets, such as Amir al-Guyush Street, Darb al-Asfar, Borgowan Alley, Khan al-Khalili, and al-Ghuriyya.

          Twenty-nine monuments dotting the length of al-Muizz allow visitors to experience Islamic Egypt from the 10th to 19th centuries, starting from the Fatimid Period in Egypt (358–567 AH / 969–1171 AD) to the Muhammad Ali Dynasty (1220–1372 AH/ 1805–1953 AD). These monuments include buildings of various types, such as those that had a religious, domestic, commercial, or defensive function. Today, markets, vendors, and local crafts stores line up along al-Muizz ?street, adding to the charm of this historic street.",300,All Days,from 09:00 am Last Entry 04:00 pm,Closed,from 09:00 am Last Entry 04:00 pm,Closed,from 09:00 am Last Entry 03:00 pm,Closed,There are no other days,0,0,220,110,20,10,20,10,0,0,0,0,"Free entry for children below 6 years.
  Free entry for Egyptians with special needs.
  Free entry for Egyptians above 60 years.
  Photography with mobile phone is free of charge",There is currently no inclusive ticket access,0,0,0,0,There is no event currently,0,0,0,0,Cairo,"Name: Al-Mu'izz Street; Category:  historic, cultural heritage site and an open-air museum; City: Cairo; Description: Al-Muizz Street is named after the Fatimid Caliph, al-Muizz li-Din Allah (341–365 AH / 953–975 AD), who first founded this street. He is also the founder of the Fatimid caliphates in Egypt since he ruled Egypt in (358-365AH\ 969-975AD). Today, it is the largest open-air museum for Islamic monuments in the world, and a unique heritage site that was added to the UNESCO World Heritage List in 1979. The street has borne many names over the centuries, and in 1937 it came to be known as al-Muizz in honour of the founder of Cairo.

          The historical street stretches between two of the gates of Cairo’s old city walls, from Bab al-Futuh in the north to Bab Zuwayla in the south, passing along many of the significant and uniquely preserved ancient alleys and streets, such as Amir al-Guyush Street, Darb al-Asfar, Borgowan Alley, Khan al-Khalili, and al-Ghuriyya.

          Twenty-nine monuments dotting the length of al-Muizz allow visitors to experience Islamic Egypt from the 10th to 19th centuries, starting from the Fatimid Period in Egypt (358–567 AH / 969–1171 AD) to the Muhammad Ali Dynasty (1220–1372 AH/ 1805–1953 AD). These monuments include buildings of various types, such as those that had a religious, domestic, commercial, or defensive function. Today, markets, vendors, and local crafts stores line up along al-Muizz ?street, adding to the charm of this historic street.",https://upload.wikimedia.org/wikipedia/commons/thumb/3/3a/Cairo%2C_madrasa_del_sultano_qalaun%2C_02.JPG/1280px-Cairo%2C_madrasa_del_sultano_qalaun%2C_02.JPG
EM_016,Bab Zuwayla,"Historic Site, Monument, Architectural Structure, and Tourist Attraction","Cairo, Al-Mu'izz Street",30.04289346,31.25786067,"It is one of the gates of the Fatimid Cairo's walls, located on the southern side. It was built by the Fatimid Vizier Badr al-Gamali during the reign of the Fatimid Caliph al-Mustansir in 485 AH/1092 AD, about five years after the construction of the Bab al-Nasr and Bab al-Futuh on the northern side. Together, these gates stand as enduring evidence of the grandeur of military architecture in Egypt during the Fatimid era.

The gate consists of two semi-circular towers and the entrance lies between them. it measures approximately 4.82 meters wide. 300 years later, the Mamluk Sultan al-Mu’ayyad Shaykh used the bases of these two towers to build the two minarets of his mosque adjacent to the gate in 818–824 AH / 1415–1421 AD.

The gate was named Zuwayla after the tribe of Zuwayla, that came from North Africa with Jawhar al-Siqilli and quartered near the gate.  Bab Zuwayla was also known as Bawabat al-Mitwalli (the gate of al-Mitwalli), after the Mitwalli al-Hesba, the official in charge of finances and tax collection based here.

Bab Zuwayla witnessed the end of Mamluk rule when the Ottoman Sultan Selim I, hanged the last Mamluk Sultan Tumanbay, in 923 AH/1517 AD.

In the 1990s, the gate underwent its first restoration by the Committee for the Conservation of Arab Monuments. Later, the Supreme Council of Antiquities, in collaboration with the American Research Center in Egypt, successfully restored the gate as part of a five-year conservation project between 1998 and 2003.",120,All Days,from 09:00 am Last Entry 04:00 pm,Closed,from 09:00 am Last Entry 04:00 pm,Closed,from 09:00 am Last Entry 03:00 pm,Closed,There are no other days,0,0,100,50,10,5,10,5,0,0,0,0,"Free entry for children below 6 years.
  Free entry for Egyptians with special needs.
  Free entry for Egyptians above 60 years.
  Photography with mobile phone is free of charge",There is currently no inclusive ticket access,0,0,0,0,There is no event currently,0,0,0,0,Cairo,"Name: Bab Zuwayla; Category: Historic Site, Monument, Architectural Structure, and Tourist Attraction; City: Cairo; Description: It is one of the gates of the Fatimid Cairo's walls, located on the southern side. It was built by the Fatimid Vizier Badr al-Gamali during the reign of the Fatimid Caliph al-Mustansir in 485 AH/1092 AD, about five years after the construction of the Bab al-Nasr and Bab al-Futuh on the northern side. Together, these gates stand as enduring evidence of the grandeur of military architecture in Egypt during the Fatimid era.

The gate consists of two semi-circular towers and the entrance lies between them. it measures approximately 4.82 meters wide. 300 years later, the Mamluk Sultan al-Mu’ayyad Shaykh used the bases of these two towers to build the two minarets of his mosque adjacent to the gate in 818–824 AH / 1415–1421 AD.

The gate was named Zuwayla after the tribe of Zuwayla, that came from North Africa with Jawhar al-Siqilli and quartered near the gate.  Bab Zuwayla was also known as Bawabat al-Mitwalli (the gate of al-Mitwalli), after the Mitwalli al-Hesba, the official in charge of finances and tax collection based here.

Bab Zuwayla witnessed the end of Mamluk rule when the Ottoman Sultan Selim I, hanged the last Mamluk Sultan Tumanbay, in 923 AH/1517 AD.

In the 1990s, the gate underwent its first restoration by the Committee for the Conservation of Arab Monuments. Later, the Supreme Council of Antiquities, in collaboration with the American Research Center in Egypt, successfully restored the gate as part of a five-year conservation project between 1998 and 2003.",https://upload.wikimedia.org/wikipedia/commons/thumb/f/f9/Bab_Zuwayla_Cairo_12_0864.jpg/1280px-Bab_Zuwayla_Cairo_12_0864.jpg
EM_017,House of suhaymi,Historical and Architectural Landmark,"Cairo, Al-Mu'izz Street",30.05212407,31.26249331,"The house is located in al-Darb al-Asfar Lane in al-Gamaliyya in al-Muizz Street. It is one of the most beautiful examples of Cairo’s domestic architecture. Shaykh Abd al-Wahhab al-Tablawi established the first part of this house in 1058 AH / 1648 AD. The second and later section was set by Haji Ismail Chelebi in 1211 AH / 1796 AD, then he merged the two parts into one house. The house named after the last resident, Shaykh Muhammad Amin al-Suhaymi, who was a senior scholar of and the Shaykh of the Turkish riwaq of al-Azhar mosque in the Ottoman Period. ?

In 1349 AH / 1931 AD, al-Suhaymi heirs sold this house to the Committee for the Preservation of Arab Antiquities for the sum of six thousand pounds.

 It consists of several buildings overlooking a sizable picturesque courtyard. The facades are plotted with wonderful wooden mashrabiyyas (wooden grilled windows). The house also contains a large Maq'ad (seated balcony) and a furnished reception hall.

Among the house’s unique elements are the birthing chair, the bathroom, and the wells that provided water to the house. A waterwheel irrigated the garden, and its wooden gear survives. There is a mill activated by a bull. Nearby, pottery and stone vessels preserved grains.",60,All Days,from 09:00 am Last Entry 04:00 pm,Closed,from 09:00 am Last Entry 04:00 pm,Closed,from 09:00 am Last Entry 03:00 pm,Closed,There are no other days,0,0,220,110,10,5,10,5,0,0,0,0,"Free entry for children below 6 years.
  Free entry for Egyptians with special needs.
  Free entry for Egyptians above 60 years.
  Photography with mobile phone is free of charge",There is currently no inclusive ticket access,0,0,0,0,There is no event currently,0,0,0,0,Cairo,"Name: House of suhaymi; Category: Historical and Architectural Landmark; City: Cairo; Description: The house is located in al-Darb al-Asfar Lane in al-Gamaliyya in al-Muizz Street. It is one of the most beautiful examples of Cairo’s domestic architecture. Shaykh Abd al-Wahhab al-Tablawi established the first part of this house in 1058 AH / 1648 AD. The second and later section was set by Haji Ismail Chelebi in 1211 AH / 1796 AD, then he merged the two parts into one house. The house named after the last resident, Shaykh Muhammad Amin al-Suhaymi, who was a senior scholar of and the Shaykh of the Turkish riwaq of al-Azhar mosque in the Ottoman Period. ?

In 1349 AH / 1931 AD, al-Suhaymi heirs sold this house to the Committee for the Preservation of Arab Antiquities for the sum of six thousand pounds.

 It consists of several buildings overlooking a sizable picturesque courtyard. The facades are plotted with wonderful wooden mashrabiyyas (wooden grilled windows). The house also contains a large Maq'ad (seated balcony) and a furnished reception hall.

Among the house’s unique elements are the birthing chair, the bathroom, and the wells that provided water to the house. A waterwheel irrigated the garden, and its wooden gear survives. There is a mill activated by a bull. Nearby, pottery and stone vessels preserved grains.",https://upload.wikimedia.org/wikipedia/commons/thumb/6/69/Flickr_-_Gaspa_-_Cairo%2C_Bayt_es-Suhaimi.jpg/1280px-Flickr_-_Gaspa_-_Cairo%2C_Bayt_es-Suhaimi.jpg
EM_018,House of Sitt Wasila,"historic house, residential building",Cairo,30.04443286,31.26314123,"It is considered a remarkable example of the residential architecture of the Ottoman period. In 1074 AH/ 1664 AD, the brothers Abd al-Haqq and Lutfi, sons of Muhammad al-Kinani, established the house, typical of Ottoman domestic architecture. It was eventually owned by Lady Wasila Khatun, daughter of abd Allah al-Bayda. She was the last of its residents and thus the house was named after her.

The house consists of a courtyard and three levels. The ground floor contains the Salamlek hall where the men sat, guests were received, and celebrations were held. It includes several storage rooms, a stable for horses, a mill, a well, and animals watering trough.

The first floor contains a maq’ad (loggia) which wooden ceiling is ornamented with gilded and colorful floral and geometric decorations. A wooden frame running beneath the ceiling bears inscriptions of Ayat  al-Kursi (chair verse) and the foundation text ""Abd al-Haqq and his brother Lutfi, sons of the deceased Muhammad al-Kinani in year 1074"". A small hall has been annexed to the maq’ad, its walls are decorated with floral ornamentation and scenic drawings of holy places in the Hijaz, such as the holy precincts of Mecca and Medina.

The second floor housed the haramlek and several other rooms used by women annexed with hammam (bath). The wooden windows of these chambers overlook the courtyard preserving the privacy and allowing luminosity and ventilation.

In 2005, the house was subjected to a conservation project by the Supreme Council of Antiquities. Now, it is the headquarters of the “House of Arab Poetry” and hosts many cultural activities sponsored by the Ministry of Culture’s Development Fund.",120,All Days,from 09:00 am Last Entry 04:00 pm,Closed,from 09:00 am Last Entry 04:00 pm,Closed,from 09:00 am Last Entry 03:00 pm,Closed,There are no other days,0,0,100,50,10,5,10,5,0,0,0,0,"Free entry for children below 6 years.
  Free entry for Egyptians with special needs.
  Free entry for Egyptians above 60 years.
  Photography with mobile phone is free of charge",There is currently no inclusive ticket access,0,0,0,0,There is no event currently,0,0,0,0,Cairo,"Name: House of Sitt Wasila; Category: historic house, residential building; City: Cairo; Description: It is considered a remarkable example of the residential architecture of the Ottoman period. In 1074 AH/ 1664 AD, the brothers Abd al-Haqq and Lutfi, sons of Muhammad al-Kinani, established the house, typical of Ottoman domestic architecture. It was eventually owned by Lady Wasila Khatun, daughter of abd Allah al-Bayda. She was the last of its residents and thus the house was named after her.

The house consists of a courtyard and three levels. The ground floor contains the Salamlek hall where the men sat, guests were received, and celebrations were held. It includes several storage rooms, a stable for horses, a mill, a well, and animals watering trough.

The first floor contains a maq’ad (loggia) which wooden ceiling is ornamented with gilded and colorful floral and geometric decorations. A wooden frame running beneath the ceiling bears inscriptions of Ayat  al-Kursi (chair verse) and the foundation text ""Abd al-Haqq and his brother Lutfi, sons of the deceased Muhammad al-Kinani in year 1074"". A small hall has been annexed to the maq’ad, its walls are decorated with floral ornamentation and scenic drawings of holy places in the Hijaz, such as the holy precincts of Mecca and Medina.

The second floor housed the haramlek and several other rooms used by women annexed with hammam (bath). The wooden windows of these chambers overlook the courtyard preserving the privacy and allowing luminosity and ventilation.

In 2005, the house was subjected to a conservation project by the Supreme Council of Antiquities. Now, it is the headquarters of the “House of Arab Poetry” and hosts many cultural activities sponsored by the Ministry of Culture’s Development Fund.",https://encrypted-tbn0.gstatic.com/images?q=tbn:ANd9GcTKQ0uBx-z_6Jm9Jw-PQsQjqb-gOfRcrI0jBQ&s
EM_019,House of al-Harrawi,historical residential building or traditional Ottoman-era house,Cairo,30.04435706,31.26332102,"El-Harrawi House built in 1731 by Ahmed Ben Youssef El -Serafi is considered to be one of the fine examples of the Islamic houses representing the Ottoman era. It is named after its last owner, Abd El-Rahman El-Harrawi, who was the Hakim (Doctor) of Qasr El-Ayini Medical School.

The house is located behind Al-Azhar Mosque, in Darb EL-Ahmar area, El-Harrawi is situated between two narrow Haraa (Alleys), Harat Al Madrasa and Zuqaq Al Ayini. Several other Islamic houses and monuments are found in the Darb El-Ahmar surroundings. The house has a common wall with Sitt Wasila house (i.e.Lady Wasila) (17th century). It is adjacent to the house of Zeinab Khatoun (15th, 17th century), and to the Ghannamiah Hall (14th century). Also at a near distance is Al-Ayini Mosque (15th century).

This house is one of a few that remained in good shape over the years because it was restored several times by the French Comite de Conservation between 1920 and 1950 The Comite de Conservation are known to have worked on many other Islamic monuments in Cairo. A French architect, Bernard Maurey under the supervision of the French Institute of Oriental Archeology has lately restored it. At the moment it is been reused as a Cultural Center where different cultural events, lectures musical gala and artistic expositions take place.",120,All Days,from 09:00 am Last Entry 04:00 pm,Closed,from 09:00 am Last Entry 04:00 pm,Closed,from 09:00 am Last Entry 03:00 pm,Closed,There are no other days,0,0,100,50,10,5,10,5,0,0,0,0,"Free entry for children below 6 years.
  Free entry for Egyptians with special needs.
  Free entry for Egyptians above 60 years.
  Photography with mobile phone is free of charge",There is currently no inclusive ticket access,0,0,0,0,There is no event currently,0,0,0,0,Cairo,"Name: House of al-Harrawi; Category: historical residential building or traditional Ottoman-era house; City: Cairo; Description: El-Harrawi House built in 1731 by Ahmed Ben Youssef El -Serafi is considered to be one of the fine examples of the Islamic houses representing the Ottoman era. It is named after its last owner, Abd El-Rahman El-Harrawi, who was the Hakim (Doctor) of Qasr El-Ayini Medical School.

The house is located behind Al-Azhar Mosque, in Darb EL-Ahmar area, El-Harrawi is situated between two narrow Haraa (Alleys), Harat Al Madrasa and Zuqaq Al Ayini. Several other Islamic houses and monuments are found in the Darb El-Ahmar surroundings. The house has a common wall with Sitt Wasila house (i.e.Lady Wasila) (17th century). It is adjacent to the house of Zeinab Khatoun (15th, 17th century), and to the Ghannamiah Hall (14th century). Also at a near distance is Al-Ayini Mosque (15th century).

This house is one of a few that remained in good shape over the years because it was restored several times by the French Comite de Conservation between 1920 and 1950 The Comite de Conservation are known to have worked on many other Islamic monuments in Cairo. A French architect, Bernard Maurey under the supervision of the French Institute of Oriental Archeology has lately restored it. At the moment it is been reused as a Cultural Center where different cultural events, lectures musical gala and artistic expositions take place.",https://media.istockphoto.com/id/1317608191/photo/mor-gabriel-syriac-monastery-mardin-turkey-country.webp?a=1&b=1&s=612x612&w=0&k=20&c=mrs2P8SgfRj2jGtC4nYZ7Th1Tm6UKLeTLG3K-5KcfWI=
EM_020,Sabil-kuttab of Nafisa al-Bayda,Sabils,"Cairo, Al-Mu'izz Street",30.04308816,31.25800071,"Nafisa al-Bayda (she was called the white due to the colour of her skin) established this complex in 1211 AH / 1796 AD. She was the wife of the Mamluk Ali Bey al-Kabir, after whose death she married Murad Bey, a Mamluk general and joint-ruler of Egypt along with Ibrahim Bey.

The complex consists of a wikala (warehouse) and sabil-kuttab (public drinking fountain and school). The façade of the sabil is typically Ottoman style rounded front. It is overlooking al-Mu‘izz li-Din Allah street with three copper windows decorated with lattice geometric decorations. The middle of which is surmounted with a marble slab with the foundation text. This slab is surrounded with three stone squares fulled with geometric decorations as well. Above the sabil, the kuttab which façade contains three arches based on two marble columns and surrounded with a short wooden screen and two wooden flaps. The side entrance of the sabil lies in al-Hammam lane right after the stone arch that once formed the gate of al-Hammam lane, which opens into a vestibule. It leads to the main room of the sabil (sabil room) on the left as well as a staircase leading to the kuttab in the upper floor.",60,All Days,from 09:00 am Last Entry 04:00 pm,Closed,from 09:00 am Last Entry 04:00 pm,Closed,from 09:00 am Last Entry 04:00 pm,Closed,There are no other days,0,0,60,30,10,5,10,5,0,0,0,0,"Free entry for children below 6 years.
  Free entry for Egyptians with special needs.
  Free entry for Egyptians above 60 years.
  Photography with mobile phone is free of charge",There is currently no inclusive ticket access,0,0,0,0,There is no event currently,0,0,0,0,Cairo,"Name: Sabil-kuttab of Nafisa al-Bayda; Category: Sabils; City: Cairo; Description: Nafisa al-Bayda (she was called the white due to the colour of her skin) established this complex in 1211 AH / 1796 AD. She was the wife of the Mamluk Ali Bey al-Kabir, after whose death she married Murad Bey, a Mamluk general and joint-ruler of Egypt along with Ibrahim Bey.

The complex consists of a wikala (warehouse) and sabil-kuttab (public drinking fountain and school). The façade of the sabil is typically Ottoman style rounded front. It is overlooking al-Mu‘izz li-Din Allah street with three copper windows decorated with lattice geometric decorations. The middle of which is surmounted with a marble slab with the foundation text. This slab is surrounded with three stone squares fulled with geometric decorations as well. Above the sabil, the kuttab which façade contains three arches based on two marble columns and surrounded with a short wooden screen and two wooden flaps. The side entrance of the sabil lies in al-Hammam lane right after the stone arch that once formed the gate of al-Hammam lane, which opens into a vestibule. It leads to the main room of the sabil (sabil room) on the left as well as a staircase leading to the kuttab in the upper floor.",https://upload.wikimedia.org/wikipedia/commons/thumb/3/3a/Cairo%2C_madrasa_del_sultano_qalaun%2C_02.JPG/1280px-Cairo%2C_madrasa_del_sultano_qalaun%2C_02.JPG
EM_021,House of Gamal al-Din al-Dhahabi,Islamic tourist attractions,Cairo,30.04448915,31.25965805,"This house is attributed to Gamal al-Din al-Dhahabi (Shah Bandar al-Tujjar), meaning the chief merchant, who built it in 1047 AH / 1637 AD in the Khashqadam lane in al-Ghuriyya neighbourhood. House of Gamal al-Din al-Dhahabi reflects the development of residential house architecture in the Ottoman era in Egypt.

The house has three stone façades, while the house building itself consists of a ground floor and two floors. The ground floor includes a group of storerooms and shops overlooking the Khushqadam and the Hammam lane, which were used as warehouses and guard rooms.  The entrance to the house also leads to a large courtyard with a fountain in the middle, in addition to a small hall, another small courtyard, bathrooms, and stairs ascending to the upper floors.

While the first floor includes two main sections:  They are the salamlek and the haramlek, as the salamlek contains (the maq’ad (loggia), the bathroom, and the upper hall), while the haramlek contains the women’s halls.  As for the second floor, we find that it contains three large rooms above the small lower hall.",60,All Days,from 09:00 am Last Entry 04:00 pm,Closed,from 09:00 am Last Entry 04:00 pm,Closed,from 09:00 am Last Entry 03:00 pm,Closed,There are no other days,0,0,30,15,10,5,10,5,0,0,0,0,"Free entry for children below 6 years.
  Free entry for Egyptians with special needs.
  Free entry for Egyptians above 60 years.
  Photography with mobile phone is free of charge",There is currently no inclusive ticket access,0,0,0,0,There is no event currently,0,0,0,0,Cairo,"Name: House of Gamal al-Din al-Dhahabi; Category:  Islamic tourist attractions; City: Cairo; Description: This house is attributed to Gamal al-Din al-Dhahabi (Shah Bandar al-Tujjar), meaning the chief merchant, who built it in 1047 AH / 1637 AD in the Khashqadam lane in al-Ghuriyya neighbourhood. House of Gamal al-Din al-Dhahabi reflects the development of residential house architecture in the Ottoman era in Egypt.

The house has three stone façades, while the house building itself consists of a ground floor and two floors. The ground floor includes a group of storerooms and shops overlooking the Khushqadam and the Hammam lane, which were used as warehouses and guard rooms.  The entrance to the house also leads to a large courtyard with a fountain in the middle, in addition to a small hall, another small courtyard, bathrooms, and stairs ascending to the upper floors.

While the first floor includes two main sections:  They are the salamlek and the haramlek, as the salamlek contains (the maq’ad (loggia), the bathroom, and the upper hall), while the haramlek contains the women’s halls.  As for the second floor, we find that it contains three large rooms above the small lower hall.",https://egymonuments.gov.eg//media/5508/%D8%AC%D9%85%D8%A7%D9%84-%D8%A7%D9%84%D8%AF%D9%8A%D9%86-%D8%A7%D9%84%D8%B0%D9%87%D8%A8%D9%8A0.jpeg?anchor=center&mode=crop&width=1200&height=630&rnd=134127838050000000
EM_022,Sultan al-Ghuri Complex,funerary complex and a historical landmark,"Cairo, Al-Mu'izz Street",30.04608675,31.26011044,"The founder of this complex, Sultan Qansuh al-Ghuri, was one of the most famous circassian mamluk sultans. He ascended the throne in 906 AH / 1501 AD, and ruled until his death in 922 AH / 1516 AD in the battle of Marg Dabiq in northern Syria against the Ottomans.

The complex was constructed in 909–910 AH / 1503–1504 AD. Its unique architectural plan combines all social needs in one holistic structure. It is one of the most beautiful monuments in Cairo.

The complex includes a mosque, a madrasa for sciences of Islamic jurisprudence and prophetic hadiths, across the street, a mausoleum, a khanqah (hostel for Sufis), a sabil (public drinking fountain), a kuttab (Quranic school), and a dormitory. A wooden roof spanning the street connects the two halves of the complex and shelters a textiles and clothes market.

The house consists of a ground floor and two upper floors consisting of halls and rooms, most of the walls of which were demolished and their features changed. The ground floor included rooms and store rooms, which were designated for the residence of the imam of the school and the shaykh of the khanqah.

Attached to this house in the south-east of the complex, a courtyard in which Sultan Tuman Bay was buried after he was hanged at Bab Zuwayla, and his remains were laterly transferred .

The  maq’ad (loggia) occupies the southwestern side of the courtyard, overlooking it with a huge facade divided into three levels. The sabil occupies the northern corner of the northwestern (main) façade. It is of the style of sabils with three windows. Its façade is decorated with two ranks (emblems) for Sultan al-Ghuri.

The main entrance leads to a rectangular hall, which leads to the rectangular sabil room, and on the  its southern wall we find the marble shazrawan with its ornaments. The cistern is located behind the sabil room, and above the sabil is the kuttab.

The mausoleum dome is attached to the complex, which is characterised by its exquisite decorations and mihrab. It is the dome in which Sultan al-Ghuri was not buried due to his death in the Levant in 922 AH/1516 AD.

The Khanqah is next to the mausoleum dome, it is the place designated for the residence of Sufis, and is characterized by its wooden ceiling decorated with golden engravings.",180,All Days,from 09:00 am Last Entry 04:00 pm,Closed,from 09:00 am Last Entry 04:00 pm,Closed,from 09:00 am Last Entry 03:00 pm,Closed,There are no other days,0,0,150,75,10,5,10,5,0,0,0,0,"Free entry for children below 6 years.
  Free entry for Egyptians with special needs.
  Free entry for Egyptians above 60 years.
  Photography with mobile phone is free of charge",There is currently no inclusive ticket access,0,0,0,0,There is no event currently,0,0,0,0,Cairo,"Name: Sultan al-Ghuri Complex; Category: funerary complex and a historical landmark; City: Cairo; Description: The founder of this complex, Sultan Qansuh al-Ghuri, was one of the most famous circassian mamluk sultans. He ascended the throne in 906 AH / 1501 AD, and ruled until his death in 922 AH / 1516 AD in the battle of Marg Dabiq in northern Syria against the Ottomans.

The complex was constructed in 909–910 AH / 1503–1504 AD. Its unique architectural plan combines all social needs in one holistic structure. It is one of the most beautiful monuments in Cairo.

The complex includes a mosque, a madrasa for sciences of Islamic jurisprudence and prophetic hadiths, across the street, a mausoleum, a khanqah (hostel for Sufis), a sabil (public drinking fountain), a kuttab (Quranic school), and a dormitory. A wooden roof spanning the street connects the two halves of the complex and shelters a textiles and clothes market.

The house consists of a ground floor and two upper floors consisting of halls and rooms, most of the walls of which were demolished and their features changed. The ground floor included rooms and store rooms, which were designated for the residence of the imam of the school and the shaykh of the khanqah.

Attached to this house in the south-east of the complex, a courtyard in which Sultan Tuman Bay was buried after he was hanged at Bab Zuwayla, and his remains were laterly transferred .

The  maq’ad (loggia) occupies the southwestern side of the courtyard, overlooking it with a huge facade divided into three levels. The sabil occupies the northern corner of the northwestern (main) façade. It is of the style of sabils with three windows. Its façade is decorated with two ranks (emblems) for Sultan al-Ghuri.

The main entrance leads to a rectangular hall, which leads to the rectangular sabil room, and on the  its southern wall we find the marble shazrawan with its ornaments. The cistern is located behind the sabil room, and above the sabil is the kuttab.

The mausoleum dome is attached to the complex, which is characterised by its exquisite decorations and mihrab. It is the dome in which Sultan al-Ghuri was not buried due to his death in the Levant in 922 AH/1516 AD.

The Khanqah is next to the mausoleum dome, it is the place designated for the residence of Sufis, and is characterized by its wooden ceiling decorated with golden engravings.",https://upload.wikimedia.org/wikipedia/commons/thumb/8/85/%D9%85%D8%B3%D8%AC%D8%AF_%D9%88%D9%85%D8%AF%D8%B1%D8%B3%D8%A9_%D9%82%D9%86%D8%B5%D9%88%D9%87_%D8%A7%D9%84%D8%BA%D9%88%D8%B1%D9%8A.jpg/1280px-%D9%85%D8%B3%D8%AC%D8%AF_%D9%88%D9%85%D8%AF%D8%B1%D8%B3%D8%A9_%D9%82%D9%86%D8%B5%D9%88%D9%87_%D8%A7%D9%84%D8%BA%D9%88%D8%B1%D9%8A.jpg
EM_023,Al-Ghuri’s wikala,"Monuments, Buildings and structures, Islamic Cairo, and Al-Ghuri Complex","Cairo, Al-Mu'izz Street",30.04566763,31.26088127,"The founder of this complex, Sultan Qansuh al-Ghuri, was one of the most famous Burgi Mamluk sultans. He ascended the throne in 906 AH / 1501 AD, and ruled until his death in 922 AH / 1516 AD in the battle of Marg Dabiq in northern Syria against the Ottomans.

The complex was constructed between 909–910 AH / 1503–1504 AD. Its unique architectural plan combines all social needs in one holistic structure. It is one of the most beautiful monuments in Cairo.

The wikala (commercial part) consists of a rectangular open courtyard surrounded by a group of halls distributed on a ground floor and four upper floors. The ground floor and first floor include alveoli, which were used as warehouses for the goods resident merchants. While the upper floors contains modular rooms that were used as lodges for merchants.

This wikala reflects the masterworks of wood and stone arts of the late Mamluk era, which appear in the roofing of residential spaces and mashrabiyas and also the Sultan al-Ghuri rank (emblem) located on the stone facades of the first floor. The wikala's external facade is also characterized by the use of the famous stone style of exchanging stones colors.

The complex includes a mosque, a madrasa for the four Islamic schools of jurisprudence and, across the street, a mausoleum, a khanqa (hostel for Sufis), a sabil (public drinking fountain), a kuttab (Quranic school), and a dormitory. A wooden roof spanning the street connects the two halves of the complex and shelters a textiles and clothes market.",120,All Days,from 09:00 am Last Entry 04:00 pm,Closed,from 09:00 am Last Entry 04:00 pm,Closed,from 09:00 am Last Entry 03:00 pm,Closed,There are no other days,0,0,100,50,10,5,10,5,0,0,0,0,"Free entry for children below 6 years.
  Free entry for Egyptians with special needs.
  Free entry for Egyptians above 60 years.
  Photography with mobile phone is free of charge",There is currently no inclusive ticket access,0,0,0,0,There is no event currently,0,0,0,0,Cairo,"Name: Al-Ghuri’s wikala; Category: Monuments, Buildings and structures, Islamic Cairo, and Al-Ghuri Complex; City: Cairo; Description: The founder of this complex, Sultan Qansuh al-Ghuri, was one of the most famous Burgi Mamluk sultans. He ascended the throne in 906 AH / 1501 AD, and ruled until his death in 922 AH / 1516 AD in the battle of Marg Dabiq in northern Syria against the Ottomans.

The complex was constructed between 909–910 AH / 1503–1504 AD. Its unique architectural plan combines all social needs in one holistic structure. It is one of the most beautiful monuments in Cairo.

The wikala (commercial part) consists of a rectangular open courtyard surrounded by a group of halls distributed on a ground floor and four upper floors. The ground floor and first floor include alveoli, which were used as warehouses for the goods resident merchants. While the upper floors contains modular rooms that were used as lodges for merchants.

This wikala reflects the masterworks of wood and stone arts of the late Mamluk era, which appear in the roofing of residential spaces and mashrabiyas and also the Sultan al-Ghuri rank (emblem) located on the stone facades of the first floor. The wikala's external facade is also characterized by the use of the famous stone style of exchanging stones colors.

The complex includes a mosque, a madrasa for the four Islamic schools of jurisprudence and, across the street, a mausoleum, a khanqa (hostel for Sufis), a sabil (public drinking fountain), a kuttab (Quranic school), and a dormitory. A wooden roof spanning the street connects the two halves of the complex and shelters a textiles and clothes market.","https://lp-cms-production.imgix.net/2023-07/iStock-1291691352.jpg?auto=format,compress&q=72&fit=crop&ar=1:1"
EM_024,Gayer Anderson Museum,Museum,Cairo,30.02836186,31.25081533,"Geyer Anderson Pasha was an English officer who studied medicine in London. He was assigned as a doctor for the English military in 1904 and was deployed in Egypt in 1907.

In 1935, Geyer Anderson submitted a request to the Assembly of Preserving Arab Antiquities to live in the two houses and to furnish them in Islamic-Arabic style. He proposed to gather a collection of pharaonic, Islamic, and Asiatic antiquities. These antiquities would belong to the Egyptian people following his death or when he left Egypt permanently. The assembly agreed. When Anderson left the house in 1942, his request was granted, and the two houses came into the possession of the Assembly of Preserving Arab Antiquities, which converted the building into the Geyer Anderson Museum.

The house is a combination of two houses dating to the Ottoman period (16-17th century).

The first house was built by the scholar ‘Abd al-Qadir al-Hadad in 947 AH/ 1545 AD. Lady Amina bint Salem later owned it. The second house belonged to Hajj Muhammad ibn Salem ibn Jilmam al-Jazar in 1041 AH/ 1631 AD. Different families lived in it until it came under the ownership of a lady from Crete, and so the house became known as Bayt al-Kritlyya.",120,All Days,from 09:00 am Last Entry 04:00 pm,Closed,from 09:00 am Last Entry 04:00 pm,Closed,from 09:00 am Last Entry 03:00 pm,Closed,There are no other days,0,0,100,50,10,5,10,5,0,0,0,0,"Free entry for children below 6 years.
  Free entry for Egyptians with special needs.
  Free entry for Egyptians above 60 years.
  Photography with mobile phone is free of charge",There is currently no inclusive ticket access,0,0,0,0,There is no event currently,0,0,0,0,Cairo,"Name: Gayer Anderson Museum; Category: Museum; City: Cairo; Description: Geyer Anderson Pasha was an English officer who studied medicine in London. He was assigned as a doctor for the English military in 1904 and was deployed in Egypt in 1907.

In 1935, Geyer Anderson submitted a request to the Assembly of Preserving Arab Antiquities to live in the two houses and to furnish them in Islamic-Arabic style. He proposed to gather a collection of pharaonic, Islamic, and Asiatic antiquities. These antiquities would belong to the Egyptian people following his death or when he left Egypt permanently. The assembly agreed. When Anderson left the house in 1942, his request was granted, and the two houses came into the possession of the Assembly of Preserving Arab Antiquities, which converted the building into the Geyer Anderson Museum.

The house is a combination of two houses dating to the Ottoman period (16-17th century).

The first house was built by the scholar ‘Abd al-Qadir al-Hadad in 947 AH/ 1545 AD. Lady Amina bint Salem later owned it. The second house belonged to Hajj Muhammad ibn Salem ibn Jilmam al-Jazar in 1041 AH/ 1631 AD. Different families lived in it until it came under the ownership of a lady from Crete, and so the house became known as Bayt al-Kritlyya.",https://upload.wikimedia.org/wikipedia/commons/thumb/d/d3/Kairo_Gayer_Anderson_Museum_BW_3.jpg/1280px-Kairo_Gayer_Anderson_Museum_BW_3.jpg
EM_025,Sohag National Museum,Museum,Sohag,26.56122169,31.70619937,"The Sohag National Museum, which is overlooking the Sohag Nile, a few meters from Akhmim Bridge, consists of a ""basement"". It includes a number of artifacts that show the religious thought of the ancient Egyptians and the idea of resurrection and immortality, as well as the worship of pilgrimage in the Pharaonic, Coptic and Islamic times.

The ground floor and the main entrance include statues and archeological artifacts of the kings of the first and second families, as well as archeological artifacts, most of which are the result of archaeological discoveries in the governorate. Some artifacts were transferred from the Egyptian Museum in El-Tahrir, Gayer-Anderson, the Coptic Museum and the Museum of Islamic Art to narrate the story of the governorate since ancient ages, especially in the era of the first and second families. This is in addition to addressing the heritage of the people of the governorate, shedding light on the customs and traditions of the family, and highlighting some industries that the governorate is famous for, including the textile industry in Akhmim.

The museum also houses a collection of artifacts discovered in Sohag, kept in the archaeological stores to serve the presentation scenario. Based on the available data, the museum presentation scenario committee held an emergency meeting to select some artifacts. It was agreed to select pieces from the Egyptian Museum in El-Tahrir and some discoveries in the Abydos archaeological area.",240,All Days,from 09:00 am Last Entry 04:00 pm,Closed,from 09:00 am Last Entry 04:00 pm,Closed,from 09:00 am Last Entry 03:00 pm,Closed,There are no other days,0,0,150,75,20,10,20,10,0,0,0,0,"Free entry for children below 6 years.
  Free entry for Egyptians with special needs.
  Free entry for Egyptians above 60 years.
  Photography with mobile phone is free of charge",There is currently no inclusive ticket access,0,0,0,0,There is no event currently,0,0,0,0,Sohag,"Name: Sohag National Museum; Category: Museum; City: Sohag; Description: The Sohag National Museum, which is overlooking the Sohag Nile, a few meters from Akhmim Bridge, consists of a ""basement"". It includes a number of artifacts that show the religious thought of the ancient Egyptians and the idea of resurrection and immortality, as well as the worship of pilgrimage in the Pharaonic, Coptic and Islamic times.

The ground floor and the main entrance include statues and archeological artifacts of the kings of the first and second families, as well as archeological artifacts, most of which are the result of archaeological discoveries in the governorate. Some artifacts were transferred from the Egyptian Museum in El-Tahrir, Gayer-Anderson, the Coptic Museum and the Museum of Islamic Art to narrate the story of the governorate since ancient ages, especially in the era of the first and second families. This is in addition to addressing the heritage of the people of the governorate, shedding light on the customs and traditions of the family, and highlighting some industries that the governorate is famous for, including the textile industry in Akhmim.

The museum also houses a collection of artifacts discovered in Sohag, kept in the archaeological stores to serve the presentation scenario. Based on the available data, the museum presentation scenario committee held an emergency meeting to select some artifacts. It was agreed to select pieces from the Egyptian Museum in El-Tahrir and some discoveries in the Abydos archaeological area.",https://upload.wikimedia.org/wikipedia/commons/thumb/d/d3/Kairo_Gayer_Anderson_Museum_BW_3.jpg/1280px-Kairo_Gayer_Anderson_Museum_BW_3.jpg
EM_026,The National Museum of Suez,Museum,Ismailia,29.95518057,32.56690684,"The idea for the National Museum of Suez was conceived after the collapse of the older museum during the war in 1967. Its collection was moved to the storage rooms of the Egyptian Museum, on Tahrir Square. The Suez National Museum was established to serve as a cultural beacon and a touristic landmark shedding light on the history of the Suez Canal, which connects the Red Sea and the Mediterranean Sea. The museum gives an account of the history of the city of Suez and its antiquities from prehistory to the modern era,The museum was opened on a trial basis in January 2012, but was not officially opened to the public due to the security conditions at that time. It was officially opened to receive visitors on September 29, 2014.",120,All Days,from 09:00 am Last Entry 04:00 pm,Closed,from 09:00 am Last Entry 04:00 pm,Closed,from 09:00 am Last Entry 02:00 pm,Closed,There are no other days,0,0,300,150,40,20,40,20,0,0,0,0,"Free entry for children below 6 years.
  Free entry for Egyptians with special needs.
  Free entry for Egyptians above 60 years.
  Photography with mobile phone is free of charge",There is currently no inclusive ticket access,0,0,0,0,There is no event currently,0,0,0,0,Ismailia,"Name: The National Museum of Suez; Category: Museum; City: Ismailia; Description: The idea for the National Museum of Suez was conceived after the collapse of the older museum during the war in 1967. Its collection was moved to the storage rooms of the Egyptian Museum, on Tahrir Square. The Suez National Museum was established to serve as a cultural beacon and a touristic landmark shedding light on the history of the Suez Canal, which connects the Red Sea and the Mediterranean Sea. The museum gives an account of the history of the city of Suez and its antiquities from prehistory to the modern era,The museum was opened on a trial basis in January 2012, but was not officially opened to the public due to the security conditions at that time. It was officially opened to receive visitors on September 29, 2014.",https://www.arabcont.com/Images/ProjectImage/SuezCanalMuseum-02.jpg
EM_027,Kafr El-Sheikh Museum,cultural and historical museum,Kafr El-Sheikh,31.10349389,30.94665191,"Kafr El-Sheikh Governorate, since the earliest historical times, had a large share of the contribution to the history of Egyptian civilization due to the presence of the city (Bhutto), which is now known as Tell Al-Faraeen, as it was the first capital of the first organized state in Lower Egypt. The museum aims to display the regional history and many artifacts that have been uncovered about it in Kafr El Sheikh Governorate, The museum includes three halls, which include the archaeological holdings that were found in the Great Bhutto Cemetery and the temple area, in which a number of important artifacts were uncovered that embody the story of the conflict between Horus and his uncle Six, in addition to other archaeological sites in Kafr El-Sheikh, including a statue of the deity Horus the Falcon is one of the most amazing statues that have been discovered in Egypt so far, and it is considered a unique copy that can only be matched by the one in the Edfu temple. A hall in the museum was also devoted to displaying the holdings that embody the period of the city of Sakha hosting the journey of the Holy Family during its visit to Egypt, in addition to displaying the history of science during different historical eras such as medicine, veterinary and pharmacy, as well as some topics related to the city of Fuwah, which has a rich Islamic heritage, as it includes all the cultural heritage of Kafr Sheikh as the third heritage city after Cairo and Rasheed.",180,All Days,from 09:00 am Last Entry 03:00 pm,Closed,from 09:00 am Last Entry 03:00 pm,Closed,from 09:00 am Last Entry 03:00 pm,Closed,There are no other days,0,0,220,110,20,10,20,10,0,0,0,0,"Free entry for children below 6 years.
  Free entry for Egyptians with special needs.
  Free entry for Egyptians above 60 years.
  Photography with mobile phone is free of charge",There is currently no inclusive ticket access,0,0,0,0,There is no event currently,0,0,0,0,Kafr El-Sheikh,"Name: Kafr El-Sheikh Museum; Category: cultural and historical museum; City: Kafr El-Sheikh; Description: Kafr El-Sheikh Governorate, since the earliest historical times, had a large share of the contribution to the history of Egyptian civilization due to the presence of the city (Bhutto), which is now known as Tell Al-Faraeen, as it was the first capital of the first organized state in Lower Egypt. The museum aims to display the regional history and many artifacts that have been uncovered about it in Kafr El Sheikh Governorate, The museum includes three halls, which include the archaeological holdings that were found in the Great Bhutto Cemetery and the temple area, in which a number of important artifacts were uncovered that embody the story of the conflict between Horus and his uncle Six, in addition to other archaeological sites in Kafr El-Sheikh, including a statue of the deity Horus the Falcon is one of the most amazing statues that have been discovered in Egypt so far, and it is considered a unique copy that can only be matched by the one in the Edfu temple. A hall in the museum was also devoted to displaying the holdings that embody the period of the city of Sakha hosting the journey of the Holy Family during its visit to Egypt, in addition to displaying the history of science during different historical eras such as medicine, veterinary and pharmacy, as well as some topics related to the city of Fuwah, which has a rich Islamic heritage, as it includes all the cultural heritage of Kafr Sheikh as the third heritage city after Cairo and Rasheed.",https://www.happyegypt.com/storage/17135/conversions/Sharm-El-Sheikh-Museum-webp.webp
EM_028,Grand Egyptian Museum,archaeological museum,Giza,29.99363205,31.11976064,"Step back in time and explore the wonders of ancient Egypt at the Grand Egyptian Museum.

?

Marvel at the world’s only Hanging Obelisk, the breathtaking Grand Hall, the majestic Grand Staircase, and the awe-inspiring Main Galleries.

?

Within the twelve meticulously curated exhibition halls of the Main Galleries, journey through Egypt’s rich history spanning from prehistoric times to the Roman era. Discover the lives, beliefs, and artistry of the Egyptian people as you explore millennia of their extraordinary civilisation.

?

Continue your experience in the Tutankhamun Galleries, where over 5,000 artefacts from the young king’s tomb are displayed together for the first time. Then, step into the Khufu’s Boats Museum to witness one of the most remarkable engineering feats of the ancient world, the royal boats that accompanied the king on his journey to eternity.",360,Sunday - Monday  - Tuesday Thursday - Friday,from 08:30 am Last Entry 05:00 pm,Closed,from 08:30 am Last Entry 05:00 pm,Closed,from 08:30 am Last Entry 05:00 pm,Closed,Saturday - Wednesday,from 08:30 am Last Entry 08:00 pm,0,1450,730,1450,730,200,100,0,0,0,0,"Free entry for children below 6 years.
  Free entry for Egyptians with special needs.
  Free entry for Egyptians above 60 years.
  Photography with mobile phone is free of charge",There is currently no inclusive ticket access,0,0,0,0,There is no event currently,0,0,0,0,Giza,"Name: Grand Egyptian Museum; Category: archaeological museum; City: Giza; Description: Step back in time and explore the wonders of ancient Egypt at the Grand Egyptian Museum.

?

Marvel at the world’s only Hanging Obelisk, the breathtaking Grand Hall, the majestic Grand Staircase, and the awe-inspiring Main Galleries.

?

Within the twelve meticulously curated exhibition halls of the Main Galleries, journey through Egypt’s rich history spanning from prehistoric times to the Roman era. Discover the lives, beliefs, and artistry of the Egyptian people as you explore millennia of their extraordinary civilisation.

?

Continue your experience in the Tutankhamun Galleries, where over 5,000 artefacts from the young king’s tomb are displayed together for the first time. Then, step into the Khufu’s Boats Museum to witness one of the most remarkable engineering feats of the ancient world, the royal boats that accompanied the king on his journey to eternity.",https://encrypted-tbn0.gstatic.com/images?q=tbn:ANd9GcQxDrujdRp_POu12eSb8p52l5Nou8p_ARsqGw&s
EM_029,Marsa Matrouh Museum,archaeological museum,Matrouh,31.35202945,27.2409269,"This museum was established inside the Misr Public Library in Matrouh, in cooperation with the Governorate, to highlight the city’s rich and eventful history across different eras, as revealed through the results of archaeological excavations in the region.

The history of Matrouh dates back to the time of the Pharaohs. It is believed that the northeastern part of the governorate may have belonged to the Seventh Nome of Lower Egypt. In addition, much of the city was part of the Egyptian nome known as “Lubia.”

During the Roman era, the city was known as “Paraetonium” and “Amunia”—the latter derived from the name of the god Amun.

The museum covers a total area of 728 m² and is divided into two floors. It houses a wide collection of artifacts that illustrate the story of the Pharaohs and their strategies to secure Egypt’s western borders and deserts through the construction of forts and castles, since the city served as Egypt’s western gateway. Exhibits also highlight the desert goddesses, the role of Marsa Matrouh in fishing and trade, its connections with neighboring regions, and its contributions to astronomy, science, and philosophy.",120,All Days,from 08:00 am Last Entry 02:00 pm,from 05:00 pm last Entry 09:00 pm,from 08:00 am Last Entry 02:00 pm,from 05:00 pm last Entry 09:00 pm,from 08:00 am Last Entry 02:00 pm,from 05:00 pm last Entry 09:00 pm,There are no other days,0,0,80,40,20,10,20,10,0,0,0,0,"Free entry for children below 6 years.
  Free entry for Egyptians with special needs.
  Free entry for Egyptians above 60 years.
  Photography with mobile phone is free of charge",There is currently no inclusive ticket access,0,0,0,0,There is no event currently,0,0,0,0,Matrouh,"Name: Marsa Matrouh Museum; Category: archaeological museum; City: Matrouh; Description: This museum was established inside the Misr Public Library in Matrouh, in cooperation with the Governorate, to highlight the city’s rich and eventful history across different eras, as revealed through the results of archaeological excavations in the region.

The history of Matrouh dates back to the time of the Pharaohs. It is believed that the northeastern part of the governorate may have belonged to the Seventh Nome of Lower Egypt. In addition, much of the city was part of the Egyptian nome known as “Lubia.”

During the Roman era, the city was known as “Paraetonium” and “Amunia”—the latter derived from the name of the god Amun.

The museum covers a total area of 728 m² and is divided into two floors. It houses a wide collection of artifacts that illustrate the story of the Pharaohs and their strategies to secure Egypt’s western borders and deserts through the construction of forts and castles, since the city served as Egypt’s western gateway. Exhibits also highlight the desert goddesses, the role of Marsa Matrouh in fishing and trade, its connections with neighboring regions, and its contributions to astronomy, science, and philosophy.",https://english.ahram.org.eg/Media/News/2018/3/1/2018-636555169124888844-488.jpg
EM_031,National Military Museum,military and historical museum,Cairo,30.03073375,31.26240487,"This museum is the first of its kind to be devoted to the history of the Egyptian military through the ages. The museum was first located in the building of the Ministry of Defense in Falaki in 1937, after which it was transferred to another building in the neighborhood of Garden City in 1938, before finally being transferred to al-Haram Palace in 1949 in the Cairo Citadel in 1949. This palace, built by Muhammad Ali Pasha in the 19th century, was renovated and reopened in 1993. Through a variety of items on display including artifacts, replicas, scale models, and dioramas, the museum displays the development of weapons and military equipment and costumes. It also puts the spotlight on the most important battles and military figures in Egyptian history. Also, the museum’s open-air area displays several real tanks and aircraft that were used in the October 1973 war.",180,All Days,from 08:00 am Last Entry 04:00 pm,Closed,from 08:00 am Last Entry 04:00 pm,Closed,from 08:00 am Last Entry 04:00 pm,Closed,There are no other days,0,0,200,100,60,30,60,30,0,0,0,0,"Free entry for children below 6 years.
  Free entry for Egyptians with special needs.
  Free entry for Egyptians above 60 years.
  Photography with mobile phone is free of charge",Inclusive tickets allowing entry into Cairo citadel and National Police Museum.,160,80,30,10,Cart,10,5,5,5,Cairo,"Name: National Military Museum; Category: military and historical museum; City: Cairo; Description: This museum is the first of its kind to be devoted to the history of the Egyptian military through the ages. The museum was first located in the building of the Ministry of Defense in Falaki in 1937, after which it was transferred to another building in the neighborhood of Garden City in 1938, before finally being transferred to al-Haram Palace in 1949 in the Cairo Citadel in 1949. This palace, built by Muhammad Ali Pasha in the 19th century, was renovated and reopened in 1993. Through a variety of items on display including artifacts, replicas, scale models, and dioramas, the museum displays the development of weapons and military equipment and costumes. It also puts the spotlight on the most important battles and military figures in Egyptian history. Also, the museum’s open-air area displays several real tanks and aircraft that were used in the October 1973 war.",https://english.ahram.org.eg/media/news/2021/10/12/2021-637696575295834778-583.jpeg
EM_032,Helwan Corner Museum,archaeological and historical museum,Cairo,29.84701533,31.29471849,"In 1942, King Farouk built a rest house that came to be known as Farouk’s Corner. It was built in the shape of a sailboat on the bank of the Nile. The royal rest house was then converted into a museum, and in 2016 the Museum was reopened after renovation to the public. The museum displays a collection of objects that once belonged to the royal family including statues, souvenirs, and photographs and oil paintings of members of the royal family. The museum also houses a collection of replicas of the furniture discovered in King Tutankhamun’s tomb, moved here after their original location in King Farouk’s rest house near the Giza pyramids. One of the most distinctive features of the museum is a large garden that includes various types of rare plants in addition to rare mango trees from Albania.",150,All Days,from 09:00 am Last Entry 04:00 pm,Closed,from 09:00 am Last Entry 04:00 pm,Closed,from 09:00 am Last Entry 02:00 pm,Closed,There are no other days,0,0,100,50,20,10,20,10,0,0,0,0,"Free entry for children below 6 years.
  Free entry for Egyptians with special needs.
  Free entry for Egyptians above 60 years.
  Photography with mobile phone is free of charge",There is currently no inclusive ticket access,0,0,0,0,There is no event currently,0,0,0,0,Cairo,"Name: Helwan Corner Museum; Category: archaeological and historical museum; City: Cairo; Description: In 1942, King Farouk built a rest house that came to be known as Farouk’s Corner. It was built in the shape of a sailboat on the bank of the Nile. The royal rest house was then converted into a museum, and in 2016 the Museum was reopened after renovation to the public. The museum displays a collection of objects that once belonged to the royal family including statues, souvenirs, and photographs and oil paintings of members of the royal family. The museum also houses a collection of replicas of the furniture discovered in King Tutankhamun’s tomb, moved here after their original location in King Farouk’s rest house near the Giza pyramids. One of the most distinctive features of the museum is a large garden that includes various types of rare plants in addition to rare mango trees from Albania.",https://egymonuments.gov.eg/media/8069/%D9%82%D8%A7%D8%B9%D8%A9-%D8%A7%D9%84%D8%A5%D8%B3%D8%AA%D9%82%D8%A8%D8%A7%D9%84.jpg
EM_033,Crocodile Museum,history museum or archaeology museum,Aswan,24.45303298,32.92760211,"The Crocodile Museum is located next to the Kom Ombo temple, north of Aswan. This museum has highlighted the crocodile-headed god Sobek since it was opened in 2012. Its main exhibition hall displays the mummified mummies of Nile crocodiles. The longest crocodile was 4.30 m, while the smallest was 2 m.

In addition to a collection of crocodile fetuses, eyes, and golden and ivory teeth of mummified crocodiles. The museum also shows statues of different sizes of the god Sobek and a tomb model that simulates what was discovered in the Shutb cemetery. It shows the burial methods and the pottery coffins that contained this sacred animal's mummy.",30,All Days,from 07:00 am Last Entry 08:00 pm,Closed,from 07:00 am Last Entry 08:00 pm,Closed,from 09:00 am Last Entry 02:00 pm,Closed,There are no other days,0,0,450,225,40,20,40,20,0,0,0,0,"Free entry for children below 6 years.
  Free entry for Egyptians with special needs.
  Free entry for Egyptians above 60 years.
  Photography with mobile phone is free of charge",There is currently no inclusive ticket access,0,0,0,0,There is no event currently,0,0,0,0,Aswan,"Name: Crocodile Museum; Category: history museum or archaeology museum; City: Aswan; Description: The Crocodile Museum is located next to the Kom Ombo temple, north of Aswan. This museum has highlighted the crocodile-headed god Sobek since it was opened in 2012. Its main exhibition hall displays the mummified mummies of Nile crocodiles. The longest crocodile was 4.30 m, while the smallest was 2 m.

In addition to a collection of crocodile fetuses, eyes, and golden and ivory teeth of mummified crocodiles. The museum also shows statues of different sizes of the god Sobek and a tomb model that simulates what was discovered in the Shutb cemetery. It shows the burial methods and the pottery coffins that contained this sacred animal's mummy.",https://encrypted-tbn0.gstatic.com/images?q=tbn:ANd9GcSVJZpZ-pB7OzrdZp4lhkoWu1jaqfvecavQrA&s
EM_034,National Police Museum,historical museum,Cairo,30.030578,31.26014691,"The National Police Museum is one of the museums in the Salah al-Din Citadel, located in its northern section. Its exhibitions display the history of Egypt’s police force, each hall dedicated to a historical time period. One hall shows the police in ancient Egypt, another shows them during the Islamic period, and a third displays fire-fighting equipment. The museum also documents the most important battles, assassinations, and crimes during the modern period, in addition to the evolution of uniforms and weaponry. The museum houses fire trucks used in the eighteenth and nineteenth centuries in addition to several models that represent the Egyptian struggle against colonialism, which culminated in a battle that took place on January 25th, 1952 in al-Ismailiyya.

The museum is built above the lions tower which has been discovered during the construction of the museum. It named the lions tower due to the presence of lions carved on the top of tower, which indicates that it dates back to the region of al-Zahir Baybars as it was his emblem. it is only survived tower from the citadel which back to the Mamluk period.    ",30,All Days,from 08:00 am Last Entry 04:00 pm,Closed,from 08:00 am Last Entry 04:00 pm,Closed,from 09:00 am Last Entry 03:00 pm,Closed,There are no other days,0,0,200,100,60,30,60,30,0,0,0,0,"Free entry for children below 6 years.
  Free entry for Egyptians with special needs.
  Free entry for Egyptians above 60 years.
  Photography with mobile phone is free of charge",There is currently no inclusive ticket access,0,0,0,0,Cart,10,5,5,5,Cairo,"Name: National Police Museum; Category: historical museum; City: Cairo; Description: The National Police Museum is one of the museums in the Salah al-Din Citadel, located in its northern section. Its exhibitions display the history of Egypt’s police force, each hall dedicated to a historical time period. One hall shows the police in ancient Egypt, another shows them during the Islamic period, and a third displays fire-fighting equipment. The museum also documents the most important battles, assassinations, and crimes during the modern period, in addition to the evolution of uniforms and weaponry. The museum houses fire trucks used in the eighteenth and nineteenth centuries in addition to several models that represent the Egyptian struggle against colonialism, which culminated in a battle that took place on January 25th, 1952 in al-Ismailiyya.

The museum is built above the lions tower which has been discovered during the construction of the museum. It named the lions tower due to the presence of lions carved on the top of tower, which indicates that it dates back to the region of al-Zahir Baybars as it was his emblem. it is only survived tower from the citadel which back to the Mamluk period.    ","https://egymonuments.gov.eg//media/7662/1.jpg?center=0.6333333333333333,0.55555555555555558&mode=crop&width=1200&height=630&rnd=134115693750000000"
EM_035,Cairo International Airport Museum - Terminal 2,cultural and historical museum,Cairo,30.1119983,31.3998935,"  The idea of establishing a museum in Terminal 2 at Cairo International Airport started in 2020. And that is through starting point, through visitors’ episode, on the ancient history of Egypt. Museum was built in the Ministry of Tourism and Antiquities and Ministry of Civil Aviation in an area of about 100 m2.
Museum display expresses luminous touches on the history of Egypt throughout its eras. Museum displays unique artifacts that highlight artistic and historical features of each era, starting with ancient Egyptian times, in addition to highlighting characteristics of Roman, Coptic, Islamic, and modern-era arts",60,All Days,24 Hours Daily,Closed,24 Hours Daily,Closed,from 09:00 am Last Entry 03:00 pm,Closed,There are no other days,0,0,240,240,25,25,25,25,0,0,0,0,"Free entry for children below 6 years.
  Free entry for Egyptians with special needs.
  Free entry for Egyptians above 60 years.
  Photography with mobile phone is free of charge",There is currently no inclusive ticket access,0,0,0,0,There is no event currently,0,0,0,0,Cairo,"Name: Cairo International Airport Museum - Terminal 2; Category: cultural and historical museum; City: Cairo; Description:   The idea of establishing a museum in Terminal 2 at Cairo International Airport started in 2020. And that is through starting point, through visitors’ episode, on the ancient history of Egypt. Museum was built in the Ministry of Tourism and Antiquities and Ministry of Civil Aviation in an area of about 100 m2.
Museum display expresses luminous touches on the history of Egypt throughout its eras. Museum displays unique artifacts that highlight artistic and historical features of each era, starting with ancient Egyptian times, in addition to highlighting characteristics of Roman, Coptic, Islamic, and modern-era arts",https://upload.wikimedia.org/wikipedia/commons/thumb/7/7b/Sphinx_International_Airport_01.jpg/1280px-Sphinx_International_Airport_01.jpg
EM_036,Cairo International Airport Museum - Terminal 3,cultural and historical museum,Cairo,30.11199342,31.3999304," The Cairo International Airport Museum-(Terminal 3) was inaugurated in 2016, in the light of the cooperation protocol between the Ministry of Antiquities and the Ministry of Civil Aviation, to serve as the initial introduction to ancient Egypt, and even the window overlooking its iconic monuments and its majestic civilization.

   The museum at that time occupied an area of ??approximately 60 square meters, and 38 objects were displayed in it. In 2020 the museum was transferred from its first location to the fourth floor in the same building, in order to display more objects, as its area occupies about 150 square meters.

   The museum currently displays a group of the most prominent objects through which the visitor can experience the incomparable history of Egypt through its various, periods. The objects guide the visitor through the different phases of Egyptian history, starting with the pharaonic period, passing through the Greco-Roman period, and also present Coptic and Islamic art, and bring the visitor into the modern period.",60,All Days,24 Hours Daily,Closed,24 Hours Daily,Closed,from 09:00 am Last Entry 03:00 pm,Closed,There are no other days,0,0,240,240,25,25,25,25,0,0,0,0,"Free entry for children below 6 years.
  Free entry for Egyptians with special needs.
  Free entry for Egyptians above 60 years.
  Photography with mobile phone is free of charge",There is currently no inclusive ticket access,0,0,0,0,There is no event currently,0,0,0,0,Cairo,"Name: Cairo International Airport Museum - Terminal 3; Category: cultural and historical museum; City: Cairo; Description:  The Cairo International Airport Museum-(Terminal 3) was inaugurated in 2016, in the light of the cooperation protocol between the Ministry of Antiquities and the Ministry of Civil Aviation, to serve as the initial introduction to ancient Egypt, and even the window overlooking its iconic monuments and its majestic civilization.

   The museum at that time occupied an area of ??approximately 60 square meters, and 38 objects were displayed in it. In 2020 the museum was transferred from its first location to the fourth floor in the same building, in order to display more objects, as its area occupies about 150 square meters.

   The museum currently displays a group of the most prominent objects through which the visitor can experience the incomparable history of Egypt through its various, periods. The objects guide the visitor through the different phases of Egyptian history, starting with the pharaonic period, passing through the Greco-Roman period, and also present Coptic and Islamic art, and bring the visitor into the modern period.",https://upload.wikimedia.org/wikipedia/commons/thumb/7/7b/Sphinx_International_Airport_01.jpg/1280px-Sphinx_International_Airport_01.jpg
EM_037,Imhotep Museum,archaeological museum,Giza,29.87029853,31.22500952,"The museum was built at Saqqara area in memory of Imhotep - the architect of the pyramidal tomb of King Djoser, and the first to use stone on a large scale for building an integrated hierarchical group. The museum consists of six halls displaying a varied: statues, coffins, paintings, utensils, architectural elements and other excavated objects from Saqqara archaeological site. The most distinctive halls in the museum are: a complete simulated tomb that displays a mummy, a wooden coffin, and a number of funeral furniture, in addition to a hall dedicated to the memory of the architect and archaeologist Jean-Philippe, who devoted his life to the restoration of King Djoser's pyramid collection.",90,All Days,from 08:00 am Last Entry 04:00 pm,Closed,from 08:00 am Last Entry 04:00 pm,Closed,from 09:00 am Last Entry 03:00 pm,Closed,There are no other days,0,0,600,300,30,10,30,10,0,0,0,0,"Free entry for children below 6 years.
  Free entry for Egyptians with special needs.
  Free entry for Egyptians above 60 years.
  Photography with mobile phone is free of charge",There is currently no inclusive ticket access,0,0,0,0,There is no event currently,0,0,0,0,Giza,"Name: Imhotep Museum; Category: archaeological museum; City: Giza; Description: The museum was built at Saqqara area in memory of Imhotep - the architect of the pyramidal tomb of King Djoser, and the first to use stone on a large scale for building an integrated hierarchical group. The museum consists of six halls displaying a varied: statues, coffins, paintings, utensils, architectural elements and other excavated objects from Saqqara archaeological site. The most distinctive halls in the museum are: a complete simulated tomb that displays a mummy, a wooden coffin, and a number of funeral furniture, in addition to a hall dedicated to the memory of the architect and archaeologist Jean-Philippe, who devoted his life to the restoration of King Djoser's pyramid collection.",https://upload.wikimedia.org/wikipedia/commons/thumb/f/fd/Imhotep-Museum_%28Sakkara%29_02.jpg/1280px-Imhotep-Museum_%28Sakkara%29_02.jpg
EC_001,Salah Eldin Citadel,"Islamic History, UNESCO World Heritage site",Cairo,30.02884452,31.25968491,"The Citadel of Sultan Salah al-Din al-Ayyubi (Saladin) is one of the most iconic monuments in Islamic Cairo, and among the most impressive defensive fortresses dating to the Middle Ages. Its strategic location on the Muqattam Hills gave it a formidable defensive position, and offered, as it still does today, an unrestricted panoramic view of Cairo.

          Sultan Salah al-Din al-Ayyubi was the first to order the construction of a fortress over the Muqattam Hills in (572 AH/ 1176 AD), but it was not completed during his lifetime. This was achieved during the reign of Sultan al-Kamel ibn al-Adel (604 AH/1207 AD) who decided to reside in it, making it the official residence of the rulers of Egypt. In the mid-nineteenth century, Khedive Ismail moved the official residence to Abdeen Palace in downtown Cairo.

          The Citadel witnessed some of the most significant events in Egyptian history from the time it was built to the end of the Muhammad Ali Dynasty, which was in power from the early nineteenth century until the 1952 revolution, when the modern Egyptian republic was born. Many monuments were added to the Citadel over the centuries, providing visitors today with an array of places to visit, such as the Mosque of Muhammad Ali Pasha, which dominates the Citadel. Other places to visit include the mosque of the Mamluk sultan al-Nasir Muhammad ibn Qalawun, the Ottoman-era Sulayman Pasha al-Khadim Mosque, as well as a number of museums such as the Police Museum, Al-Jawhara Palace Museum, and the Military Museum.",240,All Days,from 09:00 am Last Entry 04:00 pm,Closed,from 08:00 am Last Entry 04:00 pm,Closed,from 08:00 am Last Entry 03:30 pm,Closed,There are no other days,0,0,550,275,60,30,60,30,0,0,0,0,"Free entry for children below 6 years.
  Free entry for Egyptians with special needs.
  Free entry for Egyptians above 60 years.
  Photography with mobile phone is free of charge",There is currently no inclusive ticket access,0,0,0,0,There is no event currently,0,0,0,0,Cairo,"Name: Salah Eldin Citadel; Category: Islamic History, UNESCO World Heritage site; City: Cairo; Description: The Citadel of Sultan Salah al-Din al-Ayyubi (Saladin) is one of the most iconic monuments in Islamic Cairo, and among the most impressive defensive fortresses dating to the Middle Ages. Its strategic location on the Muqattam Hills gave it a formidable defensive position, and offered, as it still does today, an unrestricted panoramic view of Cairo.

          Sultan Salah al-Din al-Ayyubi was the first to order the construction of a fortress over the Muqattam Hills in (572 AH/ 1176 AD), but it was not completed during his lifetime. This was achieved during the reign of Sultan al-Kamel ibn al-Adel (604 AH/1207 AD) who decided to reside in it, making it the official residence of the rulers of Egypt. In the mid-nineteenth century, Khedive Ismail moved the official residence to Abdeen Palace in downtown Cairo.

          The Citadel witnessed some of the most significant events in Egyptian history from the time it was built to the end of the Muhammad Ali Dynasty, which was in power from the early nineteenth century until the 1952 revolution, when the modern Egyptian republic was born. Many monuments were added to the Citadel over the centuries, providing visitors today with an array of places to visit, such as the Mosque of Muhammad Ali Pasha, which dominates the Citadel. Other places to visit include the mosque of the Mamluk sultan al-Nasir Muhammad ibn Qalawun, the Ottoman-era Sulayman Pasha al-Khadim Mosque, as well as a number of museums such as the Police Museum, Al-Jawhara Palace Museum, and the Military Museum.",https://media.istockphoto.com/id/1455523750/photo/the-great-mosque-of-muhammad-ali-pasha-or-alabaster-mosque-in-citadel-of-cairo-the-main.webp?a=1&b=1&s=612x612&w=0&k=20&c=f8SqNDv-vEHX5phrDZOXAOOiGc-ibXfCyEoHijCE1Ro=
EC_002,Qaitbay Citadel,"fortress or military castle, historical site and cultural heritage site",Alexandria,31.2137322,29.88539455,"Qaitbay Citadel is one of the most

important forts on the coast of the Mediterranean Sea. The Mamluk sultan al-Ashraf Abu al-Nasr Qaitbay built it between 882 AH/ 1477 AD and 884/ 1479 AD over the ruins of Alexandria’s Lighthouse. It served as Alexandria’defence against naval attacks.

The citadel was made of limestone and spanned an area of approximately 17550 m2. An outer wall plotted with defence towers surrounds the building.

An inner wall surrounds the citadel’s courtyard and includes a number of rooms some of them used as barracks and others for storage.

The citadel’s entrance leads to the courtyard where we find the main tower located in the northwest. It consists of a massive three-floored square fort. Its four corners are occupied by half-circular towers that carry protruding balconies for the defence of the city. A tank near the tower supplied soldiers and their horses with water.

Qaitbay citadel drew the attention of rulers throughout the ages, on account of its strategic location. The building was also enlarged and subject to other conservation operations in 2003.",120,All Days,from 09:00 am Last Entry 07:00 pm,Closed,from 09:00 am Last Entry 06:00 pm,Closed,from 09:00 am Last Entry 03:00 pm,Closed,There are no other days,0,0,200,100,60,30,60,30,0,0,0,0,"Free entry for children below 6 years.
  Free entry for Egyptians with special needs.
  Free entry for Egyptians above 60 years.
  Photography with mobile phone is free of charge",There is currently no inclusive ticket access,0,0,0,0,There is no event currently,0,0,0,0,Alexandria,"Name: Qaitbay Citadel; Category: fortress or military castle, historical site and cultural heritage site; City: Alexandria; Description: Qaitbay Citadel is one of the most

important forts on the coast of the Mediterranean Sea. The Mamluk sultan al-Ashraf Abu al-Nasr Qaitbay built it between 882 AH/ 1477 AD and 884/ 1479 AD over the ruins of Alexandria’s Lighthouse. It served as Alexandria’defence against naval attacks.

The citadel was made of limestone and spanned an area of approximately 17550 m2. An outer wall plotted with defence towers surrounds the building.

An inner wall surrounds the citadel’s courtyard and includes a number of rooms some of them used as barracks and others for storage.

The citadel’s entrance leads to the courtyard where we find the main tower located in the northwest. It consists of a massive three-floored square fort. Its four corners are occupied by half-circular towers that carry protruding balconies for the defence of the city. A tank near the tower supplied soldiers and their horses with water.

Qaitbay citadel drew the attention of rulers throughout the ages, on account of its strategic location. The building was also enlarged and subject to other conservation operations in 2003.",https://upload.wikimedia.org/wikipedia/commons/thumb/4/4a/QaitbeyCitadel.jpg/1280px-QaitbeyCitadel.jpg
EC_003,Mosque and Madrasa of Sultan Hasan,Mamluk-era religious complex,Salah al-Din Square,30.03220829,31.25660642,"The Mosque and Madrasa of Sultan Hasan is one of the largest and architecturally exquisite mosques in all of Egypt. It was commissioned by the Mamluk sultan Hasan ibn al-Nasir Muhammad ibn Qalawun sometime between 757 AH/1356 AD and 764 AH/1362 AD, and is located at the end of Muhammad Ali Street, opposite its nineteenth century neighbor al-Rifa’i mosque in Salah al-Din Square.

The mosque consists of an open courtyard with fountain in its centre. The courtyard is surrounded by four iwans (a rectangular space that is open on one side). Doorways at the four corners of the courtyard allow access into four madrasas, educational institutions, where the four Sunni schools of Islamic jurisprudence were taught. Each consists of a court and iwan, in addition to the rooms of the students and annexed service units. The mosque has two minarets built in the Mamluk style. 

          Its proximity to the citadel ultimately resulted in its use as a fort by enemies several times throughout its history, as it was used as a platform to launch attacks on the citadel.

          Like most Islamic monuments in Cairo, this one has also undergone several phases of reconstruction, up until the twentieth century. The mosque and madrasa are distinguished with the ornate domes, stone and plaster carved decorations, as well as the marble works of the mihrab.?  ",90,All Days,from 09:00 am Last Entry 04:00 pm,Closed,from 09:00 am Last Entry 04:00 pm,Closed,from 09:00 am Last Entry 03:00 pm,Closed,There are no other days,0,0,220,110,0,0,0,0,0,0,0,0,"Free entry for children below 6 years.
  Free entry for Egyptians with special needs.
  Free entry for Egyptians above 60 years.
  Photography with mobile phone is free of charge",There is currently no inclusive ticket access,0,0,0,0,There is no event currently,0,0,0,0,Salah al-Din Square,"Name: Mosque and Madrasa of Sultan Hasan; Category: Mamluk-era religious complex; City: Salah al-Din Square; Description: The Mosque and Madrasa of Sultan Hasan is one of the largest and architecturally exquisite mosques in all of Egypt. It was commissioned by the Mamluk sultan Hasan ibn al-Nasir Muhammad ibn Qalawun sometime between 757 AH/1356 AD and 764 AH/1362 AD, and is located at the end of Muhammad Ali Street, opposite its nineteenth century neighbor al-Rifa’i mosque in Salah al-Din Square.

The mosque consists of an open courtyard with fountain in its centre. The courtyard is surrounded by four iwans (a rectangular space that is open on one side). Doorways at the four corners of the courtyard allow access into four madrasas, educational institutions, where the four Sunni schools of Islamic jurisprudence were taught. Each consists of a court and iwan, in addition to the rooms of the students and annexed service units. The mosque has two minarets built in the Mamluk style. 

          Its proximity to the citadel ultimately resulted in its use as a fort by enemies several times throughout its history, as it was used as a platform to launch attacks on the citadel.

          Like most Islamic monuments in Cairo, this one has also undergone several phases of reconstruction, up until the twentieth century. The mosque and madrasa are distinguished with the ornate domes, stone and plaster carved decorations, as well as the marble works of the mihrab.?  ",https://upload.wikimedia.org/wikipedia/commons/thumb/8/84/Flickr_-_archer10_%28Dennis%29_-_Egypt-13A-061_%28cropped%29.jpg/1280px-Flickr_-_archer10_%28Dennis%29_-_Egypt-13A-061_%28cropped%29.jpg
EP_001,Baron Empain Palace,historical monument and a unique Indian-inspired mansion,Cairo,30.08679386,31.33030606,"Baron Empain's palace, with its Indian style and tower, stands out in the desert landscape, distinct from the rest of the city. The palace reflects the high status of its owner and marks a major milestone in the urban landscape of Heliopolis. Baron Empain's palace is the most prominent of monuments in the capital, its unique and innovative image attracts crowds of pedestrians on the road.

It was founded by Edward Louis Joseph Empain between 1907 and 1911. He was a Belgian businessman who was awarded the title ""Baron"" by the King of Belgium on account of his economic contributions. The French architect Alexander Marcel was tasked with building this masterpiece.

The interior design of the palace consists of a basement and two floors topped by a roof. The palace is surrounded by a large garden from all sides. As for the basement, it contained a residence for the palace's servants, and consisted of a group of rooms connected by corridors

and doors. The palace building is surrounded by a spiral staircase and an elevator that connects all the palace floors with the basement.

The ground floor consists of a reception room, a dining room, and a billiard room. As for the first floor, it houses four rooms, each with its own balcony and bathroom.  Finally, the roof of the palace comes as an open space on one of the sides of the tower, characteristic of the Baron Palace.",120,All Days,from 09:00 am Last Entry 05:00 pm,Closed,from 09:00 am Last Entry 05:00 pm,Closed,from 09:00 am Last Entry 03:40 pm,Closed,There are no other days,0,0,220,110,60,30,60,30,0,0,0,0,"Free entry for children below 6 years.
  Free entry for Egyptians with special needs.
  Free entry for Egyptians above 60 years.
  Photography with mobile phone is free of charge",There is currently no inclusive ticket access,0,0,0,0,There is no event currently,0,0,0,0,Cairo,"Name: Baron Empain Palace; Category: historical monument and a unique Indian-inspired mansion; City: Cairo; Description: Baron Empain's palace, with its Indian style and tower, stands out in the desert landscape, distinct from the rest of the city. The palace reflects the high status of its owner and marks a major milestone in the urban landscape of Heliopolis. Baron Empain's palace is the most prominent of monuments in the capital, its unique and innovative image attracts crowds of pedestrians on the road.

It was founded by Edward Louis Joseph Empain between 1907 and 1911. He was a Belgian businessman who was awarded the title ""Baron"" by the King of Belgium on account of his economic contributions. The French architect Alexander Marcel was tasked with building this masterpiece.

The interior design of the palace consists of a basement and two floors topped by a roof. The palace is surrounded by a large garden from all sides. As for the basement, it contained a residence for the palace's servants, and consisted of a group of rooms connected by corridors

and doors. The palace building is surrounded by a spiral staircase and an elevator that connects all the palace floors with the basement.

The ground floor consists of a reception room, a dining room, and a billiard room. As for the first floor, it houses four rooms, each with its own balcony and bathroom.  Finally, the roof of the palace comes as an open space on one of the sides of the tower, characteristic of the Baron Palace.",https://upload.wikimedia.org/wikipedia/commons/thumb/2/23/Baron_Palace.jpg/1280px-Baron_Palace.jpg
EP_002,Baron Empain Palace Panorama,"Panorama, historical monument, and a unique Indian-inspired mansion",Cairo,30.08684951,31.3302739,"Baron Empain's palace, with its Indian style and tower, stands out in the desert landscape, distinct from the rest of the city. The palace reflects the high status of its owner and marks a major milestone in the urban landscape of Heliopolis. Baron Empain's palace is the most prominent of monuments in the capital, its unique and innovative image attracts crowds of pedestrians on the road.

It was founded by Edward Louis Joseph Empain between 1907 and 1911. He was a Belgian businessman who was awarded the title ""Baron"" by the King of Belgium on account of his economic contributions. The French architect Alexander Marcel was tasked with building this masterpiece.

The interior design of the palace consists of a basement and two floors topped by a roof. The palace is surrounded by a large garden from all sides. As for the basement, it contained a residence for the palace's servants, and consisted of a group of rooms connected by corridors

and doors. The palace building is surrounded by a spiral staircase and an elevator that connects all the palace floors with the basement.

The ground floor consists of a reception room, a dining room, and a billiard room. As for the first floor, it houses four rooms, each with its own balcony and bathroom.  Finally, the roof of the palace comes as an open space on one of the sides of the tower, characteristic of the Baron Palace.",30,All Days,from 09:00 am Last Entry 05:00 pm,Closed,from 09:00 am Last Entry 05:00 pm,Closed,from 09:00 am Last Entry 03:40 pm,Closed,There are no other days,0,0,120,120,30,30,30,30,0,0,0,0,"Free entry for children below 6 years.
  Free entry for Egyptians with special needs.
  Free entry for Egyptians above 60 years.
  Photography with mobile phone is free of charge",There is currently no inclusive ticket access,0,0,0,0,There is no event currently,0,0,0,0,Cairo,"Name: Baron Empain Palace Panorama; Category: Panorama, historical monument, and a unique Indian-inspired mansion; City: Cairo; Description: Baron Empain's palace, with its Indian style and tower, stands out in the desert landscape, distinct from the rest of the city. The palace reflects the high status of its owner and marks a major milestone in the urban landscape of Heliopolis. Baron Empain's palace is the most prominent of monuments in the capital, its unique and innovative image attracts crowds of pedestrians on the road.

It was founded by Edward Louis Joseph Empain between 1907 and 1911. He was a Belgian businessman who was awarded the title ""Baron"" by the King of Belgium on account of his economic contributions. The French architect Alexander Marcel was tasked with building this masterpiece.

The interior design of the palace consists of a basement and two floors topped by a roof. The palace is surrounded by a large garden from all sides. As for the basement, it contained a residence for the palace's servants, and consisted of a group of rooms connected by corridors

and doors. The palace building is surrounded by a spiral staircase and an elevator that connects all the palace floors with the basement.

The ground floor consists of a reception room, a dining room, and a billiard room. As for the first floor, it houses four rooms, each with its own balcony and bathroom.  Finally, the roof of the palace comes as an open space on one of the sides of the tower, characteristic of the Baron Palace.",https://upload.wikimedia.org/wikipedia/commons/thumb/1/1a/The_Baron_Palace.JPG/1280px-The_Baron_Palace.JPG
EP_003,Prince Mohamed Ali Palace,royal palace,Cairo,30.02881149,31.22987706,"The Museum of Prince Muhammad Ali’s Palace in Manial is one of the most beautiful and important historical museum in Egypt. The museum exhibits an important period in the history of modern Egypt and is characterized by its architectural design. Its modern Islamic style merges with Persian and Mamluk elements. It was also inspired by Syrian, Moroccan and Andalusian motifs, as well as Ottoman style. The building thus harmonises between a number of Islamic architectural traditions.

The palace of Prince Muhammad Ali Tawfik was established between 1319- 1348 AH/ 1900-1929 AD and consists of an outer wall that surrounds the entrance to the palace. Inside the walls is the reception area, the clock tower, the Sabil, the mosque, the hunting museum, living quarters, the throne hall, the private museum, and the golden hall, in addition to the wonderful garden surrounding the palace.",240,All Days,from 09:00 am Last Entry 04:00 pm,Closed,from 09:00 am Last Entry 04:00 pm,Closed,from 09:00 am Last Entry 03:00 pm,Closed,There are no other days,0,0,220,110,20,5,20,5,0,0,0,0,"Free entry for children below 6 years.
  Free entry for Egyptians with special needs.
  Free entry for Egyptians above 60 years.
  Photography with mobile phone is free of charge",There is currently no inclusive ticket access,0,0,0,0,There is no event currently,0,0,0,0,Cairo,"Name: Prince Mohamed Ali Palace; Category: royal palace; City: Cairo; Description: The Museum of Prince Muhammad Ali’s Palace in Manial is one of the most beautiful and important historical museum in Egypt. The museum exhibits an important period in the history of modern Egypt and is characterized by its architectural design. Its modern Islamic style merges with Persian and Mamluk elements. It was also inspired by Syrian, Moroccan and Andalusian motifs, as well as Ottoman style. The building thus harmonises between a number of Islamic architectural traditions.

The palace of Prince Muhammad Ali Tawfik was established between 1319- 1348 AH/ 1900-1929 AD and consists of an outer wall that surrounds the entrance to the palace. Inside the walls is the reception area, the clock tower, the Sabil, the mosque, the hunting museum, living quarters, the throne hall, the private museum, and the golden hall, in addition to the wonderful garden surrounding the palace.",https://media.istockphoto.com/id/535795214/photo/muhammad-alis-mosque-cairo-egypt.webp?a=1&b=1&s=612x612&w=0&k=20&c=cdEj4h_8KxD4EUy4hbARFyQz-WsdMkszV_nrsHlprLE=
EP_004,Prince Youssef Palace,"architectural complexes, historical landmarks, and museums/heritage sites",Qena,26.05004193,32.24408637,"The architectural complex of Prince Youssef Kamal (1882 - 1967 AD) in Nag Hammadi consists of several buildings inside a walled enclosure. it includes separate buildings for men (Salamlek) and women / family (Haramlek), a dining hall, a kitchen with annexes, a laundry, the pre-existing mausoleum of Sheikh Imran and its dependencies, the inspection office and residence of the overseer of Prince Youssef Kamal's estate, a fountain, and a public water dispensary (sabil). A garden of plants and ornamental trees surrounds these architectural elements.

The architectural complex reflects prevalent taste in the design of royal palaces of the Muhammad Ali Pasha dynasty. The buildings are constructed of brick masonry, with alternating bands of black and red bricks called ‘ablaq’. They contain examples of fine workmanship in the Islamic style using various materials such as wood, marble, metal, stained glass, plaster, ceramic tile, and mosaic.",180,All Days,from 08:00 am Last Entry 04:00 pm,Closed,from 08:00 am Last Entry 04:00 pm,Closed,from 08:00 am Last Entry 03:00 pm,Closed,There are no other days,0,0,100,50,10,5,10,5,0,0,0,0,"Free entry for children below 6 years.
  Free entry for Egyptians with special needs.
  Free entry for Egyptians above 60 years.
  Photography with mobile phone is free of charge",There is currently no inclusive ticket access,0,0,0,0,There is no event currently,0,0,0,0,Qena,"Name: Prince Youssef Palace; Category: architectural complexes, historical landmarks, and museums/heritage sites; City: Qena; Description: The architectural complex of Prince Youssef Kamal (1882 - 1967 AD) in Nag Hammadi consists of several buildings inside a walled enclosure. it includes separate buildings for men (Salamlek) and women / family (Haramlek), a dining hall, a kitchen with annexes, a laundry, the pre-existing mausoleum of Sheikh Imran and its dependencies, the inspection office and residence of the overseer of Prince Youssef Kamal's estate, a fountain, and a public water dispensary (sabil). A garden of plants and ornamental trees surrounds these architectural elements.

The architectural complex reflects prevalent taste in the design of royal palaces of the Muhammad Ali Pasha dynasty. The buildings are constructed of brick masonry, with alternating bands of black and red bricks called ‘ablaq’. They contain examples of fine workmanship in the Islamic style using various materials such as wood, marble, metal, stained glass, plaster, ceramic tile, and mosaic.",https://sis.gov.eg//media/221388/65851-prince-youssef-kamael-2.jpg
,,,,,,,,,,,,,,,,,,,,,,,,,,,,,,,,,,,,,,,,,
,,,,,,,,,,,,,,,,,,,,,,,,,,,,,,,,,,,,,,,,,
,,,,,,,,,,,,,,,,,,,,,,,,,,,,,,,,,,,,,,,,,
,,,,,,,,,,,,,,,,,,,,,,,,,,,,,,,,,,,,,,,,,
,,,,,,,,,,,,,,,,,,,,,,,,,,,,,,,,,,,,,,,,,
,,,,,,,,,,,,,,,,,,,,,,,,,,,,,,,,,,,,,,,,,
,,,,,,,,,,,,,,,,,,,,,,,,,,,,,,,,,,,,,,,,,
,,,,,,,,,,,,,,,,,,,,,,,,,,,,,,,,,,,,,,,,,
,,,,,,,,,,,,,,,,,,,,,,,,,,,,,,,,,,,,,,,,,
,,,,,,,,,,,,,,,,,,,,,,,,,,,,,,,,,,,,,,,,,
,,,,,,,,,,,,,,,,,,,,,,,,,,,,,,,,,,,,,,,,,
,,,,,,,,,,,,,,,,,,,,,,,,,,,,,,,,,,,,,,,,,
,,,,,,,,,,,,,,,,,,,,,,,,,,,,,,,,,,,,,,,,,
,,,,,,,,,,,,,,,,,,,,,,,,,,,,,,,,,,,,,,,,,
,,,,,,,,,,,,,,,,,,,,,,,,,,,,,,,,,,,,,,,,,
,,,,,,,,,,,,,,,,,,,,,,,,,,,,,,,,,,,,,,,,,
,,,,,,,,,,,,,,,,,,,,,,,,,,,,,,,,,,,,,,,,,
,,,,,,,,,,,,,,,,,,,,,,,,,,,,,,,,,,,,,,,,,
,,,,,,,,,,,,,,,,,,,,,,,,,,,,,,,,,,,,,,,,,
,,,,,,,,,,,,,,,,,,,,,,,,,,,,,,,,,,,,,,,,,
,,,,,,,,,,,,,,,,,,,,,,,,,,,,,,,,,,,,,,,,,
,,,,,,,,,,,,,,,,,,,,,,,,,,,,,,,,,,,,,,,,,
,,,,,,,,,,,,,,,,,,,,,,,,,,,,,,,,,,,,,,,,,
,,,,,,,,,,,,,,,,,,,,,,,,,,,,,,,,,,,,,,,,,
,,,,,,,,,,,,,,,,,,,,,,,,,,,,,,,,,,,,,,,,,
,,,,,,,,,,,,,,,,,,,,,,,,,,,,,,,,,,,,,,,,,
,,,,,,,,,,,,,,,,,,,,,,,,,,,,,,,,,,,,,,,,,
,,,,,,,,,,,,,,,,,,,,,,,,,,,,,,,,,,,,,,,,,
,,,,,,,,,,,,,,,,,,,,,,,,,,,,,,,,,,,,,,,,,
,,,,,,,,,,,,,,,,,,,,,,,,,,,,,,,,,,,,,,,,,
,,,,,,,,,,,,,,,,,,,,,,,,,,,,,,,,,,,,,,,,,
,,,,,,,,,,,,,,,,,,,,,,,,,,,,,,,,,,,,,,,,,
,,,,,,,,,,,,,,,,,,,,,,,,,,,,,,,,,,,,,,,,,
,,,,,,,,,,,,,,,,,,,,,,,,,,,,,,,,,,,,,,,,,
,,,,,,,,,,,,,,,,,,,,,,,,,,,,,,,,,,,,,,,,,
,,,,,,,,,,,,,,,,,,,,,,,,,,,,,,,,,,,,,,,,,
,,,,,,,,,,,,,,,,,,,,,,,,,,,,,,,,,,,,,,,,,
,,,,,,,,,,,,,,,,,,,,,,,,,,,,,,,,,,,,,,,,,
,,,,,,,,,,,,,,,,,,,,,,,,,,,,,,,,,,,,,,,,,
,,,,,,,,,,,,,,,,,,,,,,,,,,,,,,,,,,,,,,,,,
,,,,,,,,,,,,,,,,,,,,,,,,,,,,,,,,,,,,,,,,,
,,,,,,,,,,,,,,,,,,,,,,,,,,,,,,,,,,,,,,,,,
,,,,,,,,,,,,,,,,,,,,,,,,,,,,,,,,,,,,,,,,,
,,,,,,,,,,,,,,,,,,,,,,,,,,,,,,,,,,,,,,,,,
,,,,,,,,,,,,,,,,,,,,,,,,,,,,,,,,,,,,,,,,,
,,,,,,,,,,,,,,,,,,,,,,,,,,,,,,,,,,,,,,,,,
,,,,,,,,,,,,,,,,,,,,,,,,,,,,,,,,,,,,,,,,,
,,,,,,,,,,,,,,,,,,,,,,,,,,,,,,,,,,,,,,,,,
,,,,,,,,,,,,,,,,,,,,,,,,,,,,,,,,,,,,,,,,,
,,,,,,,,,,,,,,,,,,,,,,,,,,,,,,,,,,,,,,,,,
,,,,,,,,,,,,,,,,,,,,,,,,,,,,,,,,,,,,,,,,,
,,,,,,,,,,,,,,,,,,,,,,,,,,,,,,,,,,,,,,,,,
,,,,,,,,,,,,,,,,,,,,,,,,,,,,,,,,,,,,,,,,,
,,,,,,,,,,,,,,,,,,,,,,,,,,,,,,,,,,,,,,,,,
,,,,,,,,,,,,,,,,,,,,,,,,,,,,,,,,,,,,,,,,,
,,,,,,,,,,,,,,,,,,,,,,,,,,,,,,,,,,,,,,,,,
,,,,,,,,,,,,,,,,,,,,,,,,,,,,,,,,,,,,,,,,,
,,,,,,,,,,,,,,,,,,,,,,,,,,,,,,,,,,,,,,,,,
,,,,,,,,,,,,,,,,,,,,,,,,,,,,,,,,,,,,,,,,,
,,,,,,,,,,,,,,,,,,,,,,,,,,,,,,,,,,,,,,,,,
,,,,,,,,,,,,,,,,,,,,,,,,,,,,,,,,,,,,,,,,,
,,,,,,,,,,,,,,,,,,,,,,,,,,,,,,,,,,,,,,,,,
,,,,,,,,,,,,,,,,,,,,,,,,,,,,,,,,,,,,,,,,,
,,,,,,,,,,,,,,,,,,,,,,,,,,,,,,,,,,,,,,,,,
,,,,,,,,,,,,,,,,,,,,,,,,,,,,,,,,,,,,,,,,,
,,,,,,,,,,,,,,,,,,,,,,,,,,,,,,,,,,,,,,,,,
,,,,,,,,,,,,,,,,,,,,,,,,,,,,,,,,,,,,,,,,,
,,,,,,,,,,,,,,,,,,,,,,,,,,,,,,,,,,,,,,,,,
,,,,,,,,,,,,,,,,,,,,,,,,,,,,,,,,,,,,,,,,,
,,,,,,,,,,,,,,,,,,,,,,,,,,,,,,,,,,,,,,,,,
,,,,,,,,,,,,,,,,,,,,,,,,,,,,,,,,,,,,,,,,,
,,,,,,,,,,,,,,,,,,,,,,,,,,,,,,,,,,,,,,,,,
,,,,,,,,,,,,,,,,,,,,,,,,,,,,,,,,,,,,,,,,,
,,,,,,,,,,,,,,,,,,,,,,,,,,,,,,,,,,,,,,,,,
,,,,,,,,,,,,,,,,,,,,,,,,,,,,,,,,,,,,,,,,,
,,,,,,,,,,,,,,,,,,,,,,,,,,,,,,,,,,,,,,,,,
,,,,,,,,,,,,,,,,,,,,,,,,,,,,,,,,,,,,,,,,,
,,,,,,,,,,,,,,,,,,,,,,,,,,,,,,,,,,,,,,,,,
,,,,,,,,,,,,,,,,,,,,,,,,,,,,,,,,,,,,,,,,,
,,,,,,,,,,,,,,,,,,,,,,,,,,,,,,,,,,,,,,,,,
,,,,,,,,,,,,,,,,,,,,,,,,,,,,,,,,,,,,,,,,,
,,,,,,,,,,,,,,,,,,,,,,,,,,,,,,,,,,,,,,,,,
,,,,,,,,,,,,,,,,,,,,,,,,,,,,,,,,,,,,,,,,,
,,,,,,,,,,,,,,,,,,,,,,,,,,,,,,,,,,,,,,,,,
,,,,,,,,,,,,,,,,,,,,,,,,,,,,,,,,,,,,,,,,,
,,,,,,,,,,,,,,,,,,,,,,,,,,,,,,,,,,,,,,,,,
,,,,,,,,,,,,,,,,,,,,,,,,,,,,,,,,,,,,,,,,,
,,,,,,,,,,,,,,,,,,,,,,,,,,,,,,,,,,,,,,,,,
,,,,,,,,,,,,,,,,,,,,,,,,,,,,,,,,,,,,,,,,,
,,,,,,,,,,,,,,,,,,,,,,,,,,,,,,,,,,,,,,,,,
,,,,,,,,,,,,,,,,,,,,,,,,,,,,,,,,,,,,,,,,,
,,,,,,,,,,,,,,,,,,,,,,,,,,,,,,,,,,,,,,,,,
,,,,,,,,,,,,,,,,,,,,,,,,,,,,,,,,,,,,,,,,,
,,,,,,,,,,,,,,,,,,,,,,,,,,,,,,,,,,,,,,,,,
,,,,,,,,,,,,,,,,,,,,,,,,,,,,,,,,,,,,,,,,,
,,,,,,,,,,,,,,,,,,,,,,,,,,,,,,,,,,,,,,,,,
,,,,,,,,,,,,,,,,,,,,,,,,,,,,,,,,,,,,,,,,,
,,,,,,,,,,,,,,,,,,,,,,,,,,,,,,,,,,,,,,,,,
,,,,,,,,,,,,,,,,,,,,,,,,,,,,,,,,,,,,,,,,,
,,,,,,,,,,,,,,,,,,,,,,,,,,,,,,,,,,,,,,,,,
,,,,,,,,,,,,,,,,,,,,,,,,,,,,,,,,,,,,,,,,,
,,,,,,,,,,,,,,,,,,,,,,,,,,,,,,,,,,,,,,,,,
,,,,,,,,,,,,,,,,,,,,,,,,,,,,,,,,,,,,,,,,,
,,,,,,,,,,,,,,,,,,,,,,,,,,,,,,,,,,,,,,,,,
,,,,,,,,,,,,,,,,,,,,,,,,,,,,,,,,,,,,,,,,,
,,,,,,,,,,,,,,,,,,,,,,,,,,,,,,,,,,,,,,,,,
,,,,,,,,,,,,,,,,,,,,,,,,,,,,,,,,,,,,,,,,,
,,,,,,,,,,,,,,,,,,,,,,,,,,,,,,,,,,,,,,,,,
,,,,,,,,,,,,,,,,,,,,,,,,,,,,,,,,,,,,,,,,,
,,,,,,,,,,,,,,,,,,,,,,,,,,,,,,,,,,,,,,,,,
,,,,,,,,,,,,,,,,,,,,,,,,,,,,,,,,,,,,,,,,,
,,,,,,,,,,,,,,,,,,,,,,,,,,,,,,,,,,,,,,,,,
,,,,,,,,,,,,,,,,,,,,,,,,,,,,,,,,,,,,,,,,,
,,,,,,,,,,,,,,,,,,,,,,,,,,,,,,,,,,,,,,,,,
,,,,,,,,,,,,,,,,,,,,,,,,,,,,,,,,,,,,,,,,,
,,,,,,,,,,,,,,,,,,,,,,,,,,,,,,,,,,,,,,,,,
,,,,,,,,,,,,,,,,,,,,,,,,,,,,,,,,,,,,,,,,,
,,,,,,,,,,,,,,,,,,,,,,,,,,,,,,,,,,,,,,,,,
,,,,,,,,,,,,,,,,,,,,,,,,,,,,,,,,,,,,,,,,,
,,,,,,,,,,,,,,,,,,,,,,,,,,,,,,,,,,,,,,,,,
,,,,,,,,,,,,,,,,,,,,,,,,,,,,,,,,,,,,,,,,,
,,,,,,,,,,,,,,,,,,,,,,,,,,,,,,,,,,,,,,,,,
,,,,,,,,,,,,,,,,,,,,,,,,,,,,,,,,,,,,,,,,,
,,,,,,,,,,,,,,,,,,,,,,,,,,,,,,,,,,,,,,,,,
,,,,,,,,,,,,,,,,,,,,,,,,,,,,,,,,,,,,,,,,,
,,,,,,,,,,,,,,,,,,,,,,,,,,,,,,,,,,,,,,,,,
,,,,,,,,,,,,,,,,,,,,,,,,,,,,,,,,,,,,,,,,,
,,,,,,,,,,,,,,,,,,,,,,,,,,,,,,,,,,,,,,,,,
,,,,,,,,,,,,,,,,,,,,,,,,,,,,,,,,,,,,,,,,,
,,,,,,,,,,,,,,,,,,,,,,,,,,,,,,,,,,,,,,,,,
,,,,,,,,,,,,,,,,,,,,,,,,,,,,,,,,,,,,,,,,,
,,,,,,,,,,,,,,,,,,,,,,,,,,,,,,,,,,,,,,,,,
,,,,,,,,,,,,,,,,,,,,,,,,,,,,,,,,,,,,,,,,,
,,,,,,,,,,,,,,,,,,,,,,,,,,,,,,,,,,,,,,,,,
,,,,,,,,,,,,,,,,,,,,,,,,,,,,,,,,,,,,,,,,,
,,,,,,,,,,,,,,,,,,,,,,,,,,,,,,,,,,,,,,,,,
,,,,,,,,,,,,,,,,,,,,,,,,,,,,,,,,,,,,,,,,,
,,,,,,,,,,,,,,,,,,,,,,,,,,,,,,,,,,,,,,,,,
,,,,,,,,,,,,,,,,,,,,,,,,,,,,,,,,,,,,,,,,,
,,,,,,,,,,,,,,,,,,,,,,,,,,,,,,,,,,,,,,,,,
,,,,,,,,,,,,,,,,,,,,,,,,,,,,,,,,,,,,,,,,,
,,,,,,,,,,,,,,,,,,,,,,,,,,,,,,,,,,,,,,,,,
,,,,,,,,,,,,,,,,,,,,,,,,,,,,,,,,,,,,,,,,,
,,,,,,,,,,,,,,,,,,,,,,,,,,,,,,,,,,,,,,,,,
,,,,,,,,,,,,,,,,,,,,,,,,,,,,,,,,,,,,,,,,,
,,,,,,,,,,,,,,,,,,,,,,,,,,,,,,,,,,,,,,,,,
,,,,,,,,,,,,,,,,,,,,,,,,,,,,,,,,,,,,,,,,,
,,,,,,,,,,,,,,,,,,,,,,,,,,,,,,,,,,,,,,,,,
,,,,,,,,,,,,,,,,,,,,,,,,,,,,,,,,,,,,,,,,,
,,,,,,,,,,,,,,,,,,,,,,,,,,,,,,,,,,,,,,,,,
,,,,,,,,,,,,,,,,,,,,,,,,,,,,,,,,,,,,,,,,,
,,,,,,,,,,,,,,,,,,,,,,,,,,,,,,,,,,,,,,,,,
,,,,,,,,,,,,,,,,,,,,,,,,,,,,,,,,,,,,,,,,,
,,,,,,,,,,,,,,,,,,,,,,,,,,,,,,,,,,,,,,,,,
,,,,,,,,,,,,,,,,,,,,,,,,,,,,,,,,,,,,,,,,,
,,,,,,,,,,,,,,,,,,,,,,,,,,,,,,,,,,,,,,,,,
,,,,,,,,,,,,,,,,,,,,,,,,,,,,,,,,,,,,,,,,,
,,,,,,,,,,,,,,,,,,,,,,,,,,,,,,,,,,,,,,,,,
,,,,,,,,,,,,,,,,,,,,,,,,,,,,,,,,,,,,,,,,,
,,,,,,,,,,,,,,,,,,,,,,,,,,,,,,,,,,,,,,,,,
,,,,,,,,,,,,,,,,,,,,,,,,,,,,,,,,,,,,,,,,,
,,,,,,,,,,,,,,,,,,,,,,,,,,,,,,,,,,,,,,,,,
,,,,,,,,,,,,,,,,,,,,,,,,,,,,,,,,,,,,,,,,,
,,,,,,,,,,,,,,,,,,,,,,,,,,,,,,,,,,,,,,,,,
,,,,,,,,,,,,,,,,,,,,,,,,,,,,,,,,,,,,,,,,,
,,,,,,,,,,,,,,,,,,,,,,,,,,,,,,,,,,,,,,,,,
,,,,,,,,,,,,,,,,,,,,,,,,,,,,,,,,,,,,,,,,,
,,,,,,,,,,,,,,,,,,,,,,,,,,,,,,,,,,,,,,,,,
,,,,,,,,,,,,,,,,,,,,,,,,,,,,,,,,,,,,,,,,,
,,,,,,,,,,,,,,,,,,,,,,,,,,,,,,,,,,,,,,,,,
,,,,,,,,,,,,,,,,,,,,,,,,,,,,,,,,,,,,,,,,,
,,,,,,,,,,,,,,,,,,,,,,,,,,,,,,,,,,,,,,,,,
,,,,,,,,,,,,,,,,,,,,,,,,,,,,,,,,,,,,,,,,,
,,,,,,,,,,,,,,,,,,,,,,,,,,,,,,,,,,,,,,,,,
,,,,,,,,,,,,,,,,,,,,,,,,,,,,,,,,,,,,,,,,,
,,,,,,,,,,,,,,,,,,,,,,,,,,,,,,,,,,,,,,,,,
,,,,,,,,,,,,,,,,,,,,,,,,,,,,,,,,,,,,,,,,,
,,,,,,,,,,,,,,,,,,,,,,,,,,,,,,,,,,,,,,,,,
,,,,,,,,,,,,,,,,,,,,,,,,,,,,,,,,,,,,,,,,,
,,,,,,,,,,,,,,,,,,,,,,,,,,,,,,,,,,,,,,,,,
,,,,,,,,,,,,,,,,,,,,,,,,,,,,,,,,,,,,,,,,,
,,,,,,,,,,,,,,,,,,,,,,,,,,,,,,,,,,,,,,,,,
,,,,,,,,,,,,,,,,,,,,,,,,,,,,,,,,,,,,,,,,,
,,,,,,,,,,,,,,,,,,,,,,,,,,,,,,,,,,,,,,,,,
,,,,,,,,,,,,,,,,,,,,,,,,,,,,,,,,,,,,,,,,,
,,,,,,,,,,,,,,,,,,,,,,,,,,,,,,,,,,,,,,,,,
,,,,,,,,,,,,,,,,,,,,,,,,,,,,,,,,,,,,,,,,,
,,,,,,,,,,,,,,,,,,,,,,,,,,,,,,,,,,,,,,,,,
,,,,,,,,,,,,,,,,,,,,,,,,,,,,,,,,,,,,,,,,,
,,,,,,,,,,,,,,,,,,,,,,,,,,,,,,,,,,,,,,,,,
,,,,,,,,,,,,,,,,,,,,,,,,,,,,,,,,,,,,,,,,,
,,,,,,,,,,,,,,,,,,,,,,,,,,,,,,,,,,,,,,,,,
,,,,,,,,,,,,,,,,,,,,,,,,,,,,,,,,,,,,,,,,,
,,,,,,,,,,,,,,,,,,,,,,,,,,,,,,,,,,,,,,,,,
,,,,,,,,,,,,,,,,,,,,,,,,,,,,,,,,,,,,,,,,,
,,,,,,,,,,,,,,,,,,,,,,,,,,,,,,,,,,,,,,,,,
,,,,,,,,,,,,,,,,,,,,,,,,,,,,,,,,,,,,,,,,,
,,,,,,,,,,,,,,,,,,,,,,,,,,,,,,,,,,,,,,,,,
,,,,,,,,,,,,,,,,,,,,,,,,,,,,,,,,,,,,,,,,,
,,,,,,,,,,,,,,,,,,,,,,,,,,,,,,,,,,,,,,,,,
,,,,,,,,,,,,,,,,,,,,,,,,,,,,,,,,,,,,,,,,,
,,,,,,,,,,,,,,,,,,,,,,,,,,,,,,,,,,,,,,,,,
,,,,,,,,,,,,,,,,,,,,,,,,,,,,,,,,,,,,,,,,,
,,,,,,,,,,,,,,,,,,,,,,,,,,,,,,,,,,,,,,,,,
,,,,,,,,,,,,,,,,,,,,,,,,,,,,,,,,,,,,,,,,,
,,,,,,,,,,,,,,,,,,,,,,,,,,,,,,,,,,,,,,,,,
,,,,,,,,,,,,,,,,,,,,,,,,,,,,,,,,,,,,,,,,,
,,,,,,,,,,,,,,,,,,,,,,,,,,,,,,,,,,,,,,,,,
,,,,,,,,,,,,,,,,,,,,,,,,,,,,,,,,,,,,,,,,,
,,,,,,,,,,,,,,,,,,,,,,,,,,,,,,,,,,,,,,,,,
,,,,,,,,,,,,,,,,,,,,,,,,,,,,,,,,,,,,,,,,,
,,,,,,,,,,,,,,,,,,,,,,,,,,,,,,,,,,,,,,,,,
,,,,,,,,,,,,,,,,,,,,,,,,,,,,,,,,,,,,,,,,,
,,,,,,,,,,,,,,,,,,,,,,,,,,,,,,,,,,,,,,,,,
,,,,,,,,,,,,,,,,,,,,,,,,,,,,,,,,,,,,,,,,,
,,,,,,,,,,,,,,,,,,,,,,,,,,,,,,,,,,,,,,,,,
,,,,,,,,,,,,,,,,,,,,,,,,,,,,,,,,,,,,,,,,,
,,,,,,,,,,,,,,,,,,,,,,,,,,,,,,,,,,,,,,,,,
,,,,,,,,,,,,,,,,,,,,,,,,,,,,,,,,,,,,,,,,,
,,,,,,,,,,,,,,,,,,,,,,,,,,,,,,,,,,,,,,,,,
,,,,,,,,,,,,,,,,,,,,,,,,,,,,,,,,,,,,,,,,,
,,,,,,,,,,,,,,,,,,,,,,,,,,,,,,,,,,,,,,,,,
,,,,,,,,,,,,,,,,,,,,,,,,,,,,,,,,,,,,,,,,,
,,,,,,,,,,,,,,,,,,,,,,,,,,,,,,,,,,,,,,,,,
,,,,,,,,,,,,,,,,,,,,,,,,,,,,,,,,,,,,,,,,,
,,,,,,,,,,,,,,,,,,,,,,,,,,,,,,,,,,,,,,,,,
,,,,,,,,,,,,,,,,,,,,,,,,,,,,,,,,,,,,,,,,,
,,,,,,,,,,,,,,,,,,,,,,,,,,,,,,,,,,,,,,,,,
,,,,,,,,,,,,,,,,,,,,,,,,,,,,,,,,,,,,,,,,,
,,,,,,,,,,,,,,,,,,,,,,,,,,,,,,,,,,,,,,,,,
,,,,,,,,,,,,,,,,,,,,,,,,,,,,,,,,,,,,,,,,,
,,,,,,,,,,,,,,,,,,,,,,,,,,,,,,,,,,,,,,,,,
,,,,,,,,,,,,,,,,,,,,,,,,,,,,,,,,,,,,,,,,,
,,,,,,,,,,,,,,,,,,,,,,,,,,,,,,,,,,,,,,,,,
,,,,,,,,,,,,,,,,,,,,,,,,,,,,,,,,,,,,,,,,,
,,,,,,,,,,,,,,,,,,,,,,,,,,,,,,,,,,,,,,,,,
,,,,,,,,,,,,,,,,,,,,,,,,,,,,,,,,,,,,,,,,,
,,,,,,,,,,,,,,,,,,,,,,,,,,,,,,,,,,,,,,,,,
,,,,,,,,,,,,,,,,,,,,,,,,,,,,,,,,,,,,,,,,,
,,,,,,,,,,,,,,,,,,,,,,,,,,,,,,,,,,,,,,,,,
,,,,,,,,,,,,,,,,,,,,,,,,,,,,,,,,,,,,,,,,,
,,,,,,,,,,,,,,,,,,,,,,,,,,,,,,,,,,,,,,,,,
,,,,,,,,,,,,,,,,,,,,,,,,,,,,,,,,,,,,,,,,,
,,,,,,,,,,,,,,,,,,,,,,,,,,,,,,,,,,,,,,,,,
,,,,,,,,,,,,,,,,,,,,,,,,,,,,,,,,,,,,,,,,,
,,,,,,,,,,,,,,,,,,,,,,,,,,,,,,,,,,,,,,,,,
,,,,,,,,,,,,,,,,,,,,,,,,,,,,,,,,,,,,,,,,,
,,,,,,,,,,,,,,,,,,,,,,,,,,,,,,,,,,,,,,,,,
,,,,,,,,,,,,,,,,,,,,,,,,,,,,,,,,,,,,,,,,,
,,,,,,,,,,,,,,,,,,,,,,,,,,,,,,,,,,,,,,,,,
,,,,,,,,,,,,,,,,,,,,,,,,,,,,,,,,,,,,,,,,,
,,,,,,,,,,,,,,,,,,,,,,,,,,,,,,,,,,,,,,,,,
,,,,,,,,,,,,,,,,,,,,,,,,,,,,,,,,,,,,,,,,,
,,,,,,,,,,,,,,,,,,,,,,,,,,,,,,,,,,,,,,,,,
,,,,,,,,,,,,,,,,,,,,,,,,,,,,,,,,,,,,,,,,,
,,,,,,,,,,,,,,,,,,,,,,,,,,,,,,,,,,,,,,,,,
,,,,,,,,,,,,,,,,,,,,,,,,,,,,,,,,,,,,,,,,,
,,,,,,,,,,,,,,,,,,,,,,,,,,,,,,,,,,,,,,,,,
,,,,,,,,,,,,,,,,,,,,,,,,,,,,,,,,,,,,,,,,,
,,,,,,,,,,,,,,,,,,,,,,,,,,,,,,,,,,,,,,,,,
,,,,,,,,,,,,,,,,,,,,,,,,,,,,,,,,,,,,,,,,,
,,,,,,,,,,,,,,,,,,,,,,,,,,,,,,,,,,,,,,,,,
,,,,,,,,,,,,,,,,,,,,,,,,,,,,,,,,,,,,,,,,,
,,,,,,,,,,,,,,,,,,,,,,,,,,,,,,,,,,,,,,,,,
,,,,,,,,,,,,,,,,,,,,,,,,,,,,,,,,,,,,,,,,,
,,,,,,,,,,,,,,,,,,,,,,,,,,,,,,,,,,,,,,,,,
,,,,,,,,,,,,,,,,,,,,,,,,,,,,,,,,,,,,,,,,,
,,,,,,,,,,,,,,,,,,,,,,,,,,,,,,,,,,,,,,,,,
,,,,,,,,,,,,,,,,,,,,,,,,,,,,,,,,,,,,,,,,,
,,,,,,,,,,,,,,,,,,,,,,,,,,,,,,,,,,,,,,,,,
,,,,,,,,,,,,,,,,,,,,,,,,,,,,,,,,,,,,,,,,,
,,,,,,,,,,,,,,,,,,,,,,,,,,,,,,,,,,,,,,,,,
,,,,,,,,,,,,,,,,,,,,,,,,,,,,,,,,,,,,,,,,,
,,,,,,,,,,,,,,,,,,,,,,,,,,,,,,,,,,,,,,,,,
,,,,,,,,,,,,,,,,,,,,,,,,,,,,,,,,,,,,,,,,,
,,,,,,,,,,,,,,,,,,,,,,,,,,,,,,,,,,,,,,,,,
,,,,,,,,,,,,,,,,,,,,,,,,,,,,,,,,,,,,,,,,,
,,,,,,,,,,,,,,,,,,,,,,,,,,,,,,,,,,,,,,,,,
,,,,,,,,,,,,,,,,,,,,,,,,,,,,,,,,,,,,,,,,,
,,,,,,,,,,,,,,,,,,,,,,,,,,,,,,,,,,,,,,,,,
,,,,,,,,,,,,,,,,,,,,,,,,,,,,,,,,,,,,,,,,,
,,,,,,,,,,,,,,,,,,,,,,,,,,,,,,,,,,,,,,,,,
,,,,,,,,,,,,,,,,,,,,,,,,,,,,,,,,,,,,,,,,,
,,,,,,,,,,,,,,,,,,,,,,,,,,,,,,,,,,,,,,,,,
,,,,,,,,,,,,,,,,,,,,,,,,,,,,,,,,,,,,,,,,,
,,,,,,,,,,,,,,,,,,,,,,,,,,,,,,,,,,,,,,,,,
,,,,,,,,,,,,,,,,,,,,,,,,,,,,,,,,,,,,,,,,,
,,,,,,,,,,,,,,,,,,,,,,,,,,,,,,,,,,,,,,,,,
,,,,,,,,,,,,,,,,,,,,,,,,,,,,,,,,,,,,,,,,,
,,,,,,,,,,,,,,,,,,,,,,,,,,,,,,,,,,,,,,,,,
,,,,,,,,,,,,,,,,,,,,,,,,,,,,,,,,,,,,,,,,,
,,,,,,,,,,,,,,,,,,,,,,,,,,,,,,,,,,,,,,,,,
,,,,,,,,,,,,,,,,,,,,,,,,,,,,,,,,,,,,,,,,,
,,,,,,,,,,,,,,,,,,,,,,,,,,,,,,,,,,,,,,,,,
,,,,,,,,,,,,,,,,,,,,,,,,,,,,,,,,,,,,,,,,,
,,,,,,,,,,,,,,,,,,,,,,,,,,,,,,,,,,,,,,,,,
,,,,,,,,,,,,,,,,,,,,,,,,,,,,,,,,,,,,,,,,,
,,,,,,,,,,,,,,,,,,,,,,,,,,,,,,,,,,,,,,,,,
,,,,,,,,,,,,,,,,,,,,,,,,,,,,,,,,,,,,,,,,,
,,,,,,,,,,,,,,,,,,,,,,,,,,,,,,,,,,,,,,,,,
,,,,,,,,,,,,,,,,,,,,,,,,,,,,,,,,,,,,,,,,,
,,,,,,,,,,,,,,,,,,,,,,,,,,,,,,,,,,,,,,,,,
,,,,,,,,,,,,,,,,,,,,,,,,,,,,,,,,,,,,,,,,,
,,,,,,,,,,,,,,,,,,,,,,,,,,,,,,,,,,,,,,,,,
,,,,,,,,,,,,,,,,,,,,,,,,,,,,,,,,,,,,,,,,,
,,,,,,,,,,,,,,,,,,,,,,,,,,,,,,,,,,,,,,,,,
,,,,,,,,,,,,,,,,,,,,,,,,,,,,,,,,,,,,,,,,,
,,,,,,,,,,,,,,,,,,,,,,,,,,,,,,,,,,,,,,,,,
,,,,,,,,,,,,,,,,,,,,,,,,,,,,,,,,,,,,,,,,,
,,,,,,,,,,,,,,,,,,,,,,,,,,,,,,,,,,,,,,,,,
,,,,,,,,,,,,,,,,,,,,,,,,,,,,,,,,,,,,,,,,,
,,,,,,,,,,,,,,,,,,,,,,,,,,,,,,,,,,,,,,,,,
,,,,,,,,,,,,,,,,,,,,,,,,,,,,,,,,,,,,,,,,,
,,,,,,,,,,,,,,,,,,,,,,,,,,,,,,,,,,,,,,,,,
,,,,,,,,,,,,,,,,,,,,,,,,,,,,,,,,,,,,,,,,,
,,,,,,,,,,,,,,,,,,,,,,,,,,,,,,,,,,,,,,,,,
,,,,,,,,,,,,,,,,,,,,,,,,,,,,,,,,,,,,,,,,,
,,,,,,,,,,,,,,,,,,,,,,,,,,,,,,,,,,,,,,,,,
,,,,,,,,,,,,,,,,,,,,,,,,,,,,,,,,,,,,,,,,,
,,,,,,,,,,,,,,,,,,,,,,,,,,,,,,,,,,,,,,,,,
,,,,,,,,,,,,,,,,,,,,,,,,,,,,,,,,,,,,,,,,,
,,,,,,,,,,,,,,,,,,,,,,,,,,,,,,,,,,,,,,,,,
,,,,,,,,,,,,,,,,,,,,,,,,,,,,,,,,,,,,,,,,,
,,,,,,,,,,,,,,,,,,,,,,,,,,,,,,,,,,,,,,,,,
,,,,,,,,,,,,,,,,,,,,,,,,,,,,,,,,,,,,,,,,,
,,,,,,,,,,,,,,,,,,,,,,,,,,,,,,,,,,,,,,,,,
,,,,,,,,,,,,,,,,,,,,,,,,,,,,,,,,,,,,,,,,,
,,,,,,,,,,,,,,,,,,,,,,,,,,,,,,,,,,,,,,,,,
,,,,,,,,,,,,,,,,,,,,,,,,,,,,,,,,,,,,,,,,,
,,,,,,,,,,,,,,,,,,,,,,,,,,,,,,,,,,,,,,,,,
,,,,,,,,,,,,,,,,,,,,,,,,,,,,,,,,,,,,,,,,,
,,,,,,,,,,,,,,,,,,,,,,,,,,,,,,,,,,,,,,,,,
,,,,,,,,,,,,,,,,,,,,,,,,,,,,,,,,,,,,,,,,,
,,,,,,,,,,,,,,,,,,,,,,,,,,,,,,,,,,,,,,,,,
,,,,,,,,,,,,,,,,,,,,,,,,,,,,,,,,,,,,,,,,,
,,,,,,,,,,,,,,,,,,,,,,,,,,,,,,,,,,,,,,,,,
,,,,,,,,,,,,,,,,,,,,,,,,,,,,,,,,,,,,,,,,,
,,,,,,,,,,,,,,,,,,,,,,,,,,,,,,,,,,,,,,,,,
,,,,,,,,,,,,,,,,,,,,,,,,,,,,,,,,,,,,,,,,,
,,,,,,,,,,,,,,,,,,,,,,,,,,,,,,,,,,,,,,,,,
,,,,,,,,,,,,,,,,,,,,,,,,,,,,,,,,,,,,,,,,,
,,,,,,,,,,,,,,,,,,,,,,,,,,,,,,,,,,,,,,,,,
,,,,,,,,,,,,,,,,,,,,,,,,,,,,,,,,,,,,,,,,,
,,,,,,,,,,,,,,,,,,,,,,,,,,,,,,,,,,,,,,,,,
,,,,,,,,,,,,,,,,,,,,,,,,,,,,,,,,,,,,,,,,,
,,,,,,,,,,,,,,,,,,,,,,,,,,,,,,,,,,,,,,,,,
,,,,,,,,,,,,,,,,,,,,,,,,,,,,,,,,,,,,,,,,,
,,,,,,,,,,,,,,,,,,,,,,,,,,,,,,,,,,,,,,,,,
,,,,,,,,,,,,,,,,,,,,,,,,,,,,,,,,,,,,,,,,,
,,,,,,,,,,,,,,,,,,,,,,,,,,,,,,,,,,,,,,,,,
,,,,,,,,,,,,,,,,,,,,,,,,,,,,,,,,,,,,,,,,,
,,,,,,,,,,,,,,,,,,,,,,,,,,,,,,,,,,,,,,,,,
,,,,,,,,,,,,,,,,,,,,,,,,,,,,,,,,,,,,,,,,,
,,,,,,,,,,,,,,,,,,,,,,,,,,,,,,,,,,,,,,,,,
,,,,,,,,,,,,,,,,,,,,,,,,,,,,,,,,,,,,,,,,,
,,,,,,,,,,,,,,,,,,,,,,,,,,,,,,,,,,,,,,,,,
,,,,,,,,,,,,,,,,,,,,,,,,,,,,,,,,,,,,,,,,,
,,,,,,,,,,,,,,,,,,,,,,,,,,,,,,,,,,,,,,,,,
,,,,,,,,,,,,,,,,,,,,,,,,,,,,,,,,,,,,,,,,,
,,,,,,,,,,,,,,,,,,,,,,,,,,,,,,,,,,,,,,,,,
,,,,,,,,,,,,,,,,,,,,,,,,,,,,,,,,,,,,,,,,,
,,,,,,,,,,,,,,,,,,,,,,,,,,,,,,,,,,,,,,,,,
,,,,,,,,,,,,,,,,,,,,,,,,,,,,,,,,,,,,,,,,,
,,,,,,,,,,,,,,,,,,,,,,,,,,,,,,,,,,,,,,,,,
,,,,,,,,,,,,,,,,,,,,,,,,,,,,,,,,,,,,,,,,,
,,,,,,,,,,,,,,,,,,,,,,,,,,,,,,,,,,,,,,,,,
,,,,,,,,,,,,,,,,,,,,,,,,,,,,,,,,,,,,,,,,,
,,,,,,,,,,,,,,,,,,,,,,,,,,,,,,,,,,,,,,,,,
,,,,,,,,,,,,,,,,,,,,,,,,,,,,,,,,,,,,,,,,,
,,,,,,,,,,,,,,,,,,,,,,,,,,,,,,,,,,,,,,,,,
,,,,,,,,,,,,,,,,,,,,,,,,,,,,,,,,,,,,,,,,,
,,,,,,,,,,,,,,,,,,,,,,,,,,,,,,,,,,,,,,,,,
,,,,,,,,,,,,,,,,,,,,,,,,,,,,,,,,,,,,,,,,,
,,,,,,,,,,,,,,,,,,,,,,,,,,,,,,,,,,,,,,,,,
,,,,,,,,,,,,,,,,,,,,,,,,,,,,,,,,,,,,,,,,,
,,,,,,,,,,,,,,,,,,,,,,,,,,,,,,,,,,,,,,,,,
,,,,,,,,,,,,,,,,,,,,,,,,,,,,,,,,,,,,,,,,,
,,,,,,,,,,,,,,,,,,,,,,,,,,,,,,,,,,,,,,,,,
,,,,,,,,,,,,,,,,,,,,,,,,,,,,,,,,,,,,,,,,,
,,,,,,,,,,,,,,,,,,,,,,,,,,,,,,,,,,,,,,,,,
,,,,,,,,,,,,,,,,,,,,,,,,,,,,,,,,,,,,,,,,,
,,,,,,,,,,,,,,,,,,,,,,,,,,,,,,,,,,,,,,,,,
,,,,,,,,,,,,,,,,,,,,,,,,,,,,,,,,,,,,,,,,,
,,,,,,,,,,,,,,,,,,,,,,,,,,,,,,,,,,,,,,,,,
,,,,,,,,,,,,,,,,,,,,,,,,,,,,,,,,,,,,,,,,,
,,,,,,,,,,,,,,,,,,,,,,,,,,,,,,,,,,,,,,,,,
,,,,,,,,,,,,,,,,,,,,,,,,,,,,,,,,,,,,,,,,,
,,,,,,,,,,,,,,,,,,,,,,,,,,,,,,,,,,,,,,,,,
,,,,,,,,,,,,,,,,,,,,,,,,,,,,,,,,,,,,,,,,,
,,,,,,,,,,,,,,,,,,,,,,,,,,,,,,,,,,,,,,,,,
,,,,,,,,,,,,,,,,,,,,,,,,,,,,,,,,,,,,,,,,,
,,,,,,,,,,,,,,,,,,,,,,,,,,,,,,,,,,,,,,,,,
,,,,,,,,,,,,,,,,,,,,,,,,,,,,,,,,,,,,,,,,,
,,,,,,,,,,,,,,,,,,,,,,,,,,,,,,,,,,,,,,,,,
,,,,,,,,,,,,,,,,,,,,,,,,,,,,,,,,,,,,,,,,,
,,,,,,,,,,,,,,,,,,,,,,,,,,,,,,,,,,,,,,,,,
,,,,,,,,,,,,,,,,,,,,,,,,,,,,,,,,,,,,,,,,,
,,,,,,,,,,,,,,,,,,,,,,,,,,,,,,,,,,,,,,,,,
,,,,,,,,,,,,,,,,,,,,,,,,,,,,,,,,,,,,,,,,,
,,,,,,,,,,,,,,,,,,,,,,,,,,,,,,,,,,,,,,,,,
,,,,,,,,,,,,,,,,,,,,,,,,,,,,,,,,,,,,,,,,,
,,,,,,,,,,,,,,,,,,,,,,,,,,,,,,,,,,,,,,,,,
,,,,,,,,,,,,,,,,,,,,,,,,,,,,,,,,,,,,,,,,,
,,,,,,,,,,,,,,,,,,,,,,,,,,,,,,,,,,,,,,,,,
,,,,,,,,,,,,,,,,,,,,,,,,,,,,,,,,,,,,,,,,,
,,,,,,,,,,,,,,,,,,,,,,,,,,,,,,,,,,,,,,,,,
,,,,,,,,,,,,,,,,,,,,,,,,,,,,,,,,,,,,,,,,,
,,,,,,,,,,,,,,,,,,,,,,,,,,,,,,,,,,,,,,,,,
,,,,,,,,,,,,,,,,,,,,,,,,,,,,,,,,,,,,,,,,,
,,,,,,,,,,,,,,,,,,,,,,,,,,,,,,,,,,,,,,,,,
,,,,,,,,,,,,,,,,,,,,,,,,,,,,,,,,,,,,,,,,,
,,,,,,,,,,,,,,,,,,,,,,,,,,,,,,,,,,,,,,,,,
,,,,,,,,,,,,,,,,,,,,,,,,,,,,,,,,,,,,,,,,,
,,,,,,,,,,,,,,,,,,,,,,,,,,,,,,,,,,,,,,,,,
,,,,,,,,,,,,,,,,,,,,,,,,,,,,,,,,,,,,,,,,,
,,,,,,,,,,,,,,,,,,,,,,,,,,,,,,,,,,,,,,,,,
,,,,,,,,,,,,,,,,,,,,,,,,,,,,,,,,,,,,,,,,,
,,,,,,,,,,,,,,,,,,,,,,,,,,,,,,,,,,,,,,,,,
,,,,,,,,,,,,,,,,,,,,,,,,,,,,,,,,,,,,,,,,,
,,,,,,,,,,,,,,,,,,,,,,,,,,,,,,,,,,,,,,,,,
,,,,,,,,,,,,,,,,,,,,,,,,,,,,,,,,,,,,,,,,,
,,,,,,,,,,,,,,,,,,,,,,,,,,,,,,,,,,,,,,,,,
,,,,,,,,,,,,,,,,,,,,,,,,,,,,,,,,,,,,,,,,,
,,,,,,,,,,,,,,,,,,,,,,,,,,,,,,,,,,,,,,,,,
,,,,,,,,,,,,,,,,,,,,,,,,,,,,,,,,,,,,,,,,,
,,,,,,,,,,,,,,,,,,,,,,,,,,,,,,,,,,,,,,,,,
,,,,,,,,,,,,,,,,,,,,,,,,,,,,,,,,,,,,,,,,,
,,,,,,,,,,,,,,,,,,,,,,,,,,,,,,,,,,,,,,,,,
,,,,,,,,,,,,,,,,,,,,,,,,,,,,,,,,,,,,,,,,,
,,,,,,,,,,,,,,,,,,,,,,,,,,,,,,,,,,,,,,,,,
,,,,,,,,,,,,,,,,,,,,,,,,,,,,,,,,,,,,,,,,,
,,,,,,,,,,,,,,,,,,,,,,,,,,,,,,,,,,,,,,,,,
,,,,,,,,,,,,,,,,,,,,,,,,,,,,,,,,,,,,,,,,,
,,,,,,,,,,,,,,,,,,,,,,,,,,,,,,,,,,,,,,,,,
,,,,,,,,,,,,,,,,,,,,,,,,,,,,,,,,,,,,,,,,,
,,,,,,,,,,,,,,,,,,,,,,,,,,,,,,,,,,,,,,,,,
,,,,,,,,,,,,,,,,,,,,,,,,,,,,,,,,,,,,,,,,,
,,,,,,,,,,,,,,,,,,,,,,,,,,,,,,,,,,,,,,,,,
,,,,,,,,,,,,,,,,,,,,,,,,,,,,,,,,,,,,,,,,,
,,,,,,,,,,,,,,,,,,,,,,,,,,,,,,,,,,,,,,,,,
,,,,,,,,,,,,,,,,,,,,,,,,,,,,,,,,,,,,,,,,,
,,,,,,,,,,,,,,,,,,,,,,,,,,,,,,,,,,,,,,,,,
,,,,,,,,,,,,,,,,,,,,,,,,,,,,,,,,,,,,,,,,,
,,,,,,,,,,,,,,,,,,,,,,,,,,,,,,,,,,,,,,,,,
,,,,,,,,,,,,,,,,,,,,,,,,,,,,,,,,,,,,,,,,,
,,,,,,,,,,,,,,,,,,,,,,,,,,,,,,,,,,,,,,,,,
,,,,,,,,,,,,,,,,,,,,,,,,,,,,,,,,,,,,,,,,,
,,,,,,,,,,,,,,,,,,,,,,,,,,,,,,,,,,,,,,,,,
,,,,,,,,,,,,,,,,,,,,,,,,,,,,,,,,,,,,,,,,,
,,,,,,,,,,,,,,,,,,,,,,,,,,,,,,,,,,,,,,,,,
,,,,,,,,,,,,,,,,,,,,,,,,,,,,,,,,,,,,,,,,,
,,,,,,,,,,,,,,,,,,,,,,,,,,,,,,,,,,,,,,,,,
,,,,,,,,,,,,,,,,,,,,,,,,,,,,,,,,,,,,,,,,,
,,,,,,,,,,,,,,,,,,,,,,,,,,,,,,,,,,,,,,,,,
,,,,,,,,,,,,,,,,,,,,,,,,,,,,,,,,,,,,,,,,,
,,,,,,,,,,,,,,,,,,,,,,,,,,,,,,,,,,,,,,,,,
,,,,,,,,,,,,,,,,,,,,,,,,,,,,,,,,,,,,,,,,,
,,,,,,,,,,,,,,,,,,,,,,,,,,,,,,,,,,,,,,,,,
,,,,,,,,,,,,,,,,,,,,,,,,,,,,,,,,,,,,,,,,,
,,,,,,,,,,,,,,,,,,,,,,,,,,,,,,,,,,,,,,,,,
,,,,,,,,,,,,,,,,,,,,,,,,,,,,,,,,,,,,,,,,,
,,,,,,,,,,,,,,,,,,,,,,,,,,,,,,,,,,,,,,,,,
,,,,,,,,,,,,,,,,,,,,,,,,,,,,,,,,,,,,,,,,,
,,,,,,,,,,,,,,,,,,,,,,,,,,,,,,,,,,,,,,,,,
,,,,,,,,,,,,,,,,,,,,,,,,,,,,,,,,,,,,,,,,,
,,,,,,,,,,,,,,,,,,,,,,,,,,,,,,,,,,,,,,,,,
,,,,,,,,,,,,,,,,,,,,,,,,,,,,,,,,,,,,,,,,,
,,,,,,,,,,,,,,,,,,,,,,,,,,,,,,,,,,,,,,,,,
,,,,,,,,,,,,,,,,,,,,,,,,,,,,,,,,,,,,,,,,,
,,,,,,,,,,,,,,,,,,,,,,,,,,,,,,,,,,,,,,,,,
,,,,,,,,,,,,,,,,,,,,,,,,,,,,,,,,,,,,,,,,,
,,,,,,,,,,,,,,,,,,,,,,,,,,,,,,,,,,,,,,,,,
,,,,,,,,,,,,,,,,,,,,,,,,,,,,,,,,,,,,,,,,,
,,,,,,,,,,,,,,,,,,,,,,,,,,,,,,,,,,,,,,,,,
,,,,,,,,,,,,,,,,,,,,,,,,,,,,,,,,,,,,,,,,,
,,,,,,,,,,,,,,,,,,,,,,,,,,,,,,,,,,,,,,,,,
,,,,,,,,,,,,,,,,,,,,,,,,,,,,,,,,,,,,,,,,,
,,,,,,,,,,,,,,,,,,,,,,,,,,,,,,,,,,,,,,,,,
,,,,,,,,,,,,,,,,,,,,,,,,,,,,,,,,,,,,,,,,,
,,,,,,,,,,,,,,,,,,,,,,,,,,,,,,,,,,,,,,,,,
,,,,,,,,,,,,,,,,,,,,,,,,,,,,,,,,,,,,,,,,,
,,,,,,,,,,,,,,,,,,,,,,,,,,,,,,,,,,,,,,,,,
,,,,,,,,,,,,,,,,,,,,,,,,,,,,,,,,,,,,,,,,,
,,,,,,,,,,,,,,,,,,,,,,,,,,,,,,,,,,,,,,,,,
,,,,,,,,,,,,,,,,,,,,,,,,,,,,,,,,,,,,,,,,,
,,,,,,,,,,,,,,,,,,,,,,,,,,,,,,,,,,,,,,,,,
,,,,,,,,,,,,,,,,,,,,,,,,,,,,,,,,,,,,,,,,,
,,,,,,,,,,,,,,,,,,,,,,,,,,,,,,,,,,,,,,,,,
,,,,,,,,,,,,,,,,,,,,,,,,,,,,,,,,,,,,,,,,,
,,,,,,,,,,,,,,,,,,,,,,,,,,,,,,,,,,,,,,,,,
,,,,,,,,,,,,,,,,,,,,,,,,,,,,,,,,,,,,,,,,,
,,,,,,,,,,,,,,,,,,,,,,,,,,,,,,,,,,,,,,,,,
,,,,,,,,,,,,,,,,,,,,,,,,,,,,,,,,,,,,,,,,,
,,,,,,,,,,,,,,,,,,,,,,,,,,,,,,,,,,,,,,,,,
,,,,,,,,,,,,,,,,,,,,,,,,,,,,,,,,,,,,,,,,,
,,,,,,,,,,,,,,,,,,,,,,,,,,,,,,,,,,,,,,,,,
,,,,,,,,,,,,,,,,,,,,,,,,,,,,,,,,,,,,,,,,,
,,,,,,,,,,,,,,,,,,,,,,,,,,,,,,,,,,,,,,,,,
,,,,,,,,,,,,,,,,,,,,,,,,,,,,,,,,,,,,,,,,,
,,,,,,,,,,,,,,,,,,,,,,,,,,,,,,,,,,,,,,,,,
,,,,,,,,,,,,,,,,,,,,,,,,,,,,,,,,,,,,,,,,,
,,,,,,,,,,,,,,,,,,,,,,,,,,,,,,,,,,,,,,,,,
,,,,,,,,,,,,,,,,,,,,,,,,,,,,,,,,,,,,,,,,,
,,,,,,,,,,,,,,,,,,,,,,,,,,,,,,,,,,,,,,,,,
,,,,,,,,,,,,,,,,,,,,,,,,,,,,,,,,,,,,,,,,,
,,,,,,,,,,,,,,,,,,,,,,,,,,,,,,,,,,,,,,,,,
,,,,,,,,,,,,,,,,,,,,,,,,,,,,,,,,,,,,,,,,,
,,,,,,,,,,,,,,,,,,,,,,,,,,,,,,,,,,,,,,,,,
,,,,,,,,,,,,,,,,,,,,,,,,,,,,,,,,,,,,,,,,,
,,,,,,,,,,,,,,,,,,,,,,,,,,,,,,,,,,,,,,,,,
,,,,,,,,,,,,,,,,,,,,,,,,,,,,,,,,,,,,,,,,,
,,,,,,,,,,,,,,,,,,,,,,,,,,,,,,,,,,,,,,,,,
,,,,,,,,,,,,,,,,,,,,,,,,,,,,,,,,,,,,,,,,,
,,,,,,,,,,,,,,,,,,,,,,,,,,,,,,,,,,,,,,,,,
,,,,,,,,,,,,,,,,,,,,,,,,,,,,,,,,,,,,,,,,,
,,,,,,,,,,,,,,,,,,,,,,,,,,,,,,,,,,,,,,,,,
,,,,,,,,,,,,,,,,,,,,,,,,,,,,,,,,,,,,,,,,,
,,,,,,,,,,,,,,,,,,,,,,,,,,,,,,,,,,,,,,,,,
,,,,,,,,,,,,,,,,,,,,,,,,,,,,,,,,,,,,,,,,,
,,,,,,,,,,,,,,,,,,,,,,,,,,,,,,,,,,,,,,,,,
,,,,,,,,,,,,,,,,,,,,,,,,,,,,,,,,,,,,,,,,,
,,,,,,,,,,,,,,,,,,,,,,,,,,,,,,,,,,,,,,,,,
,,,,,,,,,,,,,,,,,,,,,,,,,,,,,,,,,,,,,,,,,
,,,,,,,,,,,,,,,,,,,,,,,,,,,,,,,,,,,,,,,,,
,,,,,,,,,,,,,,,,,,,,,,,,,,,,,,,,,,,,,,,,,
,,,,,,,,,,,,,,,,,,,,,,,,,,,,,,,,,,,,,,,,,
,,,,,,,,,,,,,,,,,,,,,,,,,,,,,,,,,,,,,,,,,
,,,,,,,,,,,,,,,,,,,,,,,,,,,,,,,,,,,,,,,,,
,,,,,,,,,,,,,,,,,,,,,,,,,,,,,,,,,,,,,,,,,
,,,,,,,,,,,,,,,,,,,,,,,,,,,,,,,,,,,,,,,,,
,,,,,,,,,,,,,,,,,,,,,,,,,,,,,,,,,,,,,,,,,
,,,,,,,,,,,,,,,,,,,,,,,,,,,,,,,,,,,,,,,,,
,,,,,,,,,,,,,,,,,,,,,,,,,,,,,,,,,,,,,,,,,
,,,,,,,,,,,,,,,,,,,,,,,,,,,,,,,,,,,,,,,,,
,,,,,,,,,,,,,,,,,,,,,,,,,,,,,,,,,,,,,,,,,
,,,,,,,,,,,,,,,,,,,,,,,,,,,,,,,,,,,,,,,,,
,,,,,,,,,,,,,,,,,,,,,,,,,,,,,,,,,,,,,,,,,
,,,,,,,,,,,,,,,,,,,,,,,,,,,,,,,,,,,,,,,,,
,,,,,,,,,,,,,,,,,,,,,,,,,,,,,,,,,,,,,,,,,
,,,,,,,,,,,,,,,,,,,,,,,,,,,,,,,,,,,,,,,,,
,,,,,,,,,,,,,,,,,,,,,,,,,,,,,,,,,,,,,,,,,
,,,,,,,,,,,,,,,,,,,,,,,,,,,,,,,,,,,,,,,,,
,,,,,,,,,,,,,,,,,,,,,,,,,,,,,,,,,,,,,,,,,
,,,,,,,,,,,,,,,,,,,,,,,,,,,,,,,,,,,,,,,,,
,,,,,,,,,,,,,,,,,,,,,,,,,,,,,,,,,,,,,,,,,
,,,,,,,,,,,,,,,,,,,,,,,,,,,,,,,,,,,,,,,,,
,,,,,,,,,,,,,,,,,,,,,,,,,,,,,,,,,,,,,,,,,
,,,,,,,,,,,,,,,,,,,,,,,,,,,,,,,,,,,,,,,,,
,,,,,,,,,,,,,,,,,,,,,,,,,,,,,,,,,,,,,,,,,
,,,,,,,,,,,,,,,,,,,,,,,,,,,,,,,,,,,,,,,,,
,,,,,,,,,,,,,,,,,,,,,,,,,,,,,,,,,,,,,,,,,
,,,,,,,,,,,,,,,,,,,,,,,,,,,,,,,,,,,,,,,,,
,,,,,,,,,,,,,,,,,,,,,,,,,,,,,,,,,,,,,,,,,
,,,,,,,,,,,,,,,,,,,,,,,,,,,,,,,,,,,,,,,,,
,,,,,,,,,,,,,,,,,,,,,,,,,,,,,,,,,,,,,,,,,
,,,,,,,,,,,,,,,,,,,,,,,,,,,,,,,,,,,,,,,,,
,,,,,,,,,,,,,,,,,,,,,,,,,,,,,,,,,,,,,,,,,
,,,,,,,,,,,,,,,,,,,,,,,,,,,,,,,,,,,,,,,,,
,,,,,,,,,,,,,,,,,,,,,,,,,,,,,,,,,,,,,,,,,
,,,,,,,,,,,,,,,,,,,,,,,,,,,,,,,,,,,,,,,,,
,,,,,,,,,,,,,,,,,,,,,,,,,,,,,,,,,,,,,,,,,
,,,,,,,,,,,,,,,,,,,,,,,,,,,,,,,,,,,,,,,,,
,,,,,,,,,,,,,,,,,,,,,,,,,,,,,,,,,,,,,,,,,
,,,,,,,,,,,,,,,,,,,,,,,,,,,,,,,,,,,,,,,,,
,,,,,,,,,,,,,,,,,,,,,,,,,,,,,,,,,,,,,,,,,
,,,,,,,,,,,,,,,,,,,,,,,,,,,,,,,,,,,,,,,,,
,,,,,,,,,,,,,,,,,,,,,,,,,,,,,,,,,,,,,,,,,
,,,,,,,,,,,,,,,,,,,,,,,,,,,,,,,,,,,,,,,,,
,,,,,,,,,,,,,,,,,,,,,,,,,,,,,,,,,,,,,,,,,
,,,,,,,,,,,,,,,,,,,,,,,,,,,,,,,,,,,,,,,,,
,,,,,,,,,,,,,,,,,,,,,,,,,,,,,,,,,,,,,,,,,
,,,,,,,,,,,,,,,,,,,,,,,,,,,,,,,,,,,,,,,,,
,,,,,,,,,,,,,,,,,,,,,,,,,,,,,,,,,,,,,,,,,
,,,,,,,,,,,,,,,,,,,,,,,,,,,,,,,,,,,,,,,,,
,,,,,,,,,,,,,,,,,,,,,,,,,,,,,,,,,,,,,,,,,
,,,,,,,,,,,,,,,,,,,,,,,,,,,,,,,,,,,,,,,,,
,,,,,,,,,,,,,,,,,,,,,,,,,,,,,,,,,,,,,,,,,
,,,,,,,,,,,,,,,,,,,,,,,,,,,,,,,,,,,,,,,,,
,,,,,,,,,,,,,,,,,,,,,,,,,,,,,,,,,,,,,,,,,
,,,,,,,,,,,,,,,,,,,,,,,,,,,,,,,,,,,,,,,,,
,,,,,,,,,,,,,,,,,,,,,,,,,,,,,,,,,,,,,,,,,
,,,,,,,,,,,,,,,,,,,,,,,,,,,,,,,,,,,,,,,,,
,,,,,,,,,,,,,,,,,,,,,,,,,,,,,,,,,,,,,,,,,
,,,,,,,,,,,,,,,,,,,,,,,,,,,,,,,,,,,,,,,,,
,,,,,,,,,,,,,,,,,,,,,,,,,,,,,,,,,,,,,,,,,
,,,,,,,,,,,,,,,,,,,,,,,,,,,,,,,,,,,,,,,,,
,,,,,,,,,,,,,,,,,,,,,,,,,,,,,,,,,,,,,,,,,
,,,,,,,,,,,,,,,,,,,,,,,,,,,,,,,,,,,,,,,,,
,,,,,,,,,,,,,,,,,,,,,,,,,,,,,,,,,,,,,,,,,
,,,,,,,,,,,,,,,,,,,,,,,,,,,,,,,,,,,,,,,,,
,,,,,,,,,,,,,,,,,,,,,,,,,,,,,,,,,,,,,,,,,
,,,,,,,,,,,,,,,,,,,,,,,,,,,,,,,,,,,,,,,,,
,,,,,,,,,,,,,,,,,,,,,,,,,,,,,,,,,,,,,,,,,
,,,,,,,,,,,,,,,,,,,,,,,,,,,,,,,,,,,,,,,,,
,,,,,,,,,,,,,,,,,,,,,,,,,,,,,,,,,,,,,,,,,
,,,,,,,,,,,,,,,,,,,,,,,,,,,,,,,,,,,,,,,,,
,,,,,,,,,,,,,,,,,,,,,,,,,,,,,,,,,,,,,,,,,
,,,,,,,,,,,,,,,,,,,,,,,,,,,,,,,,,,,,,,,,,
,,,,,,,,,,,,,,,,,,,,,,,,,,,,,,,,,,,,,,,,,
,,,,,,,,,,,,,,,,,,,,,,,,,,,,,,,,,,,,,,,,,
,,,,,,,,,,,,,,,,,,,,,,,,,,,,,,,,,,,,,,,,,
,,,,,,,,,,,,,,,,,,,,,,,,,,,,,,,,,,,,,,,,,
,,,,,,,,,,,,,,,,,,,,,,,,,,,,,,,,,,,,,,,,,
,,,,,,,,,,,,,,,,,,,,,,,,,,,,,,,,,,,,,,,,,
,,,,,,,,,,,,,,,,,,,,,,,,,,,,,,,,,,,,,,,,,
,,,,,,,,,,,,,,,,,,,,,,,,,,,,,,,,,,,,,,,,,
,,,,,,,,,,,,,,,,,,,,,,,,,,,,,,,,,,,,,,,,,
,,,,,,,,,,,,,,,,,,,,,,,,,,,,,,,,,,,,,,,,,
,,,,,,,,,,,,,,,,,,,,,,,,,,,,,,,,,,,,,,,,,
,,,,,,,,,,,,,,,,,,,,,,,,,,,,,,,,,,,,,,,,,
,,,,,,,,,,,,,,,,,,,,,,,,,,,,,,,,,,,,,,,,,
,,,,,,,,,,,,,,,,,,,,,,,,,,,,,,,,,,,,,,,,,
,,,,,,,,,,,,,,,,,,,,,,,,,,,,,,,,,,,,,,,,,
,,,,,,,,,,,,,,,,,,,,,,,,,,,,,,,,,,,,,,,,,
,,,,,,,,,,,,,,,,,,,,,,,,,,,,,,,,,,,,,,,,,
,,,,,,,,,,,,,,,,,,,,,,,,,,,,,,,,,,,,,,,,,
,,,,,,,,,,,,,,,,,,,,,,,,,,,,,,,,,,,,,,,,,
,,,,,,,,,,,,,,,,,,,,,,,,,,,,,,,,,,,,,,,,,
,,,,,,,,,,,,,,,,,,,,,,,,,,,,,,,,,,,,,,,,,
,,,,,,,,,,,,,,,,,,,,,,,,,,,,,,,,,,,,,,,,,
,,,,,,,,,,,,,,,,,,,,,,,,,,,,,,,,,,,,,,,,,
,,,,,,,,,,,,,,,,,,,,,,,,,,,,,,,,,,,,,,,,,
,,,,,,,,,,,,,,,,,,,,,,,,,,,,,,,,,,,,,,,,,
,,,,,,,,,,,,,,,,,,,,,,,,,,,,,,,,,,,,,,,,,
,,,,,,,,,,,,,,,,,,,,,,,,,,,,,,,,,,,,,,,,,
,,,,,,,,,,,,,,,,,,,,,,,,,,,,,,,,,,,,,,,,,
,,,,,,,,,,,,,,,,,,,,,,,,,,,,,,,,,,,,,,,,,
,,,,,,,,,,,,,,,,,,,,,,,,,,,,,,,,,,,,,,,,,
,,,,,,,,,,,,,,,,,,,,,,,,,,,,,,,,,,,,,,,,,
,,,,,,,,,,,,,,,,,,,,,,,,,,,,,,,,,,,,,,,,,
,,,,,,,,,,,,,,,,,,,,,,,,,,,,,,,,,,,,,,,,,
,,,,,,,,,,,,,,,,,,,,,,,,,,,,,,,,,,,,,,,,,
,,,,,,,,,,,,,,,,,,,,,,,,,,,,,,,,,,,,,,,,,
,,,,,,,,,,,,,,,,,,,,,,,,,,,,,,,,,,,,,,,,,
,,,,,,,,,,,,,,,,,,,,,,,,,,,,,,,,,,,,,,,,,
,,,,,,,,,,,,,,,,,,,,,,,,,,,,,,,,,,,,,,,,,
,,,,,,,,,,,,,,,,,,,,,,,,,,,,,,,,,,,,,,,,,
,,,,,,,,,,,,,,,,,,,,,,,,,,,,,,,,,,,,,,,,,
,,,,,,,,,,,,,,,,,,,,,,,,,,,,,,,,,,,,,,,,,
,,,,,,,,,,,,,,,,,,,,,,,,,,,,,,,,,,,,,,,,,
,,,,,,,,,,,,,,,,,,,,,,,,,,,,,,,,,,,,,,,,,
,,,,,,,,,,,,,,,,,,,,,,,,,,,,,,,,,,,,,,,,,
,,,,,,,,,,,,,,,,,,,,,,,,,,,,,,,,,,,,,,,,,
,,,,,,,,,,,,,,,,,,,,,,,,,,,,,,,,,,,,,,,,,
,,,,,,,,,,,,,,,,,,,,,,,,,,,,,,,,,,,,,,,,,
,,,,,,,,,,,,,,,,,,,,,,,,,,,,,,,,,,,,,,,,,
,,,,,,,,,,,,,,,,,,,,,,,,,,,,,,,,,,,,,,,,,
,,,,,,,,,,,,,,,,,,,,,,,,,,,,,,,,,,,,,,,,,
,,,,,,,,,,,,,,,,,,,,,,,,,,,,,,,,,,,,,,,,,
,,,,,,,,,,,,,,,,,,,,,,,,,,,,,,,,,,,,,,,,,
,,,,,,,,,,,,,,,,,,,,,,,,,,,,,,,,,,,,,,,,,
,,,,,,,,,,,,,,,,,,,,,,,,,,,,,,,,,,,,,,,,,
,,,,,,,,,,,,,,,,,,,,,,,,,,,,,,,,,,,,,,,,,
,,,,,,,,,,,,,,,,,,,,,,,,,,,,,,,,,,,,,,,,,
,,,,,,,,,,,,,,,,,,,,,,,,,,,,,,,,,,,,,,,,,
,,,,,,,,,,,,,,,,,,,,,,,,,,,,,,,,,,,,,,,,,
,,,,,,,,,,,,,,,,,,,,,,,,,,,,,,,,,,,,,,,,,
,,,,,,,,,,,,,,,,,,,,,,,,,,,,,,,,,,,,,,,,,
,,,,,,,,,,,,,,,,,,,,,,,,,,,,,,,,,,,,,,,,,
,,,,,,,,,,,,,,,,,,,,,,,,,,,,,,,,,,,,,,,,,
,,,,,,,,,,,,,,,,,,,,,,,,,,,,,,,,,,,,,,,,,
,,,,,,,,,,,,,,,,,,,,,,,,,,,,,,,,,,,,,,,,,
,,,,,,,,,,,,,,,,,,,,,,,,,,,,,,,,,,,,,,,,,
,,,,,,,,,,,,,,,,,,,,,,,,,,,,,,,,,,,,,,,,,
,,,,,,,,,,,,,,,,,,,,,,,,,,,,,,,,,,,,,,,,,
,,,,,,,,,,,,,,,,,,,,,,,,,,,,,,,,,,,,,,,,,
,,,,,,,,,,,,,,,,,,,,,,,,,,,,,,,,,,,,,,,,,
,,,,,,,,,,,,,,,,,,,,,,,,,,,,,,,,,,,,,,,,,
,,,,,,,,,,,,,,,,,,,,,,,,,,,,,,,,,,,,,,,,,
,,,,,,,,,,,,,,,,,,,,,,,,,,,,,,,,,,,,,,,,,
,,,,,,,,,,,,,,,,,,,,,,,,,,,,,,,,,,,,,,,,,
,,,,,,,,,,,,,,,,,,,,,,,,,,,,,,,,,,,,,,,,,
,,,,,,,,,,,,,,,,,,,,,,,,,,,,,,,,,,,,,,,,,
,,,,,,,,,,,,,,,,,,,,,,,,,,,,,,,,,,,,,,,,,
,,,,,,,,,,,,,,,,,,,,,,,,,,,,,,,,,,,,,,,,,
,,,,,,,,,,,,,,,,,,,,,,,,,,,,,,,,,,,,,,,,,
,,,,,,,,,,,,,,,,,,,,,,,,,,,,,,,,,,,,,,,,,
,,,,,,,,,,,,,,,,,,,,,,,,,,,,,,,,,,,,,,,,,
,,,,,,,,,,,,,,,,,,,,,,,,,,,,,,,,,,,,,,,,,
,,,,,,,,,,,,,,,,,,,,,,,,,,,,,,,,,,,,,,,,,
,,,,,,,,,,,,,,,,,,,,,,,,,,,,,,,,,,,,,,,,,
,,,,,,,,,,,,,,,,,,,,,,,,,,,,,,,,,,,,,,,,,
,,,,,,,,,,,,,,,,,,,,,,,,,,,,,,,,,,,,,,,,,
,,,,,,,,,,,,,,,,,,,,,,,,,,,,,,,,,,,,,,,,,
,,,,,,,,,,,,,,,,,,,,,,,,,,,,,,,,,,,,,,,,,
,,,,,,,,,,,,,,,,,,,,,,,,,,,,,,,,,,,,,,,,,
,,,,,,,,,,,,,,,,,,,,,,,,,,,,,,,,,,,,,,,,,
,,,,,,,,,,,,,,,,,,,,,,,,,,,,,,,,,,,,,,,,,
,,,,,,,,,,,,,,,,,,,,,,,,,,,,,,,,,,,,,,,,,
,,,,,,,,,,,,,,,,,,,,,,,,,,,,,,,,,,,,,,,,,
,,,,,,,,,,,,,,,,,,,,,,,,,,,,,,,,,,,,,,,,,
,,,,,,,,,,,,,,,,,,,,,,,,,,,,,,,,,,,,,,,,,
,,,,,,,,,,,,,,,,,,,,,,,,,,,,,,,,,,,,,,,,,
,,,,,,,,,,,,,,,,,,,,,,,,,,,,,,,,,,,,,,,,,
,,,,,,,,,,,,,,,,,,,,,,,,,,,,,,,,,,,,,,,,,
,,,,,,,,,,,,,,,,,,,,,,,,,,,,,,,,,,,,,,,,,
,,,,,,,,,,,,,,,,,,,,,,,,,,,,,,,,,,,,,,,,,
,,,,,,,,,,,,,,,,,,,,,,,,,,,,,,,,,,,,,,,,,
,,,,,,,,,,,,,,,,,,,,,,,,,,,,,,,,,,,,,,,,,
,,,,,,,,,,,,,,,,,,,,,,,,,,,,,,,,,,,,,,,,,
,,,,,,,,,,,,,,,,,,,,,,,,,,,,,,,,,,,,,,,,,
,,,,,,,,,,,,,,,,,,,,,,,,,,,,,,,,,,,,,,,,,
,,,,,,,,,,,,,,,,,,,,,,,,,,,,,,,,,,,,,,,,,
,,,,,,,,,,,,,,,,,,,,,,,,,,,,,,,,,,,,,,,,,
,,,,,,,,,,,,,,,,,,,,,,,,,,,,,,,,,,,,,,,,,
,,,,,,,,,,,,,,,,,,,,,,,,,,,,,,,,,,,,,,,,,
,,,,,,,,,,,,,,,,,,,,,,,,,,,,,,,,,,,,,,,,,
,,,,,,,,,,,,,,,,,,,,,,,,,,,,,,,,,,,,,,,,,
,,,,,,,,,,,,,,,,,,,,,,,,,,,,,,,,,,,,,,,,,
,,,,,,,,,,,,,,,,,,,,,,,,,,,,,,,,,,,,,,,,,
,,,,,,,,,,,,,,,,,,,,,,,,,,,,,,,,,,,,,,,,,
,,,,,,,,,,,,,,,,,,,,,,,,,,,,,,,,,,,,,,,,,
,,,,,,,,,,,,,,,,,,,,,,,,,,,,,,,,,,,,,,,,,
,,,,,,,,,,,,,,,,,,,,,,,,,,,,,,,,,,,,,,,,,
,,,,,,,,,,,,,,,,,,,,,,,,,,,,,,,,,,,,,,,,,
,,,,,,,,,,,,,,,,,,,,,,,,,,,,,,,,,,,,,,,,,
,,,,,,,,,,,,,,,,,,,,,,,,,,,,,,,,,,,,,,,,,
,,,,,,,,,,,,,,,,,,,,,,,,,,,,,,,,,,,,,,,,,
,,,,,,,,,,,,,,,,,,,,,,,,,,,,,,,,,,,,,,,,,
,,,,,,,,,,,,,,,,,,,,,,,,,,,,,,,,,,,,,,,,,
,,,,,,,,,,,,,,,,,,,,,,,,,,,,,,,,,,,,,,,,,
,,,,,,,,,,,,,,,,,,,,,,,,,,,,,,,,,,,,,,,,,
,,,,,,,,,,,,,,,,,,,,,,,,,,,,,,,,,,,,,,,,,
,,,,,,,,,,,,,,,,,,,,,,,,,,,,,,,,,,,,,,,,,
,,,,,,,,,,,,,,,,,,,,,,,,,,,,,,,,,,,,,,,,,
,,,,,,,,,,,,,,,,,,,,,,,,,,,,,,,,,,,,,,,,,
,,,,,,,,,,,,,,,,,,,,,,,,,,,,,,,,,,,,,,,,,
,,,,,,,,,,,,,,,,,,,,,,,,,,,,,,,,,,,,,,,,,
,,,,,,,,,,,,,,,,,,,,,,,,,,,,,,,,,,,,,,,,,
,,,,,,,,,,,,,,,,,,,,,,,,,,,,,,,,,,,,,,,,,
,,,,,,,,,,,,,,,,,,,,,,,,,,,,,,,,,,,,,,,,,
,,,,,,,,,,,,,,,,,,,,,,,,,,,,,,,,,,,,,,,,,
,,,,,,,,,,,,,,,,,,,,,,,,,,,,,,,,,,,,,,,,,
,,,,,,,,,,,,,,,,,,,,,,,,,,,,,,,,,,,,,,,,,
,,,,,,,,,,,,,,,,,,,,,,,,,,,,,,,,,,,,,,,,,
,,,,,,,,,,,,,,,,,,,,,,,,,,,,,,,,,,,,,,,,,
,,,,,,,,,,,,,,,,,,,,,,,,,,,,,,,,,,,,,,,,,
,,,,,,,,,,,,,,,,,,,,,,,,,,,,,,,,,,,,,,,,,
,,,,,,,,,,,,,,,,,,,,,,,,,,,,,,,,,,,,,,,,,
,,,,,,,,,,,,,,,,,,,,,,,,,,,,,,,,,,,,,,,,,
,,,,,,,,,,,,,,,,,,,,,,,,,,,,,,,,,,,,,,,,,
,,,,,,,,,,,,,,,,,,,,,,,,,,,,,,,,,,,,,,,,,
,,,,,,,,,,,,,,,,,,,,,,,,,,,,,,,,,,,,,,,,,
,,,,,,,,,,,,,,,,,,,,,,,,,,,,,,,,,,,,,,,,,
,,,,,,,,,,,,,,,,,,,,,,,,,,,,,,,,,,,,,,,,,
,,,,,,,,,,,,,,,,,,,,,,,,,,,,,,,,,,,,,,,,,
,,,,,,,,,,,,,,,,,,,,,,,,,,,,,,,,,,,,,,,,,
,,,,,,,,,,,,,,,,,,,,,,,,,,,,,,,,,,,,,,,,,
,,,,,,,,,,,,,,,,,,,,,,,,,,,,,,,,,,,,,,,,,
,,,,,,,,,,,,,,,,,,,,,,,,,,,,,,,,,,,,,,,,,
,,,,,,,,,,,,,,,,,,,,,,,,,,,,,,,,,,,,,,,,,
,,,,,,,,,,,,,,,,,,,,,,,,,,,,,,,,,,,,,,,,,
,,,,,,,,,,,,,,,,,,,,,,,,,,,,,,,,,,,,,,,,,
,,,,,,,,,,,,,,,,,,,,,,,,,,,,,,,,,,,,,,,,,
,,,,,,,,,,,,,,,,,,,,,,,,,,,,,,,,,,,,,,,,,
,,,,,,,,,,,,,,,,,,,,,,,,,,,,,,,,,,,,,,,,,
,,,,,,,,,,,,,,,,,,,,,,,,,,,,,,,,,,,,,,,,,
,,,,,,,,,,,,,,,,,,,,,,,,,,,,,,,,,,,,,,,,,
,,,,,,,,,,,,,,,,,,,,,,,,,,,,,,,,,,,,,,,,,
,,,,,,,,,,,,,,,,,,,,,,,,,,,,,,,,,,,,,,,,,
,,,,,,,,,,,,,,,,,,,,,,,,,,,,,,,,,,,,,,,,,
,,,,,,,,,,,,,,,,,,,,,,,,,,,,,,,,,,,,,,,,,
,,,,,,,,,,,,,,,,,,,,,,,,,,,,,,,,,,,,,,,,,
,,,,,,,,,,,,,,,,,,,,,,,,,,,,,,,,,,,,,,,,,
,,,,,,,,,,,,,,,,,,,,,,,,,,,,,,,,,,,,,,,,,
,,,,,,,,,,,,,,,,,,,,,,,,,,,,,,,,,,,,,,,,,
,,,,,,,,,,,,,,,,,,,,,,,,,,,,,,,,,,,,,,,,,
,,,,,,,,,,,,,,,,,,,,,,,,,,,,,,,,,,,,,,,,,
,,,,,,,,,,,,,,,,,,,,,,,,,,,,,,,,,,,,,,,,,
,,,,,,,,,,,,,,,,,,,,,,,,,,,,,,,,,,,,,,,,,
,,,,,,,,,,,,,,,,,,,,,,,,,,,,,,,,,,,,,,,,,
,,,,,,,,,,,,,,,,,,,,,,,,,,,,,,,,,,,,,,,,,
,,,,,,,,,,,,,,,,,,,,,,,,,,,,,,,,,,,,,,,,,
,,,,,,,,,,,,,,,,,,,,,,,,,,,,,,,,,,,,,,,,,
,,,,,,,,,,,,,,,,,,,,,,,,,,,,,,,,,,,,,,,,,
,,,,,,,,,,,,,,,,,,,,,,,,,,,,,,,,,,,,,,,,,
,,,,,,,,,,,,,,,,,,,,,,,,,,,,,,,,,,,,,,,,,
,,,,,,,,,,,,,,,,,,,,,,,,,,,,,,,,,,,,,,,,,
,,,,,,,,,,,,,,,,,,,,,,,,,,,,,,,,,,,,,,,,,
,,,,,,,,,,,,,,,,,,,,,,,,,,,,,,,,,,,,,,,,,
,,,,,,,,,,,,,,,,,,,,,,,,,,,,,,,,,,,,,,,,,
,,,,,,,,,,,,,,,,,,,,,,,,,,,,,,,,,,,,,,,,,
,,,,,,,,,,,,,,,,,,,,,,,,,,,,,,,,,,,,,,,,,
,,,,,,,,,,,,,,,,,,,,,,,,,,,,,,,,,,,,,,,,,
,,,,,,,,,,,,,,,,,,,,,,,,,,,,,,,,,,,,,,,,,
,,,,,,,,,,,,,,,,,,,,,,,,,,,,,,,,,,,,,,,,,
,,,,,,,,,,,,,,,,,,,,,,,,,,,,,,,,,,,,,,,,,
,,,,,,,,,,,,,,,,,,,,,,,,,,,,,,,,,,,,,,,,,
,,,,,,,,,,,,,,,,,,,,,,,,,,,,,,,,,,,,,,,,,
,,,,,,,,,,,,,,,,,,,,,,,,,,,,,,,,,,,,,,,,,
,,,,,,,,,,,,,,,,,,,,,,,,,,,,,,,,,,,,,,,,,
,,,,,,,,,,,,,,,,,,,,,,,,,,,,,,,,,,,,,,,,,
,,,,,,,,,,,,,,,,,,,,,,,,,,,,,,,,,,,,,,,,,
,,,,,,,,,,,,,,,,,,,,,,,,,,,,,,,,,,,,,,,,,
,,,,,,,,,,,,,,,,,,,,,,,,,,,,,,,,,,,,,,,,,
,,,,,,,,,,,,,,,,,,,,,,,,,,,,,,,,,,,,,,,,,
,,,,,,,,,,,,,,,,,,,,,,,,,,,,,,,,,,,,,,,,,
,,,,,,,,,,,,,,,,,,,,,,,,,,,,,,,,,,,,,,,,,
,,,,,,,,,,,,,,,,,,,,,,,,,,,,,,,,,,,,,,,,,
,,,,,,,,,,,,,,,,,,,,,,,,,,,,,,,,,,,,,,,,,
,,,,,,,,,,,,,,,,,,,,,,,,,,,,,,,,,,,,,,,,,
,,,,,,,,,,,,,,,,,,,,,,,,,,,,,,,,,,,,,,,,,
,,,,,,,,,,,,,,,,,,,,,,,,,,,,,,,,,,,,,,,,,
,,,,,,,,,,,,,,,,,,,,,,,,,,,,,,,,,,,,,,,,,
,,,,,,,,,,,,,,,,,,,,,,,,,,,,,,,,,,,,,,,,,
,,,,,,,,,,,,,,,,,,,,,,,,,,,,,,,,,,,,,,,,,
,,,,,,,,,,,,,,,,,,,,,,,,,,,,,,,,,,,,,,,,,
,,,,,,,,,,,,,,,,,,,,,,,,,,,,,,,,,,,,,,,,,
,,,,,,,,,,,,,,,,,,,,,,,,,,,,,,,,,,,,,,,,,
,,,,,,,,,,,,,,,,,,,,,,,,,,,,,,,,,,,,,,,,,
,,,,,,,,,,,,,,,,,,,,,,,,,,,,,,,,,,,,,,,,,
,,,,,,,,,,,,,,,,,,,,,,,,,,,,,,,,,,,,,,,,,
,,,,,,,,,,,,,,,,,,,,,,,,,,,,,,,,,,,,,,,,,
,,,,,,,,,,,,,,,,,,,,,,,,,,,,,,,,,,,,,,,,,
,,,,,,,,,,,,,,,,,,,,,,,,,,,,,,,,,,,,,,,,,
,,,,,,,,,,,,,,,,,,,,,,,,,,,,,,,,,,,,,,,,,
,,,,,,,,,,,,,,,,,,,,,,,,,,,,,,,,,,,,,,,,,
,,,,,,,,,,,,,,,,,,,,,,,,,,,,,,,,,,,,,,,,,
,,,,,,,,,,,,,,,,,,,,,,,,,,,,,,,,,,,,,,,,,
,,,,,,,,,,,,,,,,,,,,,,,,,,,,,,,,,,,,,,,,,
,,,,,,,,,,,,,,,,,,,,,,,,,,,,,,,,,,,,,,,,,
,,,,,,,,,,,,,,,,,,,,,,,,,,,,,,,,,,,,,,,,,
,,,,,,,,,,,,,,,,,,,,,,,,,,,,,,,,,,,,,,,,,
,,,,,,,,,,,,,,,,,,,,,,,,,,,,,,,,,,,,,,,,,
,,,,,,,,,,,,,,,,,,,,,,,,,,,,,,,,,,,,,,,,,
,,,,,,,,,,,,,,,,,,,,,,,,,,,,,,,,,,,,,,,,,
,,,,,,,,,,,,,,,,,,,,,,,,,,,,,,,,,,,,,,,,,
,,,,,,,,,,,,,,,,,,,,,,,,,,,,,,,,,,,,,,,,,
,,,,,,,,,,,,,,,,,,,,,,,,,,,,,,,,,,,,,,,,,
,,,,,,,,,,,,,,,,,,,,,,,,,,,,,,,,,,,,,,,,,
,,,,,,,,,,,,,,,,,,,,,,,,,,,,,,,,,,,,,,,,,
,,,,,,,,,,,,,,,,,,,,,,,,,,,,,,,,,,,,,,,,,
,,,,,,,,,,,,,,,,,,,,,,,,,,,,,,,,,,,,,,,,,
,,,,,,,,,,,,,,,,,,,,,,,,,,,,,,,,,,,,,,,,,
,,,,,,,,,,,,,,,,,,,,,,,,,,,,,,,,,,,,,,,,,
,,,,,,,,,,,,,,,,,,,,,,,,,,,,,,,,,,,,,,,,,
,,,,,,,,,,,,,,,,,,,,,,,,,,,,,,,,,,,,,,,,,
,,,,,,,,,,,,,,,,,,,,,,,,,,,,,,,,,,,,,,,,,
,,,,,,,,,,,,,,,,,,,,,,,,,,,,,,,,,,,,,,,,,
,,,,,,,,,,,,,,,,,,,,,,,,,,,,,,,,,,,,,,,,,
,,,,,,,,,,,,,,,,,,,,,,,,,,,,,,,,,,,,,,,,,
,,,,,,,,,,,,,,,,,,,,,,,,,,,,,,,,,,,,,,,,,
,,,,,,,,,,,,,,,,,,,,,,,,,,,,,,,,,,,,,,,,,
,,,,,,,,,,,,,,,,,,,,,,,,,,,,,,,,,,,,,,,,,
,,,,,,,,,,,,,,,,,,,,,,,,,,,,,,,,,,,,,,,,,
,,,,,,,,,,,,,,,,,,,,,,,,,,,,,,,,,,,,,,,,,
,,,,,,,,,,,,,,,,,,,,,,,,,,,,,,,,,,,,,,,,,
,,,,,,,,,,,,,,,,,,,,,,,,,,,,,,,,,,,,,,,,,
,,,,,,,,,,,,,,,,,,,,,,,,,,,,,,,,,,,,,,,,,
,,,,,,,,,,,,,,,,,,,,,,,,,,,,,,,,,,,,,,,,,
,,,,,,,,,,,,,,,,,,,,,,,,,,,,,,,,,,,,,,,,,
,,,,,,,,,,,,,,,,,,,,,,,,,,,,,,,,,,,,,,,,,
,,,,,,,,,,,,,,,,,,,,,,,,,,,,,,,,,,,,,,,,,
,,,,,,,,,,,,,,,,,,,,,,,,,,,,,,,,,,,,,,,,,
,,,,,,,,,,,,,,,,,,,,,,,,,,,,,,,,,,,,,,,,,
,,,,,,,,,,,,,,,,,,,,,,,,,,,,,,,,,,,,,,,,,
,,,,,,,,,,,,,,,,,,,,,,,,,,,,,,,,,,,,,,,,,
,,,,,,,,,,,,,,,,,,,,,,,,,,,,,,,,,,,,,,,,,
,,,,,,,,,,,,,,,,,,,,,,,,,,,,,,,,,,,,,,,,,
,,,,,,,,,,,,,,,,,,,,,,,,,,,,,,,,,,,,,,,,,
,,,,,,,,,,,,,,,,,,,,,,,,,,,,,,,,,,,,,,,,,
,,,,,,,,,,,,,,,,,,,,,,,,,,,,,,,,,,,,,,,,,
,,,,,,,,,,,,,,,,,,,,,,,,,,,,,,,,,,,,,,,,,
,,,,,,,,,,,,,,,,,,,,,,,,,,,,,,,,,,,,,,,,,
,,,,,,,,,,,,,,,,,,,,,,,,,,,,,,,,,,,,,,,,,
,,,,,,,,,,,,,,,,,,,,,,,,,,,,,,,,,,,,,,,,,
,,,,,,,,,,,,,,,,,,,,,,,,,,,,,,,,,,,,,,,,,
,,,,,,,,,,,,,,,,,,,,,,,,,,,,,,,,,,,,,,,,,
,,,,,,,,,,,,,,,,,,,,,,,,,,,,,,,,,,,,,,,,,
,,,,,,,,,,,,,,,,,,,,,,,,,,,,,,,,,,,,,,,,,
,,,,,,,,,,,,,,,,,,,,,,,,,,,,,,,,,,,,,,,,,
,,,,,,,,,,,,,,,,,,,,,,,,,,,,,,,,,,,,,,,,,
,,,,,,,,,,,,,,,,,,,,,,,,,,,,,,,,,,,,,,,,,
,,,,,,,,,,,,,,,,,,,,,,,,,,,,,,,,,,,,,,,,,
,,,,,,,,,,,,,,,,,,,,,,,,,,,,,,,,,,,,,,,,,
,,,,,,,,,,,,,,,,,,,,,,,,,,,,,,,,,,,,,,,,,
,,,,,,,,,,,,,,,,,,,,,,,,,,,,,,,,,,,,,,,,,
,,,,,,,,,,,,,,,,,,,,,,,,,,,,,,,,,,,,,,,,,
,,,,,,,,,,,,,,,,,,,,,,,,,,,,,,,,,,,,,,,,,
